INSERT INTO t_product (pdt_id, pdt_price) VALUES ('12', 4.5);
INSERT INTO t_product_language (pdt_id, pdl_label) VALUES ('12', 'SALADE AUX CREVETTES');
INSERT INTO t_product (pdt_id, pdt_price) VALUES ('R', 0.0);
INSERT INTO t_product_language (pdt_id, pdl_label) VALUES ('R', '....REPAS COMPLET');
INSERT INTO t_product (pdt_id, pdt_price) VALUES ('10', 5.5);
INSERT INTO t_product_language (pdt_id, pdl_label) VALUES ('10', 'SOUPE TONKINOISE (PHO)');
INSERT INTO t_product (pdt_id, pdt_price) VALUES ('9', 5.5);
INSERT INTO t_product_language (pdt_id, pdl_label) VALUES ('9', 'SOUPE PHNOM-PENH SPECIALE');
INSERT INTO t_product (pdt_id, pdt_price) VALUES ('8', 3.0);
INSERT INTO t_product_language (pdt_id, pdl_label) VALUES ('8', 'SOUPE AUX VERMICELLES CHINOIS ET AU POULET');
INSERT INTO t_product (pdt_id, pdt_price) VALUES ('7', 3.0);
INSERT INTO t_product_language (pdt_id, pdl_label) VALUES ('7', 'SOUPE AUX NOUILLES ET AU POULET');
INSERT INTO t_product (pdt_id, pdt_price) VALUES ('6', 7.0);
INSERT INTO t_product_language (pdt_id, pdl_label) VALUES ('6', 'SOUPE DE NOUILLES AUX RAVIOLIS CHINOIS');
INSERT INTO t_product (pdt_id, pdt_price) VALUES ('5', 4.5);
INSERT INTO t_product_language (pdt_id, pdl_label) VALUES ('5', 'POTAGE PIQUANT PEKINOIS');
INSERT INTO t_product (pdt_id, pdt_price) VALUES ('4', 4.5);
INSERT INTO t_product_language (pdt_id, pdl_label) VALUES ('4', 'POTAGE ASPERGES AU CRABE');
INSERT INTO t_product (pdt_id, pdt_price) VALUES ('2', 7.0);
INSERT INTO t_product_language (pdt_id, pdl_label) VALUES ('2', 'POTAGE AUX AILERONS DE REQUINS');
INSERT INTO t_product (pdt_id, pdt_price) VALUES ('3', 4.0);
INSERT INTO t_product_language (pdt_id, pdl_label) VALUES ('3', 'POTAGE AU TOFOU ET AU BOEUF');
INSERT INTO t_product (pdt_id, pdt_price) VALUES ('97', 7.5);
INSERT INTO t_product_language (pdt_id, pdl_label) VALUES ('97', 'CAILLE A LA SAUCE CITRON');
INSERT INTO t_product (pdt_id, pdt_price) VALUES ('96', 11.5);
INSERT INTO t_product_language (pdt_id, pdl_label) VALUES ('96', 'GAMBAS GRILLEES AU POIVRE');
INSERT INTO t_product (pdt_id, pdt_price) VALUES ('95', 11.5);
INSERT INTO t_product_language (pdt_id, pdl_label) VALUES ('95', 'NOUILLES AUX CREVETTES SUR PLAQUE CHAUFFANTE');
INSERT INTO t_product (pdt_id, pdt_price) VALUES ('94', 11.5);
INSERT INTO t_product_language (pdt_id, pdl_label) VALUES ('94', 'CREVETTES SUR PLAQUE CHAUFFANTE');
INSERT INTO t_product (pdt_id, pdt_price) VALUES ('93', 11.5);
INSERT INTO t_product_language (pdt_id, pdl_label) VALUES ('93', 'COQUILLES SAINT-JACQUES SUR PLAQUE CHAUFFANTE');
INSERT INTO t_product (pdt_id, pdt_price) VALUES ('92', 11.0);
INSERT INTO t_product_language (pdt_id, pdl_label) VALUES ('92', 'BOEUF AU SATE SUR PLAQUE CHAUFFANTEO');
INSERT INTO t_product (pdt_id, pdt_price) VALUES ('91', 12.0);
INSERT INTO t_product_language (pdt_id, pdl_label) VALUES ('91', 'FRUITS DE MER A LIMPERIALE SUR PLAQUE CHAU');
INSERT INTO t_product (pdt_id, pdt_price) VALUES ('90', 10.5);
INSERT INTO t_product_language (pdt_id, pdl_label) VALUES ('90', 'GIGOT AU POIVRE SUR PLAQUE CHAUFFANTE');
INSERT INTO t_product (pdt_id, pdt_price) VALUES ('89', 10.5);
INSERT INTO t_product_language (pdt_id, pdl_label) VALUES ('89', 'GIGOT THA? SUR PLAQUE CHAUFFANTE ??Nouveaut?');
INSERT INTO t_product (pdt_id, pdt_price) VALUES ('88', 11.0);
INSERT INTO t_product_language (pdt_id, pdl_label) VALUES ('88', 'BOEUF AU POIVRE SUR PLAQUE CHAUFFANTE');
INSERT INTO t_product (pdt_id, pdt_price) VALUES ('87', 12.0);
INSERT INTO t_product_language (pdt_id, pdl_label) VALUES ('87', 'FRUITS DE MER AU SATE SUR PLAQUE CHAUFFANTE');
INSERT INTO t_product (pdt_id, pdt_price) VALUES ('86', 9.5);
INSERT INTO t_product_language (pdt_id, pdl_label) VALUES ('86', 'BOEUF LOC-LAC??NOUVEAUT');
INSERT INTO t_product (pdt_id, pdt_price) VALUES ('85', 9.0);
INSERT INTO t_product_language (pdt_id, pdl_label) VALUES ('85', 'CANARD PEKINOIS AU CINQ PARFUM');
INSERT INTO t_product (pdt_id, pdt_price) VALUES ('77', 4.0);
INSERT INTO t_product_language (pdt_id, pdl_label) VALUES ('77', 'BROCOLIS SAUTES NATURES');
INSERT INTO t_product (pdt_id, pdt_price) VALUES ('76', 3.5);
INSERT INTO t_product_language (pdt_id, pdl_label) VALUES ('76', 'RIZ SAUTE AU POULET');
INSERT INTO t_product (pdt_id, pdt_price) VALUES ('75', 5.0);
INSERT INTO t_product_language (pdt_id, pdl_label) VALUES ('75', 'NOUILLES SAUTEES NATURES');
INSERT INTO t_product (pdt_id, pdt_price) VALUES ('74', 7.5);
INSERT INTO t_product_language (pdt_id, pdl_label) VALUES ('74', 'RIZ COCOTTE DU CHEF');
INSERT INTO t_product (pdt_id, pdt_price) VALUES ('73', 2.0);
INSERT INTO t_product_language (pdt_id, pdl_label) VALUES ('73', 'RIZ NATURE');
INSERT INTO t_product (pdt_id, pdt_price) VALUES ('72', 3.5);
INSERT INTO t_product_language (pdt_id, pdl_label) VALUES ('72', 'RIZ CANTONAIS');
INSERT INTO t_product (pdt_id, pdt_price) VALUES ('71', 6.0);
INSERT INTO t_product_language (pdt_id, pdl_label) VALUES ('71', 'NOUILLES SAUTEES AU BOEUF');
INSERT INTO t_product (pdt_id, pdt_price) VALUES ('70', 6.0);
INSERT INTO t_product_language (pdt_id, pdl_label) VALUES ('70', 'NOUILLES SAUTEES AU PORC');
INSERT INTO t_product (pdt_id, pdt_price) VALUES ('69', 6.0);
INSERT INTO t_product_language (pdt_id, pdl_label) VALUES ('69', 'NOUILLES SAUTEES AU POULET');
INSERT INTO t_product (pdt_id, pdt_price) VALUES ('68', 3.5);
INSERT INTO t_product_language (pdt_id, pdl_label) VALUES ('68', 'LEGUMES CHOP-SUEY');
INSERT INTO t_product (pdt_id, pdt_price) VALUES ('67', 3.0);
INSERT INTO t_product_language (pdt_id, pdl_label) VALUES ('67', 'GERMES DE SOJA SAUTES NATURE');
INSERT INTO t_product (pdt_id, pdt_price) VALUES ('66', 3.5);
INSERT INTO t_product_language (pdt_id, pdl_label) VALUES ('66', 'CHAMPIGNONS NOIRS SAUTES NATURE');
INSERT INTO t_product (pdt_id, pdt_price) VALUES ('65', 7.0);
INSERT INTO t_product_language (pdt_id, pdl_label) VALUES ('65', 'BOEUF AUX CHAMPIGNONS NOIRS');
INSERT INTO t_product (pdt_id, pdt_price) VALUES ('64', 7.0);
INSERT INTO t_product_language (pdt_id, pdl_label) VALUES ('64', 'BOEUF AUX POUSSES DE BAMBOU ET AUX CHAMPIGNONS');
INSERT INTO t_product (pdt_id, pdt_price) VALUES ('62', 7.0);
INSERT INTO t_product_language (pdt_id, pdl_label) VALUES ('62', 'BOEUF SAUCE PIQUANTE');
INSERT INTO t_product (pdt_id, pdt_price) VALUES ('61', 7.0);
INSERT INTO t_product_language (pdt_id, pdl_label) VALUES ('61', 'BOEUF SAUTE AUX BROCOLIS');
INSERT INTO t_product (pdt_id, pdt_price) VALUES ('60', 7.0);
INSERT INTO t_product_language (pdt_id, pdl_label) VALUES ('60', 'BOEUF AU CURRY');
INSERT INTO t_product (pdt_id, pdt_price) VALUES ('59', 7.0);
INSERT INTO t_product_language (pdt_id, pdl_label) VALUES ('59', 'BOEUF AUX GERMES DE SOJA');
INSERT INTO t_product (pdt_id, pdt_price) VALUES ('58', 7.0);
INSERT INTO t_product_language (pdt_id, pdl_label) VALUES ('58', 'BOEUF AUX POIVRONS');
INSERT INTO t_product (pdt_id, pdt_price) VALUES ('57', 7.0);
INSERT INTO t_product_language (pdt_id, pdl_label) VALUES ('57', 'BOEUF AUX OIGNONS');
INSERT INTO t_product (pdt_id, pdt_price) VALUES ('56', 7.0);
INSERT INTO t_product_language (pdt_id, pdl_label) VALUES ('56', 'BOEUF AUX TOMATES');
INSERT INTO t_product (pdt_id, pdt_price) VALUES ('55', 6.0);
INSERT INTO t_product_language (pdt_id, pdl_label) VALUES ('55', 'PORC AUX CHAMPIGNONS NOIRS');
INSERT INTO t_product (pdt_id, pdt_price) VALUES ('54', 6.0);
INSERT INTO t_product_language (pdt_id, pdl_label) VALUES ('54', 'PORC AUX POUSSES DE BAMBOU ET AUX CHAMPIGNONS P');
INSERT INTO t_product (pdt_id, pdt_price) VALUES ('53', 6.0);
INSERT INTO t_product_language (pdt_id, pdl_label) VALUES ('53', 'PORC A LA SAUCE PIQUANTE (EPICE)');
INSERT INTO t_product (pdt_id, pdt_price) VALUES ('52', 6.0);
INSERT INTO t_product_language (pdt_id, pdl_label) VALUES ('52', 'PORC A LA SAUCE AIGRE-DOUCE');
INSERT INTO t_product (pdt_id, pdt_price) VALUES ('51', 6.0);
INSERT INTO t_product_language (pdt_id, pdl_label) VALUES ('51', 'PORC SAUTE AUX BROCOLIS');
INSERT INTO t_product (pdt_id, pdt_price) VALUES ('50', 6.0);
INSERT INTO t_product_language (pdt_id, pdl_label) VALUES ('50', 'PORC AU CURRY');
INSERT INTO t_product (pdt_id, pdt_price) VALUES ('49', 6.0);
INSERT INTO t_product_language (pdt_id, pdl_label) VALUES ('49', 'BOULETTES DE PORC A LA SAUCE PIQUANTE');
INSERT INTO t_product (pdt_id, pdt_price) VALUES ('48', 6.0);
INSERT INTO t_product_language (pdt_id, pdl_label) VALUES ('48', 'PORC LAQUE');
INSERT INTO t_product (pdt_id, pdt_price) VALUES ('47', 8.5);
INSERT INTO t_product_language (pdt_id, pdl_label) VALUES ('47', 'FILET DE CANARD LAQUE');
INSERT INTO t_product (pdt_id, pdt_price) VALUES ('46', 7.0);
INSERT INTO t_product_language (pdt_id, pdl_label) VALUES ('46', 'CANARD AUX ANANAS');
INSERT INTO t_product (pdt_id, pdt_price) VALUES ('45', 7.0);
INSERT INTO t_product_language (pdt_id, pdl_label) VALUES ('45', 'CANARD AUX CHAMPIGNONS NOIRS');
INSERT INTO t_product (pdt_id, pdt_price) VALUES ('44', 7.0);
INSERT INTO t_product_language (pdt_id, pdl_label) VALUES ('44', 'CANARD AUX POUSSES DE BAMBOU ET AUX CHAMPIGNONS PA');
INSERT INTO t_product (pdt_id, pdt_price) VALUES ('43', 7.0);
INSERT INTO t_product_language (pdt_id, pdl_label) VALUES ('43', 'CANARD AU CURRY');
INSERT INTO t_product (pdt_id, pdt_price) VALUES ('42', 6.0);
INSERT INTO t_product_language (pdt_id, pdl_label) VALUES ('42', 'POULET A LA SAUCE AIGRE-DOUCE');
INSERT INTO t_product (pdt_id, pdt_price) VALUES ('41', 6.0);
INSERT INTO t_product_language (pdt_id, pdl_label) VALUES ('41', 'POULET CHOP-SUEY');
INSERT INTO t_product (pdt_id, pdt_price) VALUES ('40', 6.0);
INSERT INTO t_product_language (pdt_id, pdl_label) VALUES ('40', 'POULET AU CURRY');
INSERT INTO t_product (pdt_id, pdt_price) VALUES ('39', 6.5);
INSERT INTO t_product_language (pdt_id, pdl_label) VALUES ('39', 'POULET A L?IMPERIALE');
INSERT INTO t_product (pdt_id, pdt_price) VALUES ('38', 6.5);
INSERT INTO t_product_language (pdt_id, pdl_label) VALUES ('38', 'POULET AUX AMANDES');
INSERT INTO t_product (pdt_id, pdt_price) VALUES ('37', 6.5);
INSERT INTO t_product_language (pdt_id, pdl_label) VALUES ('37', 'POULET AUX NOIX DE CAJOU');
INSERT INTO t_product (pdt_id, pdt_price) VALUES ('36', 6.0);
INSERT INTO t_product_language (pdt_id, pdl_label) VALUES ('36', 'POULET AUX ANANAS');
INSERT INTO t_product (pdt_id, pdt_price) VALUES ('35', 6.0);
INSERT INTO t_product_language (pdt_id, pdl_label) VALUES ('35', 'POULET AUX CHAMPIGNONS NOIRS');
INSERT INTO t_product (pdt_id, pdt_price) VALUES ('34', 6.0);
INSERT INTO t_product_language (pdt_id, pdl_label) VALUES ('34', 'POULET AUX POUSSES DE BAMBOU ET AUX CHAMPIGNON');
INSERT INTO t_product (pdt_id, pdt_price) VALUES ('33', 10.0);
INSERT INTO t_product_language (pdt_id, pdl_label) VALUES ('33', 'COQUILLES SAINT-JACQUES SAUTEES NATURE');
INSERT INTO t_product (pdt_id, pdt_price) VALUES ('32', 10.0);
INSERT INTO t_product_language (pdt_id, pdl_label) VALUES ('32', 'COQUILLES SAINT-JACQUES A L?IMPERIALE (PIQUANT');
INSERT INTO t_product (pdt_id, pdt_price) VALUES ('31', 7.5);
INSERT INTO t_product_language (pdt_id, pdl_label) VALUES ('31', 'BEIGNETS DE COQUILLES SAINT-JACQUES');
INSERT INTO t_product (pdt_id, pdt_price) VALUES ('30', 4.5);
INSERT INTO t_product_language (pdt_id, pdl_label) VALUES ('30', 'POISSON AU CURRY');
INSERT INTO t_product (pdt_id, pdt_price) VALUES ('29', 4.5);
INSERT INTO t_product_language (pdt_id, pdl_label) VALUES ('29', 'POISSON A LA SAUCE AIGRE-DOUCE');
INSERT INTO t_product (pdt_id, pdt_price) VALUES ('28', 4.5);
INSERT INTO t_product_language (pdt_id, pdl_label) VALUES ('28', 'BEIGNETS DE POISSON');
INSERT INTO t_product (pdt_id, pdt_price) VALUES ('27', 6.0);
INSERT INTO t_product_language (pdt_id, pdl_label) VALUES ('27', 'SEICHE SAUTEE SEL POIVRE');
INSERT INTO t_product (pdt_id, pdt_price) VALUES ('26', 6.0);
INSERT INTO t_product_language (pdt_id, pdl_label) VALUES ('26', 'SEICHE A L?IMPERIALE (PIQUANTE)');
INSERT INTO t_product (pdt_id, pdt_price) VALUES ('25', 6.0);
INSERT INTO t_product_language (pdt_id, pdl_label) VALUES ('25', 'SEICHE SAUTE AU SATE ET AUX BROCOLIS??Nouvea');
INSERT INTO t_product (pdt_id, pdt_price) VALUES ('24', 9.0);
INSERT INTO t_product_language (pdt_id, pdl_label) VALUES ('24', 'CREVETTES A L''IMPERIALE(PIQUANTE)');
INSERT INTO t_product (pdt_id, pdt_price) VALUES ('23', 9.0);
INSERT INTO t_product_language (pdt_id, pdl_label) VALUES ('23', 'CREVETTES SAUTEES NATURE');
INSERT INTO t_product (pdt_id, pdt_price) VALUES ('22', 13.5);
INSERT INTO t_product_language (pdt_id, pdl_label) VALUES ('22', 'SOLE FRITE');
INSERT INTO t_product (pdt_id, pdt_price) VALUES ('21', 7.0);
INSERT INTO t_product_language (pdt_id, pdl_label) VALUES ('21', 'BEIGNETS DE CREVETTES A LA SAUCE AIGRE-DOUCE');
INSERT INTO t_product (pdt_id, pdt_price) VALUES ('20', 7.0);
INSERT INTO t_product_language (pdt_id, pdl_label) VALUES ('20', 'BEIGNETS DE CREVETTES AU CURRY');
INSERT INTO t_product (pdt_id, pdt_price) VALUES ('19', 5.5);
INSERT INTO t_product_language (pdt_id, pdl_label) VALUES ('19', 'BEIGNETS DE RAVIOLIS');
INSERT INTO t_product (pdt_id, pdt_price) VALUES ('18', 7.5);
INSERT INTO t_product_language (pdt_id, pdl_label) VALUES ('18', 'BEIGNETS DE CREVETTES');
INSERT INTO t_product (pdt_id, pdt_price) VALUES ('LS', 2.0);
INSERT INTO t_product_language (pdt_id, pdl_label) VALUES ('LS', 'LAIT DE SOJA');
INSERT INTO t_product (pdt_id, pdt_price) VALUES ('BJA', 4.5);
INSERT INTO t_product_language (pdt_id, pdl_label) VALUES ('BJA', 'BIERE JAPONAISE');
INSERT INTO t_product (pdt_id, pdt_price) VALUES ('A5', 5.5);
INSERT INTO t_product_language (pdt_id, pdl_label) VALUES ('A5', 'LAGON BLEU,JADE');
INSERT INTO t_product (pdt_id, pdt_price) VALUES ('17', 4.0);
INSERT INTO t_product_language (pdt_id, pdl_label) VALUES ('17', 'OMELETTE AU POULET');
INSERT INTO t_product (pdt_id, pdt_price) VALUES ('16', 4.0);
INSERT INTO t_product_language (pdt_id, pdl_label) VALUES ('16', 'OMELETTE AU CRABE');
INSERT INTO t_product (pdt_id, pdt_price) VALUES ('15', 4.0);
INSERT INTO t_product_language (pdt_id, pdl_label) VALUES ('15', 'OMELETTE AUX CREVETTES');
INSERT INTO t_product (pdt_id, pdt_price) VALUES ('14', 4.0);
INSERT INTO t_product_language (pdt_id, pdl_label) VALUES ('14', 'SALADE AU POULET');
INSERT INTO t_product (pdt_id, pdt_price) VALUES ('13', 6.0);
INSERT INTO t_product_language (pdt_id, pdl_label) VALUES ('13', 'SALADE AU CRABE');
INSERT INTO t_product (pdt_id, pdt_price) VALUES ('1', 7.5);
INSERT INTO t_product_language (pdt_id, pdl_label) VALUES ('1', 'SOUPE AUX TROIS FRAICHEURS');
INSERT INTO t_product (pdt_id, pdt_price) VALUES ('98', 43.0);
INSERT INTO t_product_language (pdt_id, pdl_label) VALUES ('98', 'FONDUE VIETNAMIENNE (POUR 2 PERSONNES)');
INSERT INTO t_product (pdt_id, pdt_price) VALUES ('99', 5.5);
INSERT INTO t_product_language (pdt_id, pdl_label) VALUES ('99', 'BOULETTES DE CREVETTES DU CHEF');
INSERT INTO t_product (pdt_id, pdt_price) VALUES ('101', 7.0);
INSERT INTO t_product_language (pdt_id, pdl_label) VALUES ('101', 'SALADE KIM SAN');
INSERT INTO t_product (pdt_id, pdt_price) VALUES ('102', 11.5);
INSERT INTO t_product_language (pdt_id, pdl_label) VALUES ('102', 'GAMBAS SAUTEES SPECIALITE DU CHEF (PIQUANTE)');
INSERT INTO t_product (pdt_id, pdt_price) VALUES ('103', 11.5);
INSERT INTO t_product_language (pdt_id, pdl_label) VALUES ('103', 'CREVETTES AUX QUEUES DE PHENIX');
INSERT INTO t_product (pdt_id, pdt_price) VALUES ('104', 18.5);
INSERT INTO t_product_language (pdt_id, pdl_label) VALUES ('104', 'HORS D OEUVRE SPECIAL CHAUD (POUR 2 PERSONNES)');
INSERT INTO t_product (pdt_id, pdt_price) VALUES ('105', 9.5);
INSERT INTO t_product_language (pdt_id, pdl_label) VALUES ('105', 'CREVETTES AUX GINGEMBRE ET CIBOULETTE');
INSERT INTO t_product (pdt_id, pdt_price) VALUES ('106', 9.0);
INSERT INTO t_product_language (pdt_id, pdl_label) VALUES ('106', 'GIGOT SAUTE AUX GIMGEMBRES');
INSERT INTO t_product (pdt_id, pdt_price) VALUES ('107', 10.0);
INSERT INTO t_product_language (pdt_id, pdl_label) VALUES ('107', 'MARMITE AUX FRUITS DE MER');
INSERT INTO t_product (pdt_id, pdt_price) VALUES ('108', 10.0);
INSERT INTO t_product_language (pdt_id, pdl_label) VALUES ('108', 'LES TROIS MERVEILLES');
INSERT INTO t_product (pdt_id, pdt_price) VALUES ('109', 10.0);
INSERT INTO t_product_language (pdt_id, pdl_label) VALUES ('109', 'NID DE CRUSTACES VARIES');
INSERT INTO t_product (pdt_id, pdt_price) VALUES ('110', 7.0);
INSERT INTO t_product_language (pdt_id, pdl_label) VALUES ('110', 'POULET FRIT A LA CANTONAISE');
INSERT INTO t_product (pdt_id, pdt_price) VALUES ('111', 8.0);
INSERT INTO t_product_language (pdt_id, pdl_label) VALUES ('111', 'BEIGNETS DE CUISSES DE GRENOUILLES');
INSERT INTO t_product (pdt_id, pdt_price) VALUES ('112', 8.0);
INSERT INTO t_product_language (pdt_id, pdl_label) VALUES ('112', 'CUISSES DE GRENOUILLES A L?IMPERIALE');
INSERT INTO t_product (pdt_id, pdt_price) VALUES ('113', 8.0);
INSERT INTO t_product_language (pdt_id, pdl_label) VALUES ('113', 'CUISSES DE GRENOUILLES SAUTEES SPECIALITE DU');
INSERT INTO t_product (pdt_id, pdt_price) VALUES ('114', 8.0);
INSERT INTO t_product_language (pdt_id, pdl_label) VALUES ('114', 'CUISSES DE GRENOUILLES A LA SAUCE PIQUANTE');
INSERT INTO t_product (pdt_id, pdt_price) VALUES ('115', 8.0);
INSERT INTO t_product_language (pdt_id, pdl_label) VALUES ('115', 'CUISSES DE GRENOUILLES SAUTEES AU POIVRE PAR');
INSERT INTO t_product (pdt_id, pdt_price) VALUES ('116', 9.5);
INSERT INTO t_product_language (pdt_id, pdl_label) VALUES ('116', 'CREVETTES SAUTEES AUX BROCOLIS');
INSERT INTO t_product (pdt_id, pdt_price) VALUES ('117', 10.0);
INSERT INTO t_product_language (pdt_id, pdl_label) VALUES ('117', 'FRUITS DE MER SAUTES AUX BROCOLIS');
INSERT INTO t_product (pdt_id, pdt_price) VALUES ('118', 7.5);
INSERT INTO t_product_language (pdt_id, pdl_label) VALUES ('118', 'POULET GRILLE AU POIVRE DE CAYENNE');
INSERT INTO t_product (pdt_id, pdt_price) VALUES ('119', 10.0);
INSERT INTO t_product_language (pdt_id, pdl_label) VALUES ('119', 'COQUILLES ST-JACQUES SEL ET POIVRE');
INSERT INTO t_product (pdt_id, pdt_price) VALUES ('120', 9.0);
INSERT INTO t_product_language (pdt_id, pdl_label) VALUES ('120', 'TRAVERS DE PORC PEKINOIS');
INSERT INTO t_product (pdt_id, pdt_price) VALUES ('121', 5.5);
INSERT INTO t_product_language (pdt_id, pdl_label) VALUES ('121', 'BEIGNET DE POULET AU CITRON');
INSERT INTO t_product (pdt_id, pdt_price) VALUES ('122', 7.5);
INSERT INTO t_product_language (pdt_id, pdl_label) VALUES ('122', 'FILET DE CABILLAUD A LA CANTONAISE');
INSERT INTO t_product (pdt_id, pdt_price) VALUES ('123', 6.0);
INSERT INTO t_product_language (pdt_id, pdl_label) VALUES ('123', 'PORC AU CARAMEL');
INSERT INTO t_product (pdt_id, pdt_price) VALUES ('124', 3.5);
INSERT INTO t_product_language (pdt_id, pdl_label) VALUES ('124', 'ROULEAU DE PRINTEMPS (GOI-CUON)');
INSERT INTO t_product (pdt_id, pdt_price) VALUES ('125', 7.5);
INSERT INTO t_product_language (pdt_id, pdl_label) VALUES ('125', 'BOEUF AUX VERMICELLES DE RIZ (BO-BONG');
INSERT INTO t_product (pdt_id, pdt_price) VALUES ('V1', 4.5);
INSERT INTO t_product_language (pdt_id, pdl_label) VALUES ('V1', 'RAVIOLIS DE CREVETTE A LA VAPEUR');
INSERT INTO t_product (pdt_id, pdt_price) VALUES ('127', 7.0);
INSERT INTO t_product_language (pdt_id, pdl_label) VALUES ('127', 'BOULETTES DE PORC GRILLE (NEM-NUONG)');
INSERT INTO t_product (pdt_id, pdt_price) VALUES ('129', 11.0);
INSERT INTO t_product_language (pdt_id, pdl_label) VALUES ('129', 'TRAVERS DE PORC GRILLES A LA CITRONELLE');
INSERT INTO t_product (pdt_id, pdt_price) VALUES ('130', 7.0);
INSERT INTO t_product_language (pdt_id, pdl_label) VALUES ('130', 'BOEUF SAUTE AU GINGEMBRE (CIBOULETTE');
INSERT INTO t_product (pdt_id, pdt_price) VALUES ('131', 6.5);
INSERT INTO t_product_language (pdt_id, pdl_label) VALUES ('131', 'FILETS DE POISSON SAUTES AU GINGEMBRE (CIBOU');
INSERT INTO t_product (pdt_id, pdt_price) VALUES ('132', 8.5);
INSERT INTO t_product_language (pdt_id, pdl_label) VALUES ('132', 'CANARD AU CARAMEL (CITRON)');
INSERT INTO t_product (pdt_id, pdt_price) VALUES ('T1', 8.5);
INSERT INTO t_product_language (pdt_id, pdl_label) VALUES ('T1', 'SOUPE AUX CREVETTES PIMENTEES');
INSERT INTO t_product (pdt_id, pdt_price) VALUES ('T2', 7.0);
INSERT INTO t_product_language (pdt_id, pdl_label) VALUES ('T2', 'SALADE DE B?UF MACERE PIMENTE');
INSERT INTO t_product (pdt_id, pdt_price) VALUES ('T3', 8.5);
INSERT INTO t_product_language (pdt_id, pdl_label) VALUES ('T3', 'SALADE THAI AUX CREVETTES PIMENTEES');
INSERT INTO t_product (pdt_id, pdt_price) VALUES ('T4', 8.5);
INSERT INTO t_product_language (pdt_id, pdl_label) VALUES ('T4', 'POTAGE AUX CREVETTES AU LAIT DE COCO EPICE');
INSERT INTO t_product (pdt_id, pdt_price) VALUES ('T5', 8.5);
INSERT INTO t_product_language (pdt_id, pdl_label) VALUES ('T5', 'POTAGE DE COQUILLES SAINT-JACQUES AU LAIT DE');
INSERT INTO t_product (pdt_id, pdt_price) VALUES ('T6', 5.5);
INSERT INTO t_product_language (pdt_id, pdl_label) VALUES ('T6', 'PATES IMPERIAUX THAI');
INSERT INTO t_product (pdt_id, pdt_price) VALUES ('T7', 9.0);
INSERT INTO t_product_language (pdt_id, pdl_label) VALUES ('T7', 'TRAVERS DE PORC AU POIVRE PARFUME');
INSERT INTO t_product (pdt_id, pdt_price) VALUES ('T8', 10.0);
INSERT INTO t_product_language (pdt_id, pdl_label) VALUES ('T8', 'FRUITS DE MER SAUTES AU BASILIC ET PIMENT');
INSERT INTO t_product (pdt_id, pdt_price) VALUES ('T9', 9.0);
INSERT INTO t_product_language (pdt_id, pdl_label) VALUES ('T9', 'CREVETTES SAUTEES AU BASILIC ET PIMENT FRAIS');
INSERT INTO t_product (pdt_id, pdt_price) VALUES ('T10', 10.0);
INSERT INTO t_product_language (pdt_id, pdl_label) VALUES ('T10', 'COQUILLES SAINT-JACQUES SAUTEES AU BASILIC ET');
INSERT INTO t_product (pdt_id, pdt_price) VALUES ('T11', 8.0);
INSERT INTO t_product_language (pdt_id, pdl_label) VALUES ('T11', 'CUISSES DE GRENOUILLES SAUTEES AU BASILIC ET');
INSERT INTO t_product (pdt_id, pdt_price) VALUES ('T12', 6.5);
INSERT INTO t_product_language (pdt_id, pdl_label) VALUES ('T12', 'SEICHE SAUTEE AU BASILIC ET PIMENT FRAIS');
INSERT INTO t_product (pdt_id, pdt_price) VALUES ('T13', 7.5);
INSERT INTO t_product_language (pdt_id, pdl_label) VALUES ('T13', 'CANARD SAUTE AU BASILIC ET PIMENT FRAIS');
INSERT INTO t_product (pdt_id, pdt_price) VALUES ('T14', 6.5);
INSERT INTO t_product_language (pdt_id, pdl_label) VALUES ('T14', 'POULET SAUTE AU BASILIC ET PIMENT FRAIS');
INSERT INTO t_product (pdt_id, pdt_price) VALUES ('T15', 7.5);
INSERT INTO t_product_language (pdt_id, pdl_label) VALUES ('T15', 'BOEUF SAUTE AU BASILIC ET PIMENT FRAIS');
INSERT INTO t_product (pdt_id, pdt_price) VALUES ('T16', 6.5);
INSERT INTO t_product_language (pdt_id, pdl_label) VALUES ('T16', 'BROCHETTES DE GIGOT GRILLE AUX EPICES');
INSERT INTO t_product (pdt_id, pdt_price) VALUES ('T17', 6.5);
INSERT INTO t_product_language (pdt_id, pdl_label) VALUES ('T17', 'BROCHETTES DE POULET GRILLE AUX EPICES');
INSERT INTO t_product (pdt_id, pdt_price) VALUES ('T18', 43.0);
INSERT INTO t_product_language (pdt_id, pdl_label) VALUES ('T18', 'FONDUE THAILANDAISE (POUR 2 PERSONNES)');
INSERT INTO t_product (pdt_id, pdt_price) VALUES ('T19', 9.0);
INSERT INTO t_product_language (pdt_id, pdl_label) VALUES ('T19', 'POISSON A LA SAUCE PATTAYA');
INSERT INTO t_product (pdt_id, pdt_price) VALUES ('T20', 8.0);
INSERT INTO t_product_language (pdt_id, pdl_label) VALUES ('T20', 'MOULES AU BASILIC ET PIMENT FRAIS');
INSERT INTO t_product (pdt_id, pdt_price) VALUES ('T21', 7.5);
INSERT INTO t_product_language (pdt_id, pdl_label) VALUES ('T21', 'RIZ THAI SAUTE AUX CREVETTES');
INSERT INTO t_product (pdt_id, pdt_price) VALUES ('T22', 2.5);
INSERT INTO t_product_language (pdt_id, pdl_label) VALUES ('T22', 'RIZ GLUANT');
INSERT INTO t_product (pdt_id, pdt_price) VALUES ('100', 8.0);
INSERT INTO t_product_language (pdt_id, pdl_label) VALUES ('100', 'TOFOU SAUTE AU STEAK HACHE');
INSERT INTO t_product (pdt_id, pdt_price) VALUES ('PF', 22.0);
INSERT INTO t_product_language (pdt_id, pdl_label) VALUES ('PF', 'POUILLY-FUME');
INSERT INTO t_product (pdt_id, pdt_price) VALUES ('T23', 9.0);
INSERT INTO t_product_language (pdt_id, pdl_label) VALUES ('T23', 'HA MOK');
INSERT INTO t_product (pdt_id, pdt_price) VALUES ('CO', 3.0);
INSERT INTO t_product_language (pdt_id, pdl_label) VALUES ('CO', 'COCA ORANGINA TONIC ICE-T');
INSERT INTO t_product (pdt_id, pdt_price) VALUES ('A2', 3.5);
INSERT INTO t_product_language (pdt_id, pdl_label) VALUES ('A2', 'COKTAIL MAISON');
INSERT INTO t_product (pdt_id, pdt_price) VALUES ('A3', 4.5);
INSERT INTO t_product_language (pdt_id, pdl_label) VALUES ('A3', 'WHISKY');
INSERT INTO t_product (pdt_id, pdt_price) VALUES ('A1', 3.0);
INSERT INTO t_product_language (pdt_id, pdl_label) VALUES ('A1', 'PORTO, MARTINI, SUZE, RICARD, PASTIS, KIR, AMERICA');
INSERT INTO t_product (pdt_id, pdt_price) VALUES ('GC', 3.0);
INSERT INTO t_product_language (pdt_id, pdl_label) VALUES ('GC', 'GATEAU COCO');
INSERT INTO t_product (pdt_id, pdt_price) VALUES ('CF', 2.0);
INSERT INTO t_product_language (pdt_id, pdl_label) VALUES ('CF', 'CAFE DECAFEINE');
INSERT INTO t_product (pdt_id, pdt_price) VALUES ('B2', 3.5);
INSERT INTO t_product_language (pdt_id, pdl_label) VALUES ('B2', '2 BOULES DE GLACE');
INSERT INTO t_product (pdt_id, pdt_price) VALUES ('TV', 18.0);
INSERT INTO t_product_language (pdt_id, pdl_label) VALUES ('TV', 'TAVEL');
INSERT INTO t_product (pdt_id, pdt_price) VALUES ('TV/', 10.5);
INSERT INTO t_product_language (pdt_id, pdl_label) VALUES ('TV/', '1/2 TAVEL');
INSERT INTO t_product (pdt_id, pdt_price) VALUES ('DS', 2.5);
INSERT INTO t_product_language (pdt_id, pdl_label) VALUES ('DS', 'FRUITS AU SIROP(LYCHEES, LONGANES, MANGUES, FRAISE');
INSERT INTO t_product (pdt_id, pdt_price) VALUES ('1/4', 2.5);
INSERT INTO t_product_language (pdt_id, pdl_label) VALUES ('1/4', '1/4 VIN DE TABLE');
INSERT INTO t_product (pdt_id, pdt_price) VALUES ('BC', 3.5);
INSERT INTO t_product_language (pdt_id, pdl_label) VALUES ('BC', 'BIERE CHINOISE');
INSERT INTO t_product (pdt_id, pdt_price) VALUES ('CP', 11.0);
INSERT INTO t_product_language (pdt_id, pdl_label) VALUES ('CP', 'COTE DE PROVENCE');
INSERT INTO t_product (pdt_id, pdt_price) VALUES ('CP/', 7.5);
INSERT INTO t_product_language (pdt_id, pdl_label) VALUES ('CP/', '1/2 COTE DE PROVENCE');
INSERT INTO t_product (pdt_id, pdt_price) VALUES ('CR', 11.0);
INSERT INTO t_product_language (pdt_id, pdl_label) VALUES ('CR', 'COTE DU RHONE');
INSERT INTO t_product (pdt_id, pdt_price) VALUES ('CR/', 7.5);
INSERT INTO t_product_language (pdt_id, pdl_label) VALUES ('CR/', '1/2 COTE DU RHONE');
INSERT INTO t_product (pdt_id, pdt_price) VALUES ('CA', 11.0);
INSERT INTO t_product_language (pdt_id, pdl_label) VALUES ('CA', 'CABERNET D ANJOU');
INSERT INTO t_product (pdt_id, pdt_price) VALUES ('ST', 15.0);
INSERT INTO t_product_language (pdt_id, pdl_label) VALUES ('ST', 'SAINT TROPEZ');
INSERT INTO t_product (pdt_id, pdt_price) VALUES ('ST/', 9.5);
INSERT INTO t_product_language (pdt_id, pdl_label) VALUES ('ST/', '1/2 ST TROPEZ');
INSERT INTO t_product (pdt_id, pdt_price) VALUES ('BX', 14.0);
INSERT INTO t_product_language (pdt_id, pdl_label) VALUES ('BX', 'BORDEAUX');
INSERT INTO t_product (pdt_id, pdt_price) VALUES ('BX/', 8.5);
INSERT INTO t_product_language (pdt_id, pdl_label) VALUES ('BX/', '1/2 BORDEAUX');
INSERT INTO t_product (pdt_id, pdt_price) VALUES ('BJ', 14.5);
INSERT INTO t_product_language (pdt_id, pdl_label) VALUES ('BJ', 'BEAUJOLAIS VILLAGES');
INSERT INTO t_product (pdt_id, pdt_price) VALUES ('BJ/', 9.0);
INSERT INTO t_product_language (pdt_id, pdl_label) VALUES ('BJ/', '1/2 BEAUJOLAIS VILLAGES');
INSERT INTO t_product (pdt_id, pdt_price) VALUES ('BO', 17.5);
INSERT INTO t_product_language (pdt_id, pdl_label) VALUES ('BO', 'BOURGOGNE');
INSERT INTO t_product (pdt_id, pdt_price) VALUES ('BO/', 9.5);
INSERT INTO t_product_language (pdt_id, pdl_label) VALUES ('BO/', '1/2 BOURGOGNE');
INSERT INTO t_product (pdt_id, pdt_price) VALUES ('SC', 18.0);
INSERT INTO t_product_language (pdt_id, pdl_label) VALUES ('SC', 'SAUMUR');
INSERT INTO t_product (pdt_id, pdt_price) VALUES ('SC/', 10.0);
INSERT INTO t_product_language (pdt_id, pdl_label) VALUES ('SC/', '1/2 SAUMUR');
INSERT INTO t_product (pdt_id, pdt_price) VALUES ('BY', 18.5);
INSERT INTO t_product_language (pdt_id, pdl_label) VALUES ('BY', 'BROUILLY');
INSERT INTO t_product (pdt_id, pdt_price) VALUES ('BY/', 10.5);
INSERT INTO t_product_language (pdt_id, pdl_label) VALUES ('BY/', '1/2 BROUILLY');
INSERT INTO t_product (pdt_id, pdt_price) VALUES ('MUV', 3.0);
INSERT INTO t_product_language (pdt_id, pdl_label) VALUES ('MUV', 'MUSCADET AU VERRE');
INSERT INTO t_product (pdt_id, pdt_price) VALUES ('MU', 12.0);
INSERT INTO t_product_language (pdt_id, pdl_label) VALUES ('MU', 'MUSCADET');
INSERT INTO t_product (pdt_id, pdt_price) VALUES ('MU/', 7.5);
INSERT INTO t_product_language (pdt_id, pdl_label) VALUES ('MU/', '1/2 MUSCADET');
INSERT INTO t_product (pdt_id, pdt_price) VALUES ('CH', 45.0);
INSERT INTO t_product_language (pdt_id, pdl_label) VALUES ('CH', 'CHAMPAGNE');
INSERT INTO t_product (pdt_id, pdt_price) VALUES ('CHV', 7.5);
INSERT INTO t_product_language (pdt_id, pdl_label) VALUES ('CHV', 'COUPE DE CHAMPAGNE');
INSERT INTO t_product (pdt_id, pdt_price) VALUES ('BT', 4.0);
INSERT INTO t_product_language (pdt_id, pdl_label) VALUES ('BT', 'BIERE THAI');
INSERT INTO t_product (pdt_id, pdt_price) VALUES ('BH', 3.5);
INSERT INTO t_product_language (pdt_id, pdl_label) VALUES ('BH', 'CALSBERG HEINEKEN');
INSERT INTO t_product (pdt_id, pdt_price) VALUES ('O', 4.5);
INSERT INTO t_product_language (pdt_id, pdl_label) VALUES ('O', 'VITTEL 1L SANPELLEGRINO 1L');
INSERT INTO t_product (pdt_id, pdt_price) VALUES ('O/', 3.0);
INSERT INTO t_product_language (pdt_id, pdl_label) VALUES ('O/', '1/2 VITTEL 1/2 SANPELLEGRINO, PERRIER');
INSERT INTO t_product (pdt_id, pdt_price) VALUES ('DG1', 3.5);
INSERT INTO t_product_language (pdt_id, pdl_label) VALUES ('DG1', 'ALCOOL DE RIZ');
INSERT INTO t_product (pdt_id, pdt_price) VALUES ('DG', 3.5);
INSERT INTO t_product_language (pdt_id, pdl_label) VALUES ('DG', 'GET27 GRAND MARNIER CALVADOS');
INSERT INTO t_product (pdt_id, pdt_price) VALUES ('DG2', 4.5);
INSERT INTO t_product_language (pdt_id, pdl_label) VALUES ('DG2', 'COGNAC');
INSERT INTO t_product (pdt_id, pdt_price) VALUES ('A4', 3.5);
INSERT INTO t_product_language (pdt_id, pdl_label) VALUES ('A4', 'VOLDKA SOHO MALIBU GIN GET 27');
INSERT INTO t_product (pdt_id, pdt_price) VALUES ('M1', 10.0);
INSERT INTO t_product_language (pdt_id, pdl_label) VALUES ('M1', 'MENU MIDI');
INSERT INTO t_product (pdt_id, pdt_price) VALUES ('81', 9.5);
INSERT INTO t_product_language (pdt_id, pdl_label) VALUES ('81', 'CREVETTES AU HARICOTS PLATS');
INSERT INTO t_product (pdt_id, pdt_price) VALUES ('MEN', 8.0);
INSERT INTO t_product_language (pdt_id, pdl_label) VALUES ('MEN', 'MENU ENFANT');
INSERT INTO t_product (pdt_id, pdt_price) VALUES ('M27', 27.0);
INSERT INTO t_product_language (pdt_id, pdl_label) VALUES ('M27', 'MENU DRAGON');
INSERT INTO t_product (pdt_id, pdt_price) VALUES ('M20', 20.0);
INSERT INTO t_product_language (pdt_id, pdl_label) VALUES ('M20', 'MENU OISEAU PARADIS');
INSERT INTO t_product (pdt_id, pdt_price) VALUES ('M14', 14.5);
INSERT INTO t_product_language (pdt_id, pdl_label) VALUES ('M14', 'MENU KIM-SAN');
INSERT INTO t_product (pdt_id, pdt_price) VALUES ('GL', 3.5);
INSERT INTO t_product_language (pdt_id, pdl_label) VALUES ('GL', 'MYSTERE MOUSCOCO TRUFFE.....');
INSERT INTO t_product (pdt_id, pdt_price) VALUES ('GL2', 5.5);
INSERT INTO t_product_language (pdt_id, pdl_label) VALUES ('GL2', 'GLACE LIEGEOIS');
INSERT INTO t_product (pdt_id, pdt_price) VALUES ('GL3', 6.5);
INSERT INTO t_product_language (pdt_id, pdl_label) VALUES ('GL3', 'COLONEL,SPLIT,LY ROYAL');
INSERT INTO t_product (pdt_id, pdt_price) VALUES ('B1', 2.0);
INSERT INTO t_product_language (pdt_id, pdl_label) VALUES ('B1', 'BOULE DE GLACE');
INSERT INTO t_product (pdt_id, pdt_price) VALUES ('B3', 4.5);
INSERT INTO t_product_language (pdt_id, pdl_label) VALUES ('B3', 'SORBET DE GLACE');
INSERT INTO t_product (pdt_id, pdt_price) VALUES ('GL1', 4.5);
INSERT INTO t_product_language (pdt_id, pdl_label) VALUES ('GL1', 'SOUFFLE MAN COCO COUPE ANANAS ....');
INSERT INTO t_product (pdt_id, pdt_price) VALUES ('GP', 6.0);
INSERT INTO t_product_language (pdt_id, pdl_label) VALUES ('GP', 'PROFITEROL MANGUE GIVRE');
INSERT INTO t_product (pdt_id, pdt_price) VALUES ('P', 3.5);
INSERT INTO t_product_language (pdt_id, pdl_label) VALUES ('P', 'PERLE DE COCO');
INSERT INTO t_product (pdt_id, pdt_price) VALUES ('BE', 3.0);
INSERT INTO t_product_language (pdt_id, pdl_label) VALUES ('BE', 'BEIGNET DE FRUIT');
INSERT INTO t_product (pdt_id, pdt_price) VALUES ('BF', 5.5);
INSERT INTO t_product_language (pdt_id, pdl_label) VALUES ('BF', 'BEIGNET FLAMBE');
INSERT INTO t_product (pdt_id, pdt_price) VALUES ('BFM', 6.0);
INSERT INTO t_product_language (pdt_id, pdl_label) VALUES ('BFM', 'BEIGNET FLAMBE MKL');
INSERT INTO t_product (pdt_id, pdt_price) VALUES ('PC', 7.0);
INSERT INTO t_product_language (pdt_id, pdl_label) VALUES ('PC', 'BEIGNET AU CARAMEL');
INSERT INTO t_product (pdt_id, pdt_price) VALUES ('COU', 3.5);
INSERT INTO t_product_language (pdt_id, pdl_label) VALUES ('COU', 'COUPE DE FRUIT');
INSERT INTO t_product (pdt_id, pdt_price) VALUES ('AC', 3.5);
INSERT INTO t_product_language (pdt_id, pdl_label) VALUES ('AC', 'ASSORTIMENT CONFIT');
INSERT INTO t_product (pdt_id, pdt_price) VALUES ('AG', 3.5);
INSERT INTO t_product_language (pdt_id, pdl_label) VALUES ('AG', 'ANANAS GIN KIRSH');
INSERT INTO t_product (pdt_id, pdt_price) VALUES ('AS', 2.0);
INSERT INTO t_product_language (pdt_id, pdl_label) VALUES ('AS', 'ANANAS SIROP');
INSERT INTO t_product (pdt_id, pdt_price) VALUES ('FN', 2.0);
INSERT INTO t_product_language (pdt_id, pdl_label) VALUES ('FN', 'FRUIT NATURE');
INSERT INTO t_product (pdt_id, pdt_price) VALUES ('FF', 6.5);
INSERT INTO t_product_language (pdt_id, pdl_label) VALUES ('FF', 'MANGUE NATURE');
INSERT INTO t_product (pdt_id, pdt_price) VALUES ('IR', 7.0);
INSERT INTO t_product_language (pdt_id, pdl_label) VALUES ('IR', 'IRISH COOFEE');
INSERT INTO t_product (pdt_id, pdt_price) VALUES ('AP', 0.0);
INSERT INTO t_product_language (pdt_id, pdl_label) VALUES ('AP', 'APPERITIF OFFERT');
INSERT INTO t_product (pdt_id, pdt_price) VALUES ('BOI', 0.0);
INSERT INTO t_product_language (pdt_id, pdl_label) VALUES ('BOI', 'BOISSON OFFERT');
INSERT INTO t_product (pdt_id, pdt_price) VALUES ('11', 4.5);
INSERT INTO t_product_language (pdt_id, pdl_label) VALUES ('11', 'NEM');
INSERT INTO t_product (pdt_id, pdt_price) VALUES ('CFO', 0.0);
INSERT INTO t_product_language (pdt_id, pdl_label) VALUES ('CFO', 'CAFE OFFERT');
INSERT INTO t_product (pdt_id, pdt_price) VALUES ('T', 2.5);
INSERT INTO t_product_language (pdt_id, pdl_label) VALUES ('T', 'THE,NOISETTE,INFUSION');
INSERT INTO t_product (pdt_id, pdt_price) VALUES ('EM', 0.0);
INSERT INTO t_product_language (pdt_id, pdl_label) VALUES ('EM', 'PLAT A EMPORTER');
INSERT INTO t_product (pdt_id, pdt_price) VALUES ('A0', 3.0);
INSERT INTO t_product_language (pdt_id, pdl_label) VALUES ('A0', 'COCKTAIL SANS ALCOOL');
INSERT INTO t_product (pdt_id, pdt_price) VALUES ('78', 9.0);
INSERT INTO t_product_language (pdt_id, pdl_label) VALUES ('78', 'NOUILLE AUX CREVETTES');
INSERT INTO t_product (pdt_id, pdt_price) VALUES ('PF/', 14.0);
INSERT INTO t_product_language (pdt_id, pdl_label) VALUES ('PF/', '1/2 POUILLY-FUME');
INSERT INTO t_product (pdt_id, pdt_price) VALUES ('DGO', 0.0);
INSERT INTO t_product_language (pdt_id, pdl_label) VALUES ('DGO', 'DIGESTIF OFFERT');
INSERT INTO t_product (pdt_id, pdt_price) VALUES ('73B', 3.5);
INSERT INTO t_product_language (pdt_id, pdl_label) VALUES ('73B', 'RIZ LOC-LAC');
INSERT INTO t_product (pdt_id, pdt_price) VALUES ('SU', 1.0);
INSERT INTO t_product_language (pdt_id, pdl_label) VALUES ('SU', 'SUPPLEMENT');
INSERT INTO t_product (pdt_id, pdt_price) VALUES ('CA/', 7.5);
INSERT INTO t_product_language (pdt_id, pdl_label) VALUES ('CA/', '1/2CABERNET D ANJOU');
INSERT INTO t_product (pdt_id, pdt_price) VALUES ('J', 3.0);
INSERT INTO t_product_language (pdt_id, pdl_label) VALUES ('J', 'COCA-COLA, ORANGINA TONIC JUS DE FRUIT');
INSERT INTO t_product (pdt_id, pdt_price) VALUES ('CV', 3.0);
INSERT INTO t_product_language (pdt_id, pdl_label) VALUES ('CV', 'CHOCOLAT OU CAFE VIENNOIS, CAPUCCINO');
INSERT INTO t_product (pdt_id, pdt_price) VALUES ('PO', 0.0);
INSERT INTO t_product_language (pdt_id, pdl_label) VALUES ('PO', 'PLAT OFFERT');
INSERT INTO t_product (pdt_id, pdt_price) VALUES ('GLF', 7.5);
INSERT INTO t_product_language (pdt_id, pdl_label) VALUES ('GLF', 'GLACE FLAMBE');
INSERT INTO t_product (pdt_id, pdt_price) VALUES ('GLO', 0.0);
INSERT INTO t_product_language (pdt_id, pdl_label) VALUES ('GLO', 'GLACE OFFERTE');
INSERT INTO t_product (pdt_id, pdt_price) VALUES ('GR', 1.0);
INSERT INTO t_product_language (pdt_id, pdl_label) VALUES ('GR', 'SIROP');
INSERT INTO t_product (pdt_id, pdt_price) VALUES ('CAP', 60.0);
INSERT INTO t_product_language (pdt_id, pdl_label) VALUES ('CAP', 'CANARD ENTIER PEKINOIS');
INSERT INTO t_product (pdt_id, pdt_price) VALUES ('B1/4', 5.0);
INSERT INTO t_product_language (pdt_id, pdl_label) VALUES ('B1/4', 'BJNOUVENQUART');
INSERT INTO t_product (pdt_id, pdt_price) VALUES ('MP', 18.0);
INSERT INTO t_product_language (pdt_id, pdl_label) VALUES ('MP', 'MENU JAP P');
INSERT INTO t_product (pdt_id, pdt_price) VALUES ('A6', 4.0);
INSERT INTO t_product_language (pdt_id, pdl_label) VALUES ('A6', 'KIR ROYAL');
INSERT INTO t_product (pdt_id, pdt_price) VALUES ('A7', 8.0);
INSERT INTO t_product_language (pdt_id, pdl_label) VALUES ('A7', 'KIR IMPERIAL');
INSERT INTO t_product (pdt_id, pdt_price) VALUES ('CPV', 2.5);
INSERT INTO t_product_language (pdt_id, pdl_label) VALUES ('CPV', 'C.PROVENCE AU VERRE');
INSERT INTO t_product (pdt_id, pdt_price) VALUES ('CRV', 2.5);
INSERT INTO t_product_language (pdt_id, pdl_label) VALUES ('CRV', 'C.RHONE AU VERRE');
INSERT INTO t_product (pdt_id, pdt_price) VALUES ('V2', 4.0);
INSERT INTO t_product_language (pdt_id, pdl_label) VALUES ('V2', 'BOUCHEES AU PORC A LA VAPEUR');
INSERT INTO t_product (pdt_id, pdt_price) VALUES ('V3', 3.5);
INSERT INTO t_product_language (pdt_id, pdl_label) VALUES ('V3', 'PETIT CROISSANT A LA VAPEUR');
INSERT INTO t_product (pdt_id, pdt_price) VALUES ('V4', 4.0);
INSERT INTO t_product_language (pdt_id, pdl_label) VALUES ('V4', 'BOUCHEES AU BOEUF A LA VAPEUR');
INSERT INTO t_product (pdt_id, pdt_price) VALUES ('V5', 4.5);
INSERT INTO t_product_language (pdt_id, pdl_label) VALUES ('V5', 'BOUCHEES AUX CREVETTES A LA VAPEUR');
INSERT INTO t_product (pdt_id, pdt_price) VALUES ('V6', 6.0);
INSERT INTO t_product_language (pdt_id, pdl_label) VALUES ('V6', 'ASSORTIMENT A LA VAPEUR');
INSERT INTO t_product (pdt_id, pdt_price) VALUES ('V7', 3.0);
INSERT INTO t_product_language (pdt_id, pdl_label) VALUES ('V7', 'BRIOCHE AU PORC LAQUE');
INSERT INTO t_product (pdt_id, pdt_price) VALUES ('V8', 4.5);
INSERT INTO t_product_language (pdt_id, pdl_label) VALUES ('V8', 'CREPES DE RIZ AU PORC');
INSERT INTO t_product (pdt_id, pdt_price) VALUES ('V9', 7.0);
INSERT INTO t_product_language (pdt_id, pdl_label) VALUES ('V9', 'CRABE FARCI A LA SAIGONNAISE');
INSERT INTO t_product (pdt_id, pdt_price) VALUES ('V10', 10.5);
INSERT INTO t_product_language (pdt_id, pdl_label) VALUES ('V10', 'GAMBAS A L AIL ET AU CIBOULETTE A LA VAPEUR');
INSERT INTO t_product (pdt_id, pdt_price) VALUES ('V11', 10.0);
INSERT INTO t_product_language (pdt_id, pdl_label) VALUES ('V11', 'COQUILLES ST-JACQUES AUX HARICOTS ETAUXVERMICELLES');
INSERT INTO t_product (pdt_id, pdt_price) VALUES ('V12', 7.5);
INSERT INTO t_product_language (pdt_id, pdl_label) VALUES ('V12', 'FILET DE CABILLAUD A LA VAPEUR');
INSERT INTO t_product (pdt_id, pdt_price) VALUES ('V13', 13.5);
INSERT INTO t_product_language (pdt_id, pdl_label) VALUES ('V13', 'SOLE A LA VAPEUR');
INSERT INTO t_product (pdt_id, pdt_price) VALUES ('V14', 22.5);
INSERT INTO t_product_language (pdt_id, pdl_label) VALUES ('V14', 'BAR A LA VAPEUR');
INSERT INTO t_product (pdt_id, pdt_price) VALUES ('J1', 2.0);
INSERT INTO t_product_language (pdt_id, pdl_label) VALUES ('J1', 'SALADE/CRUDITE');
INSERT INTO t_product (pdt_id, pdt_price) VALUES ('J2', 2.0);
INSERT INTO t_product_language (pdt_id, pdl_label) VALUES ('J2', 'SOUPE JAPONAISE');
INSERT INTO t_product (pdt_id, pdt_price) VALUES ('J3', 2.5);
INSERT INTO t_product_language (pdt_id, pdl_label) VALUES ('J3', 'RIZ JAPONAIS');
INSERT INTO t_product (pdt_id, pdt_price) VALUES ('J4', 4.0);
INSERT INTO t_product_language (pdt_id, pdl_label) VALUES ('J4', 'B.DE BOULETTE DE POULET JAP');
INSERT INTO t_product (pdt_id, pdt_price) VALUES ('J5', 4.0);
INSERT INTO t_product_language (pdt_id, pdl_label) VALUES ('J5', 'B.POULET JAP');
INSERT INTO t_product (pdt_id, pdt_price) VALUES ('J6', 4.0);
INSERT INTO t_product_language (pdt_id, pdl_label) VALUES ('J6', 'B.D''AILE DE POULET JAP');
INSERT INTO t_product (pdt_id, pdt_price) VALUES ('J7', 4.0);
INSERT INTO t_product_language (pdt_id, pdl_label) VALUES ('J7', 'B.DE BOEUF AU FROMAGE JAP');
INSERT INTO t_product (pdt_id, pdt_price) VALUES ('J8', 4.0);
INSERT INTO t_product_language (pdt_id, pdl_label) VALUES ('J8', 'B.DE BOEUF JAP');
INSERT INTO t_product (pdt_id, pdt_price) VALUES ('J9', 4.0);
INSERT INTO t_product_language (pdt_id, pdl_label) VALUES ('J9', 'B.DE FILET DE CANARD');
INSERT INTO t_product (pdt_id, pdt_price) VALUES ('J10', 3.5);
INSERT INTO t_product_language (pdt_id, pdl_label) VALUES ('J10', 'B.DE CHAMPIGNONS');
INSERT INTO t_product (pdt_id, pdt_price) VALUES ('J11', 5.0);
INSERT INTO t_product_language (pdt_id, pdl_label) VALUES ('J11', 'B.DE SAUMON');
INSERT INTO t_product (pdt_id, pdt_price) VALUES ('J12', 5.0);
INSERT INTO t_product_language (pdt_id, pdl_label) VALUES ('J12', 'B.DE THON');
INSERT INTO t_product (pdt_id, pdt_price) VALUES ('J13', 6.5);
INSERT INTO t_product_language (pdt_id, pdl_label) VALUES ('J13', 'B.DE CREVETTE');
INSERT INTO t_product (pdt_id, pdt_price) VALUES ('J14', 8.0);
INSERT INTO t_product_language (pdt_id, pdl_label) VALUES ('J14', 'B.DE NOIX DE ST-JACQUES');
INSERT INTO t_product (pdt_id, pdt_price) VALUES ('J15', 4.0);
INSERT INTO t_product_language (pdt_id, pdl_label) VALUES ('J15', 'MAKI CONCOMBRE');
INSERT INTO t_product (pdt_id, pdt_price) VALUES ('J16', 4.0);
INSERT INTO t_product_language (pdt_id, pdl_label) VALUES ('J16', 'MAKI RADIS SALE');
INSERT INTO t_product (pdt_id, pdt_price) VALUES ('J17', 4.5);
INSERT INTO t_product_language (pdt_id, pdl_label) VALUES ('J17', 'MAKI THON');
INSERT INTO t_product (pdt_id, pdt_price) VALUES ('J18', 4.5);
INSERT INTO t_product_language (pdt_id, pdl_label) VALUES ('J18', 'MAKI SAUMON');
INSERT INTO t_product (pdt_id, pdt_price) VALUES ('J19', 5.0);
INSERT INTO t_product_language (pdt_id, pdl_label) VALUES ('J19', 'MAKI CALIFORNIA');
INSERT INTO t_product (pdt_id, pdt_price) VALUES ('J20', 11.0);
INSERT INTO t_product_language (pdt_id, pdl_label) VALUES ('J20', 'MAKI FUTO');
INSERT INTO t_product (pdt_id, pdt_price) VALUES ('J21', 4.0);
INSERT INTO t_product_language (pdt_id, pdl_label) VALUES ('J21', 'SUSHI SAUMON');
INSERT INTO t_product (pdt_id, pdt_price) VALUES ('J22', 4.0);
INSERT INTO t_product_language (pdt_id, pdl_label) VALUES ('J22', 'SUSHI THON');
INSERT INTO t_product (pdt_id, pdt_price) VALUES ('J23', 4.0);
INSERT INTO t_product_language (pdt_id, pdl_label) VALUES ('J23', 'SUSHI CREVETTE');
INSERT INTO t_product (pdt_id, pdt_price) VALUES ('J24', 4.0);
INSERT INTO t_product_language (pdt_id, pdl_label) VALUES ('J24', 'SUSHI MAQUEREAU');
INSERT INTO t_product (pdt_id, pdt_price) VALUES ('J25', 5.0);
INSERT INTO t_product_language (pdt_id, pdl_label) VALUES ('J25', 'SUSHI DAURADE');
INSERT INTO t_product (pdt_id, pdt_price) VALUES ('J26', 4.0);
INSERT INTO t_product_language (pdt_id, pdl_label) VALUES ('J26', 'SUSHI OMELETTE');
INSERT INTO t_product (pdt_id, pdt_price) VALUES ('J27', 12.5);
INSERT INTO t_product_language (pdt_id, pdl_label) VALUES ('J27', 'ASSORTIMENT DE SUSHI');
INSERT INTO t_product (pdt_id, pdt_price) VALUES ('J28', 7.0);
INSERT INTO t_product_language (pdt_id, pdl_label) VALUES ('J28', 'SASHIMI MAQUEREAU');
INSERT INTO t_product (pdt_id, pdt_price) VALUES ('J29', 8.0);
INSERT INTO t_product_language (pdt_id, pdl_label) VALUES ('J29', 'SASHIMI SAUMON');
INSERT INTO t_product (pdt_id, pdt_price) VALUES ('J30', 8.0);
INSERT INTO t_product_language (pdt_id, pdl_label) VALUES ('J30', 'SASHIMI THON');
INSERT INTO t_product (pdt_id, pdt_price) VALUES ('J31', 9.0);
INSERT INTO t_product_language (pdt_id, pdl_label) VALUES ('J31', 'SASHIMI DAURADE');
INSERT INTO t_product (pdt_id, pdt_price) VALUES ('J32', 12.5);
INSERT INTO t_product_language (pdt_id, pdl_label) VALUES ('J32', 'ASSORTIMENT DE SASHIMI');
INSERT INTO t_product (pdt_id, pdt_price) VALUES ('MA', 8.0);
INSERT INTO t_product_language (pdt_id, pdl_label) VALUES ('MA', 'MENU JAP A');
INSERT INTO t_product (pdt_id, pdt_price) VALUES ('MB', 9.5);
INSERT INTO t_product_language (pdt_id, pdl_label) VALUES ('MB', 'MENU JAP B');
INSERT INTO t_product (pdt_id, pdt_price) VALUES ('MC', 12.5);
INSERT INTO t_product_language (pdt_id, pdl_label) VALUES ('MC', 'MENU JAP C');
INSERT INTO t_product (pdt_id, pdt_price) VALUES ('MD', 13.5);
INSERT INTO t_product_language (pdt_id, pdl_label) VALUES ('MD', 'MENU JAP D');
INSERT INTO t_product (pdt_id, pdt_price) VALUES ('ME', 16.5);
INSERT INTO t_product_language (pdt_id, pdl_label) VALUES ('ME', 'MENU JAP E');
INSERT INTO t_product (pdt_id, pdt_price) VALUES ('MF', 14.0);
INSERT INTO t_product_language (pdt_id, pdl_label) VALUES ('MF', 'MENU JAP F');
INSERT INTO t_product (pdt_id, pdt_price) VALUES ('MG', 15.5);
INSERT INTO t_product_language (pdt_id, pdl_label) VALUES ('MG', 'MENU JAP G');
INSERT INTO t_product (pdt_id, pdt_price) VALUES ('MH', 9.5);
INSERT INTO t_product_language (pdt_id, pdl_label) VALUES ('MH', 'MENU JAP H');
INSERT INTO t_product (pdt_id, pdt_price) VALUES ('MI', 13.0);
INSERT INTO t_product_language (pdt_id, pdl_label) VALUES ('MI', 'MENU JAP I');
INSERT INTO t_product (pdt_id, pdt_price) VALUES ('MJ', 18.5);
INSERT INTO t_product_language (pdt_id, pdl_label) VALUES ('MJ', 'MENU JAP J');
INSERT INTO t_product (pdt_id, pdt_price) VALUES ('MK', 17.0);
INSERT INTO t_product_language (pdt_id, pdl_label) VALUES ('MK', 'MENU JAP K');
INSERT INTO t_product (pdt_id, pdt_price) VALUES ('ML', 17.0);
INSERT INTO t_product_language (pdt_id, pdl_label) VALUES ('ML', 'MENU JAP L');
INSERT INTO t_product (pdt_id, pdt_price) VALUES ('MM', 18.5);
INSERT INTO t_product_language (pdt_id, pdl_label) VALUES ('MM', 'MENU JAP M');
INSERT INTO t_product (pdt_id, pdt_price) VALUES ('MN', 21.5);
INSERT INTO t_product_language (pdt_id, pdl_label) VALUES ('MN', 'MENU JAP N');
INSERT INTO t_product (pdt_id, pdt_price) VALUES ('MO', 22.0);
INSERT INTO t_product_language (pdt_id, pdl_label) VALUES ('MO', 'MENU JAP O');
INSERT INTO t_product (pdt_id, pdt_price) VALUES ('FX', 7.0);
INSERT INTO t_product_language (pdt_id, pdl_label) VALUES ('FX', 'FORMULE EXPRESS');
INSERT INTO t_product (pdt_id, pdt_price) VALUES ('82', 10.5);
INSERT INTO t_product_language (pdt_id, pdl_label) VALUES ('82', 'COQUILLES ST-JACQ AUX HARICOTS PLATS');
INSERT INTO t_product (pdt_id, pdt_price) VALUES ('83', 9.0);
INSERT INTO t_product_language (pdt_id, pdl_label) VALUES ('83', 'VERMICELLES SAUTEES SINGAPORIENNES');
INSERT INTO t_product (pdt_id, pdt_price) VALUES ('84', 5.0);
INSERT INTO t_product_language (pdt_id, pdl_label) VALUES ('84', 'RAVIOLIS DE SHANGHAI');
INSERT INTO t_product (pdt_id, pdt_price) VALUES ('104/', 9.5);
INSERT INTO t_product_language (pdt_id, pdl_label) VALUES ('104/', 'HORS D''OEUVRE SPECIAL PR 1 PER');
INSERT INTO t_product (pdt_id, pdt_price) VALUES ('126', 6.5);
INSERT INTO t_product_language (pdt_id, pdl_label) VALUES ('126', 'BROCHETTES DE BOEUF');
INSERT INTO t_product (pdt_id, pdt_price) VALUES ('RO', 0.0);
INSERT INTO t_product_language (pdt_id, pdl_label) VALUES ('RO', 'REPASOFFERT');
INSERT INTO t_product (pdt_id, pdt_price) VALUES ('F', 0.0);
INSERT INTO t_product_language (pdt_id, pdl_label) VALUES ('F', 'FACTURE NO.');



INSERT INTO t_category (cat_id) VALUES (1);
INSERT INTO t_category_language (cat_id, ctl_label) VALUES (1, 'VAPEURS');
INSERT INTO t_category (cat_id) VALUES (2);
INSERT INTO t_category_language (cat_id, ctl_label) VALUES (2, 'CRUSTACES');
INSERT INTO t_category (cat_id) VALUES (3);
INSERT INTO t_category_language (cat_id, ctl_label) VALUES (3, 'VIANDE');
INSERT INTO t_category (cat_id) VALUES (4);
INSERT INTO t_category_language (cat_id, ctl_label) VALUES (4, 'RIZ');
INSERT INTO t_category (cat_id) VALUES (5);
INSERT INTO t_category_language (cat_id, ctl_label) VALUES (5, 'VOLAILLE');
INSERT INTO t_category (cat_id) VALUES (6);
INSERT INTO t_category_language (cat_id, ctl_label) VALUES (6, 'ALCOOL');
INSERT INTO t_category (cat_id) VALUES (7);
INSERT INTO t_category_language (cat_id, ctl_label) VALUES (7, 'VIN');
INSERT INTO t_category (cat_id) VALUES (8);
INSERT INTO t_category_language (cat_id, ctl_label) VALUES (8, 'CAFE THE INFUSION');
INSERT INTO t_category (cat_id) VALUES (9);
INSERT INTO t_category_language (cat_id, ctl_label) VALUES (9, 'EAU JUS SODA');
INSERT INTO t_category (cat_id) VALUES (10);
INSERT INTO t_category_language (cat_id, ctl_label) VALUES (10, 'BIERE');
INSERT INTO t_category (cat_id) VALUES (11);
INSERT INTO t_category_language (cat_id, ctl_label) VALUES (11, 'FRUITS ET LEGUME');
INSERT INTO t_category (cat_id) VALUES (12);
INSERT INTO t_category_language (cat_id, ctl_label) VALUES (12, 'GLACE');
INSERT INTO t_category (cat_id) VALUES (13);
INSERT INTO t_category_language (cat_id, ctl_label) VALUES (13, 'POISSON');



INSERT INTO t_category_relation (ctr_id, pdt_id, cat_id, ctr_quantity) VALUES (1, '1', 2, 0.0);
INSERT INTO t_category_relation (ctr_id, pdt_id, cat_id, ctr_quantity) VALUES (2, '1/4', 7, 0.0);
INSERT INTO t_category_relation (ctr_id, pdt_id, cat_id, ctr_quantity) VALUES (3, '10', 3, 0.0);
INSERT INTO t_category_relation (ctr_id, pdt_id, cat_id, ctr_quantity) VALUES (4, '10', 11, 0.0);
INSERT INTO t_category_relation (ctr_id, pdt_id, cat_id, ctr_quantity) VALUES (5, 'A7', 7, 0.0);
INSERT INTO t_category_relation (ctr_id, pdt_id, cat_id, ctr_quantity) VALUES (6, '100', 3, 0.0);
INSERT INTO t_category_relation (ctr_id, pdt_id, cat_id, ctr_quantity) VALUES (7, '101', 11, 0.0);
INSERT INTO t_category_relation (ctr_id, pdt_id, cat_id, ctr_quantity) VALUES (8, '101', 2, 0.0);
INSERT INTO t_category_relation (ctr_id, pdt_id, cat_id, ctr_quantity) VALUES (9, '102', 2, 0.0);
INSERT INTO t_category_relation (ctr_id, pdt_id, cat_id, ctr_quantity) VALUES (10, '103', 2, 0.0);
INSERT INTO t_category_relation (ctr_id, pdt_id, cat_id, ctr_quantity) VALUES (11, '104', 1, 0.0);
INSERT INTO t_category_relation (ctr_id, pdt_id, cat_id, ctr_quantity) VALUES (12, '104', 2, 0.0);
INSERT INTO t_category_relation (ctr_id, pdt_id, cat_id, ctr_quantity) VALUES (13, '104', 3, 0.0);
INSERT INTO t_category_relation (ctr_id, pdt_id, cat_id, ctr_quantity) VALUES (14, '105', 2, 0.0);
INSERT INTO t_category_relation (ctr_id, pdt_id, cat_id, ctr_quantity) VALUES (15, '106', 3, 0.0);
INSERT INTO t_category_relation (ctr_id, pdt_id, cat_id, ctr_quantity) VALUES (16, 'A6', 7, 0.0);
INSERT INTO t_category_relation (ctr_id, pdt_id, cat_id, ctr_quantity) VALUES (17, '107', 2, 0.0);
INSERT INTO t_category_relation (ctr_id, pdt_id, cat_id, ctr_quantity) VALUES (18, '108', 2, 0.0);
INSERT INTO t_category_relation (ctr_id, pdt_id, cat_id, ctr_quantity) VALUES (19, '109', 2, 0.0);
INSERT INTO t_category_relation (ctr_id, pdt_id, cat_id, ctr_quantity) VALUES (20, '11', 3, 0.0);
INSERT INTO t_category_relation (ctr_id, pdt_id, cat_id, ctr_quantity) VALUES (21, '11', 11, 0.0);
INSERT INTO t_category_relation (ctr_id, pdt_id, cat_id, ctr_quantity) VALUES (22, '110', 5, 0.0);
INSERT INTO t_category_relation (ctr_id, pdt_id, cat_id, ctr_quantity) VALUES (23, '111', 2, 0.0);
INSERT INTO t_category_relation (ctr_id, pdt_id, cat_id, ctr_quantity) VALUES (24, '112', 2, 0.0);
INSERT INTO t_category_relation (ctr_id, pdt_id, cat_id, ctr_quantity) VALUES (25, '113', 2, 0.0);
INSERT INTO t_category_relation (ctr_id, pdt_id, cat_id, ctr_quantity) VALUES (26, '114', 2, 0.0);
INSERT INTO t_category_relation (ctr_id, pdt_id, cat_id, ctr_quantity) VALUES (27, '115', 2, 0.0);
INSERT INTO t_category_relation (ctr_id, pdt_id, cat_id, ctr_quantity) VALUES (28, '116', 11, 0.0);
INSERT INTO t_category_relation (ctr_id, pdt_id, cat_id, ctr_quantity) VALUES (29, '116', 2, 0.0);
INSERT INTO t_category_relation (ctr_id, pdt_id, cat_id, ctr_quantity) VALUES (30, '117', 11, 0.0);
INSERT INTO t_category_relation (ctr_id, pdt_id, cat_id, ctr_quantity) VALUES (31, '117', 2, 0.0);
INSERT INTO t_category_relation (ctr_id, pdt_id, cat_id, ctr_quantity) VALUES (32, '118', 5, 0.0);
INSERT INTO t_category_relation (ctr_id, pdt_id, cat_id, ctr_quantity) VALUES (33, '119', 2, 0.0);
INSERT INTO t_category_relation (ctr_id, pdt_id, cat_id, ctr_quantity) VALUES (34, '12', 11, 0.0);
INSERT INTO t_category_relation (ctr_id, pdt_id, cat_id, ctr_quantity) VALUES (35, '12', 2, 0.0);
INSERT INTO t_category_relation (ctr_id, pdt_id, cat_id, ctr_quantity) VALUES (36, '120', 3, 0.0);
INSERT INTO t_category_relation (ctr_id, pdt_id, cat_id, ctr_quantity) VALUES (37, '121', 5, 0.0);
INSERT INTO t_category_relation (ctr_id, pdt_id, cat_id, ctr_quantity) VALUES (38, '122', 2, 0.0);
INSERT INTO t_category_relation (ctr_id, pdt_id, cat_id, ctr_quantity) VALUES (39, '123', 3, 0.0);
INSERT INTO t_category_relation (ctr_id, pdt_id, cat_id, ctr_quantity) VALUES (40, '124', 2, 0.0);
INSERT INTO t_category_relation (ctr_id, pdt_id, cat_id, ctr_quantity) VALUES (41, '125', 3, 0.0);
INSERT INTO t_category_relation (ctr_id, pdt_id, cat_id, ctr_quantity) VALUES (42, '125', 11, 0.0);
INSERT INTO t_category_relation (ctr_id, pdt_id, cat_id, ctr_quantity) VALUES (43, 'V1', 1, 0.0);
INSERT INTO t_category_relation (ctr_id, pdt_id, cat_id, ctr_quantity) VALUES (44, '127', 3, 0.0);
INSERT INTO t_category_relation (ctr_id, pdt_id, cat_id, ctr_quantity) VALUES (45, '22', 4, 0.0);
INSERT INTO t_category_relation (ctr_id, pdt_id, cat_id, ctr_quantity) VALUES (46, '129', 3, 0.0);
INSERT INTO t_category_relation (ctr_id, pdt_id, cat_id, ctr_quantity) VALUES (47, '13', 2, 0.0);
INSERT INTO t_category_relation (ctr_id, pdt_id, cat_id, ctr_quantity) VALUES (48, '130', 3, 0.0);
INSERT INTO t_category_relation (ctr_id, pdt_id, cat_id, ctr_quantity) VALUES (49, '131', 2, 0.0);
INSERT INTO t_category_relation (ctr_id, pdt_id, cat_id, ctr_quantity) VALUES (50, '132', 5, 0.0);
INSERT INTO t_category_relation (ctr_id, pdt_id, cat_id, ctr_quantity) VALUES (51, '14', 5, 0.0);
INSERT INTO t_category_relation (ctr_id, pdt_id, cat_id, ctr_quantity) VALUES (52, '14', 11, 0.0);
INSERT INTO t_category_relation (ctr_id, pdt_id, cat_id, ctr_quantity) VALUES (53, '15', 2, 0.0);
INSERT INTO t_category_relation (ctr_id, pdt_id, cat_id, ctr_quantity) VALUES (54, '16', 2, 0.0);
INSERT INTO t_category_relation (ctr_id, pdt_id, cat_id, ctr_quantity) VALUES (55, '18', 2, 0.0);
INSERT INTO t_category_relation (ctr_id, pdt_id, cat_id, ctr_quantity) VALUES (56, '19', 2, 0.0);
INSERT INTO t_category_relation (ctr_id, pdt_id, cat_id, ctr_quantity) VALUES (57, '2', 2, 0.0);
INSERT INTO t_category_relation (ctr_id, pdt_id, cat_id, ctr_quantity) VALUES (58, '20', 2, 0.0);
INSERT INTO t_category_relation (ctr_id, pdt_id, cat_id, ctr_quantity) VALUES (59, '21', 2, 0.0);
INSERT INTO t_category_relation (ctr_id, pdt_id, cat_id, ctr_quantity) VALUES (60, '22', 2, 0.0);
INSERT INTO t_category_relation (ctr_id, pdt_id, cat_id, ctr_quantity) VALUES (61, '23', 2, 0.0);
INSERT INTO t_category_relation (ctr_id, pdt_id, cat_id, ctr_quantity) VALUES (62, '24', 2, 0.0);
INSERT INTO t_category_relation (ctr_id, pdt_id, cat_id, ctr_quantity) VALUES (63, '25', 2, 0.0);
INSERT INTO t_category_relation (ctr_id, pdt_id, cat_id, ctr_quantity) VALUES (64, '25', 11, 0.0);
INSERT INTO t_category_relation (ctr_id, pdt_id, cat_id, ctr_quantity) VALUES (65, '26', 2, 0.0);
INSERT INTO t_category_relation (ctr_id, pdt_id, cat_id, ctr_quantity) VALUES (66, '27', 2, 0.0);
INSERT INTO t_category_relation (ctr_id, pdt_id, cat_id, ctr_quantity) VALUES (67, '28', 2, 0.0);
INSERT INTO t_category_relation (ctr_id, pdt_id, cat_id, ctr_quantity) VALUES (68, '29', 2, 0.0);
INSERT INTO t_category_relation (ctr_id, pdt_id, cat_id, ctr_quantity) VALUES (69, '3', 5, 0.0);
INSERT INTO t_category_relation (ctr_id, pdt_id, cat_id, ctr_quantity) VALUES (70, '30', 2, 0.0);
INSERT INTO t_category_relation (ctr_id, pdt_id, cat_id, ctr_quantity) VALUES (71, '31', 2, 0.0);
INSERT INTO t_category_relation (ctr_id, pdt_id, cat_id, ctr_quantity) VALUES (72, '32', 2, 0.0);
INSERT INTO t_category_relation (ctr_id, pdt_id, cat_id, ctr_quantity) VALUES (73, '33', 2, 0.0);
INSERT INTO t_category_relation (ctr_id, pdt_id, cat_id, ctr_quantity) VALUES (74, '34', 5, 0.0);
INSERT INTO t_category_relation (ctr_id, pdt_id, cat_id, ctr_quantity) VALUES (75, '35', 5, 0.0);
INSERT INTO t_category_relation (ctr_id, pdt_id, cat_id, ctr_quantity) VALUES (76, '35', 11, 0.0);
INSERT INTO t_category_relation (ctr_id, pdt_id, cat_id, ctr_quantity) VALUES (77, '36', 5, 0.0);
INSERT INTO t_category_relation (ctr_id, pdt_id, cat_id, ctr_quantity) VALUES (78, '37', 5, 0.0);
INSERT INTO t_category_relation (ctr_id, pdt_id, cat_id, ctr_quantity) VALUES (79, '38', 5, 0.0);
INSERT INTO t_category_relation (ctr_id, pdt_id, cat_id, ctr_quantity) VALUES (80, '39', 5, 0.0);
INSERT INTO t_category_relation (ctr_id, pdt_id, cat_id, ctr_quantity) VALUES (81, '4', 2, 0.0);
INSERT INTO t_category_relation (ctr_id, pdt_id, cat_id, ctr_quantity) VALUES (82, '40', 5, 0.0);
INSERT INTO t_category_relation (ctr_id, pdt_id, cat_id, ctr_quantity) VALUES (83, '41', 5, 0.0);
INSERT INTO t_category_relation (ctr_id, pdt_id, cat_id, ctr_quantity) VALUES (84, '41', 11, 0.0);
INSERT INTO t_category_relation (ctr_id, pdt_id, cat_id, ctr_quantity) VALUES (85, '42', 5, 0.0);
INSERT INTO t_category_relation (ctr_id, pdt_id, cat_id, ctr_quantity) VALUES (86, '43', 5, 0.0);
INSERT INTO t_category_relation (ctr_id, pdt_id, cat_id, ctr_quantity) VALUES (87, '44', 5, 0.0);
INSERT INTO t_category_relation (ctr_id, pdt_id, cat_id, ctr_quantity) VALUES (88, '45', 5, 0.0);
INSERT INTO t_category_relation (ctr_id, pdt_id, cat_id, ctr_quantity) VALUES (89, '45', 11, 0.0);
INSERT INTO t_category_relation (ctr_id, pdt_id, cat_id, ctr_quantity) VALUES (90, '46', 5, 0.0);
INSERT INTO t_category_relation (ctr_id, pdt_id, cat_id, ctr_quantity) VALUES (91, '47', 5, 0.0);
INSERT INTO t_category_relation (ctr_id, pdt_id, cat_id, ctr_quantity) VALUES (92, '48', 3, 0.0);
INSERT INTO t_category_relation (ctr_id, pdt_id, cat_id, ctr_quantity) VALUES (93, '5', 5, 0.0);
INSERT INTO t_category_relation (ctr_id, pdt_id, cat_id, ctr_quantity) VALUES (94, '50', 3, 0.0);
INSERT INTO t_category_relation (ctr_id, pdt_id, cat_id, ctr_quantity) VALUES (95, '51', 3, 0.0);
INSERT INTO t_category_relation (ctr_id, pdt_id, cat_id, ctr_quantity) VALUES (96, '52', 3, 0.0);
INSERT INTO t_category_relation (ctr_id, pdt_id, cat_id, ctr_quantity) VALUES (97, '53', 3, 0.0);
INSERT INTO t_category_relation (ctr_id, pdt_id, cat_id, ctr_quantity) VALUES (98, '54', 3, 0.0);
INSERT INTO t_category_relation (ctr_id, pdt_id, cat_id, ctr_quantity) VALUES (99, '55', 3, 0.0);
INSERT INTO t_category_relation (ctr_id, pdt_id, cat_id, ctr_quantity) VALUES (100, '55', 11, 0.0);
INSERT INTO t_category_relation (ctr_id, pdt_id, cat_id, ctr_quantity) VALUES (101, '56', 3, 0.0);
INSERT INTO t_category_relation (ctr_id, pdt_id, cat_id, ctr_quantity) VALUES (102, '56', 11, 0.0);
INSERT INTO t_category_relation (ctr_id, pdt_id, cat_id, ctr_quantity) VALUES (103, '57', 3, 0.0);
INSERT INTO t_category_relation (ctr_id, pdt_id, cat_id, ctr_quantity) VALUES (104, '57', 11, 0.0);
INSERT INTO t_category_relation (ctr_id, pdt_id, cat_id, ctr_quantity) VALUES (105, '58', 3, 0.0);
INSERT INTO t_category_relation (ctr_id, pdt_id, cat_id, ctr_quantity) VALUES (106, '58', 11, 0.0);
INSERT INTO t_category_relation (ctr_id, pdt_id, cat_id, ctr_quantity) VALUES (107, '59', 3, 0.0);
INSERT INTO t_category_relation (ctr_id, pdt_id, cat_id, ctr_quantity) VALUES (108, '59', 11, 0.0);
INSERT INTO t_category_relation (ctr_id, pdt_id, cat_id, ctr_quantity) VALUES (109, '6', 2, 0.0);
INSERT INTO t_category_relation (ctr_id, pdt_id, cat_id, ctr_quantity) VALUES (110, '60', 3, 0.0);
INSERT INTO t_category_relation (ctr_id, pdt_id, cat_id, ctr_quantity) VALUES (111, '61', 3, 0.0);
INSERT INTO t_category_relation (ctr_id, pdt_id, cat_id, ctr_quantity) VALUES (112, '61', 11, 0.0);
INSERT INTO t_category_relation (ctr_id, pdt_id, cat_id, ctr_quantity) VALUES (113, '62', 3, 0.0);
INSERT INTO t_category_relation (ctr_id, pdt_id, cat_id, ctr_quantity) VALUES (114, 'V1', 2, 0.0);
INSERT INTO t_category_relation (ctr_id, pdt_id, cat_id, ctr_quantity) VALUES (115, '64', 3, 0.0);
INSERT INTO t_category_relation (ctr_id, pdt_id, cat_id, ctr_quantity) VALUES (116, '65', 3, 0.0);
INSERT INTO t_category_relation (ctr_id, pdt_id, cat_id, ctr_quantity) VALUES (117, '65', 11, 0.0);
INSERT INTO t_category_relation (ctr_id, pdt_id, cat_id, ctr_quantity) VALUES (118, '66', 11, 0.0);
INSERT INTO t_category_relation (ctr_id, pdt_id, cat_id, ctr_quantity) VALUES (119, '67', 11, 0.0);
INSERT INTO t_category_relation (ctr_id, pdt_id, cat_id, ctr_quantity) VALUES (120, '68', 11, 0.0);
INSERT INTO t_category_relation (ctr_id, pdt_id, cat_id, ctr_quantity) VALUES (121, '69', 5, 0.0);
INSERT INTO t_category_relation (ctr_id, pdt_id, cat_id, ctr_quantity) VALUES (122, '69', 11, 0.0);
INSERT INTO t_category_relation (ctr_id, pdt_id, cat_id, ctr_quantity) VALUES (123, '7', 5, 0.0);
INSERT INTO t_category_relation (ctr_id, pdt_id, cat_id, ctr_quantity) VALUES (124, '7', 11, 0.0);
INSERT INTO t_category_relation (ctr_id, pdt_id, cat_id, ctr_quantity) VALUES (125, '70', 3, 0.0);
INSERT INTO t_category_relation (ctr_id, pdt_id, cat_id, ctr_quantity) VALUES (126, '70', 11, 0.0);
INSERT INTO t_category_relation (ctr_id, pdt_id, cat_id, ctr_quantity) VALUES (127, '71', 3, 0.0);
INSERT INTO t_category_relation (ctr_id, pdt_id, cat_id, ctr_quantity) VALUES (128, '71', 11, 0.0);
INSERT INTO t_category_relation (ctr_id, pdt_id, cat_id, ctr_quantity) VALUES (129, '72', 4, 0.0);
INSERT INTO t_category_relation (ctr_id, pdt_id, cat_id, ctr_quantity) VALUES (130, '73', 4, 0.0);
INSERT INTO t_category_relation (ctr_id, pdt_id, cat_id, ctr_quantity) VALUES (131, '73B', 4, 0.0);
INSERT INTO t_category_relation (ctr_id, pdt_id, cat_id, ctr_quantity) VALUES (132, '74', 2, 0.0);
INSERT INTO t_category_relation (ctr_id, pdt_id, cat_id, ctr_quantity) VALUES (133, '74', 4, 0.0);
INSERT INTO t_category_relation (ctr_id, pdt_id, cat_id, ctr_quantity) VALUES (134, '75', 11, 0.0);
INSERT INTO t_category_relation (ctr_id, pdt_id, cat_id, ctr_quantity) VALUES (135, '76', 4, 0.0);
INSERT INTO t_category_relation (ctr_id, pdt_id, cat_id, ctr_quantity) VALUES (136, '76', 5, 0.0);
INSERT INTO t_category_relation (ctr_id, pdt_id, cat_id, ctr_quantity) VALUES (137, '77', 11, 0.0);
INSERT INTO t_category_relation (ctr_id, pdt_id, cat_id, ctr_quantity) VALUES (138, '78', 2, 0.0);
INSERT INTO t_category_relation (ctr_id, pdt_id, cat_id, ctr_quantity) VALUES (139, '78', 11, 0.0);
INSERT INTO t_category_relation (ctr_id, pdt_id, cat_id, ctr_quantity) VALUES (140, '8', 5, 0.0);
INSERT INTO t_category_relation (ctr_id, pdt_id, cat_id, ctr_quantity) VALUES (141, '8', 11, 0.0);
INSERT INTO t_category_relation (ctr_id, pdt_id, cat_id, ctr_quantity) VALUES (142, '85', 5, 0.0);
INSERT INTO t_category_relation (ctr_id, pdt_id, cat_id, ctr_quantity) VALUES (143, '86', 3, 0.0);
INSERT INTO t_category_relation (ctr_id, pdt_id, cat_id, ctr_quantity) VALUES (144, '87', 2, 0.0);
INSERT INTO t_category_relation (ctr_id, pdt_id, cat_id, ctr_quantity) VALUES (145, '88', 3, 0.0);
INSERT INTO t_category_relation (ctr_id, pdt_id, cat_id, ctr_quantity) VALUES (146, '89', 3, 0.0);
INSERT INTO t_category_relation (ctr_id, pdt_id, cat_id, ctr_quantity) VALUES (147, '9', 2, 0.0);
INSERT INTO t_category_relation (ctr_id, pdt_id, cat_id, ctr_quantity) VALUES (148, '9', 3, 0.0);
INSERT INTO t_category_relation (ctr_id, pdt_id, cat_id, ctr_quantity) VALUES (149, '9', 11, 0.0);
INSERT INTO t_category_relation (ctr_id, pdt_id, cat_id, ctr_quantity) VALUES (150, '90', 3, 0.0);
INSERT INTO t_category_relation (ctr_id, pdt_id, cat_id, ctr_quantity) VALUES (151, '91', 2, 0.0);
INSERT INTO t_category_relation (ctr_id, pdt_id, cat_id, ctr_quantity) VALUES (152, '92', 3, 0.0);
INSERT INTO t_category_relation (ctr_id, pdt_id, cat_id, ctr_quantity) VALUES (153, '93', 2, 0.0);
INSERT INTO t_category_relation (ctr_id, pdt_id, cat_id, ctr_quantity) VALUES (154, '94', 2, 0.0);
INSERT INTO t_category_relation (ctr_id, pdt_id, cat_id, ctr_quantity) VALUES (155, '95', 2, 0.0);
INSERT INTO t_category_relation (ctr_id, pdt_id, cat_id, ctr_quantity) VALUES (156, '96', 2, 0.0);
INSERT INTO t_category_relation (ctr_id, pdt_id, cat_id, ctr_quantity) VALUES (157, '97', 5, 0.0);
INSERT INTO t_category_relation (ctr_id, pdt_id, cat_id, ctr_quantity) VALUES (158, '98', 2, 0.0);
INSERT INTO t_category_relation (ctr_id, pdt_id, cat_id, ctr_quantity) VALUES (159, '98', 3, 0.0);
INSERT INTO t_category_relation (ctr_id, pdt_id, cat_id, ctr_quantity) VALUES (160, '98', 5, 0.0);
INSERT INTO t_category_relation (ctr_id, pdt_id, cat_id, ctr_quantity) VALUES (161, '98', 11, 0.0);
INSERT INTO t_category_relation (ctr_id, pdt_id, cat_id, ctr_quantity) VALUES (162, '99', 2, 0.0);
INSERT INTO t_category_relation (ctr_id, pdt_id, cat_id, ctr_quantity) VALUES (163, 'A5', 6, 0.0);
INSERT INTO t_category_relation (ctr_id, pdt_id, cat_id, ctr_quantity) VALUES (164, 'A0', 9, 0.0);
INSERT INTO t_category_relation (ctr_id, pdt_id, cat_id, ctr_quantity) VALUES (165, 'A1', 6, 0.0);
INSERT INTO t_category_relation (ctr_id, pdt_id, cat_id, ctr_quantity) VALUES (166, 'A2', 6, 0.0);
INSERT INTO t_category_relation (ctr_id, pdt_id, cat_id, ctr_quantity) VALUES (167, 'A3', 6, 0.0);
INSERT INTO t_category_relation (ctr_id, pdt_id, cat_id, ctr_quantity) VALUES (168, 'A4', 6, 0.0);
INSERT INTO t_category_relation (ctr_id, pdt_id, cat_id, ctr_quantity) VALUES (169, 'AP', 6, 0.0);
INSERT INTO t_category_relation (ctr_id, pdt_id, cat_id, ctr_quantity) VALUES (170, 'BJA', 10, 0.0);
INSERT INTO t_category_relation (ctr_id, pdt_id, cat_id, ctr_quantity) VALUES (171, 'BC', 10, 0.0);
INSERT INTO t_category_relation (ctr_id, pdt_id, cat_id, ctr_quantity) VALUES (172, 'BE', 11, 0.0);
INSERT INTO t_category_relation (ctr_id, pdt_id, cat_id, ctr_quantity) VALUES (173, 'BF', 6, 0.0);
INSERT INTO t_category_relation (ctr_id, pdt_id, cat_id, ctr_quantity) VALUES (174, 'BF', 11, 0.0);
INSERT INTO t_category_relation (ctr_id, pdt_id, cat_id, ctr_quantity) VALUES (175, 'BFM', 6, 0.0);
INSERT INTO t_category_relation (ctr_id, pdt_id, cat_id, ctr_quantity) VALUES (176, 'BFM', 11, 0.0);
INSERT INTO t_category_relation (ctr_id, pdt_id, cat_id, ctr_quantity) VALUES (177, 'BH', 10, 0.0);
INSERT INTO t_category_relation (ctr_id, pdt_id, cat_id, ctr_quantity) VALUES (178, 'BJ', 7, 0.0);
INSERT INTO t_category_relation (ctr_id, pdt_id, cat_id, ctr_quantity) VALUES (179, 'BJ/', 7, 0.0);
INSERT INTO t_category_relation (ctr_id, pdt_id, cat_id, ctr_quantity) VALUES (180, 'BO', 7, 0.0);
INSERT INTO t_category_relation (ctr_id, pdt_id, cat_id, ctr_quantity) VALUES (181, 'BO/', 7, 0.0);
INSERT INTO t_category_relation (ctr_id, pdt_id, cat_id, ctr_quantity) VALUES (182, 'BOI', 6, 0.0);
INSERT INTO t_category_relation (ctr_id, pdt_id, cat_id, ctr_quantity) VALUES (183, 'BOI', 7, 0.0);
INSERT INTO t_category_relation (ctr_id, pdt_id, cat_id, ctr_quantity) VALUES (184, 'BT', 10, 0.0);
INSERT INTO t_category_relation (ctr_id, pdt_id, cat_id, ctr_quantity) VALUES (185, 'BX', 7, 0.0);
INSERT INTO t_category_relation (ctr_id, pdt_id, cat_id, ctr_quantity) VALUES (186, 'BX/', 7, 0.0);
INSERT INTO t_category_relation (ctr_id, pdt_id, cat_id, ctr_quantity) VALUES (187, 'BY', 7, 0.0);
INSERT INTO t_category_relation (ctr_id, pdt_id, cat_id, ctr_quantity) VALUES (188, 'BY/', 7, 0.0);
INSERT INTO t_category_relation (ctr_id, pdt_id, cat_id, ctr_quantity) VALUES (189, 'CPV', 7, 0.0);
INSERT INTO t_category_relation (ctr_id, pdt_id, cat_id, ctr_quantity) VALUES (190, 'CA', 7, 0.0);
INSERT INTO t_category_relation (ctr_id, pdt_id, cat_id, ctr_quantity) VALUES (191, 'CA/', 7, 0.0);
INSERT INTO t_category_relation (ctr_id, pdt_id, cat_id, ctr_quantity) VALUES (192, 'CF', 8, 0.0);
INSERT INTO t_category_relation (ctr_id, pdt_id, cat_id, ctr_quantity) VALUES (193, 'CFO', 8, 0.0);
INSERT INTO t_category_relation (ctr_id, pdt_id, cat_id, ctr_quantity) VALUES (194, 'CH', 7, 0.0);
INSERT INTO t_category_relation (ctr_id, pdt_id, cat_id, ctr_quantity) VALUES (195, 'CHV', 7, 0.0);
INSERT INTO t_category_relation (ctr_id, pdt_id, cat_id, ctr_quantity) VALUES (196, 'CO', 9, 0.0);
INSERT INTO t_category_relation (ctr_id, pdt_id, cat_id, ctr_quantity) VALUES (197, 'CP', 7, 0.0);
INSERT INTO t_category_relation (ctr_id, pdt_id, cat_id, ctr_quantity) VALUES (198, 'CP/', 7, 0.0);
INSERT INTO t_category_relation (ctr_id, pdt_id, cat_id, ctr_quantity) VALUES (199, 'CR', 7, 0.0);
INSERT INTO t_category_relation (ctr_id, pdt_id, cat_id, ctr_quantity) VALUES (200, 'CR/', 7, 0.0);
INSERT INTO t_category_relation (ctr_id, pdt_id, cat_id, ctr_quantity) VALUES (201, 'CV', 8, 0.0);
INSERT INTO t_category_relation (ctr_id, pdt_id, cat_id, ctr_quantity) VALUES (202, 'V8', 1, 0.0);
INSERT INTO t_category_relation (ctr_id, pdt_id, cat_id, ctr_quantity) VALUES (203, 'V7', 1, 0.0);
INSERT INTO t_category_relation (ctr_id, pdt_id, cat_id, ctr_quantity) VALUES (204, 'DG', 6, 0.0);
INSERT INTO t_category_relation (ctr_id, pdt_id, cat_id, ctr_quantity) VALUES (205, 'DG1', 6, 0.0);
INSERT INTO t_category_relation (ctr_id, pdt_id, cat_id, ctr_quantity) VALUES (206, 'DG2', 6, 0.0);
INSERT INTO t_category_relation (ctr_id, pdt_id, cat_id, ctr_quantity) VALUES (207, 'DGO', 6, 0.0);
INSERT INTO t_category_relation (ctr_id, pdt_id, cat_id, ctr_quantity) VALUES (208, 'V6', 1, 0.0);
INSERT INTO t_category_relation (ctr_id, pdt_id, cat_id, ctr_quantity) VALUES (209, 'V5', 1, 0.0);
INSERT INTO t_category_relation (ctr_id, pdt_id, cat_id, ctr_quantity) VALUES (210, 'FF', 11, 0.0);
INSERT INTO t_category_relation (ctr_id, pdt_id, cat_id, ctr_quantity) VALUES (211, 'FN', 11, 0.0);
INSERT INTO t_category_relation (ctr_id, pdt_id, cat_id, ctr_quantity) VALUES (212, 'V4', 1, 0.0);
INSERT INTO t_category_relation (ctr_id, pdt_id, cat_id, ctr_quantity) VALUES (213, 'GL', 12, 0.0);
INSERT INTO t_category_relation (ctr_id, pdt_id, cat_id, ctr_quantity) VALUES (214, 'GL1', 12, 0.0);
INSERT INTO t_category_relation (ctr_id, pdt_id, cat_id, ctr_quantity) VALUES (215, 'GL2', 12, 0.0);
INSERT INTO t_category_relation (ctr_id, pdt_id, cat_id, ctr_quantity) VALUES (216, 'GL3', 12, 0.0);
INSERT INTO t_category_relation (ctr_id, pdt_id, cat_id, ctr_quantity) VALUES (217, 'GLF', 6, 0.0);
INSERT INTO t_category_relation (ctr_id, pdt_id, cat_id, ctr_quantity) VALUES (218, 'GLF', 12, 0.0);
INSERT INTO t_category_relation (ctr_id, pdt_id, cat_id, ctr_quantity) VALUES (219, 'GLO', 12, 0.0);
INSERT INTO t_category_relation (ctr_id, pdt_id, cat_id, ctr_quantity) VALUES (220, 'GP', 12, 0.0);
INSERT INTO t_category_relation (ctr_id, pdt_id, cat_id, ctr_quantity) VALUES (221, 'V3', 1, 0.0);
INSERT INTO t_category_relation (ctr_id, pdt_id, cat_id, ctr_quantity) VALUES (222, 'IR', 6, 0.0);
INSERT INTO t_category_relation (ctr_id, pdt_id, cat_id, ctr_quantity) VALUES (223, 'IR', 8, 0.0);
INSERT INTO t_category_relation (ctr_id, pdt_id, cat_id, ctr_quantity) VALUES (224, 'J', 9, 0.0);
INSERT INTO t_category_relation (ctr_id, pdt_id, cat_id, ctr_quantity) VALUES (225, 'V2', 1, 0.0);
INSERT INTO t_category_relation (ctr_id, pdt_id, cat_id, ctr_quantity) VALUES (226, 'MUV', 7, 0.0);
INSERT INTO t_category_relation (ctr_id, pdt_id, cat_id, ctr_quantity) VALUES (227, 'MU', 7, 0.0);
INSERT INTO t_category_relation (ctr_id, pdt_id, cat_id, ctr_quantity) VALUES (228, 'MU/', 7, 0.0);
INSERT INTO t_category_relation (ctr_id, pdt_id, cat_id, ctr_quantity) VALUES (229, 'O', 9, 0.0);
INSERT INTO t_category_relation (ctr_id, pdt_id, cat_id, ctr_quantity) VALUES (230, 'O/', 9, 0.0);
INSERT INTO t_category_relation (ctr_id, pdt_id, cat_id, ctr_quantity) VALUES (231, 'P', 1, 0.0);
INSERT INTO t_category_relation (ctr_id, pdt_id, cat_id, ctr_quantity) VALUES (232, 'PC', 11, 0.0);
INSERT INTO t_category_relation (ctr_id, pdt_id, cat_id, ctr_quantity) VALUES (233, 'PF/', 7, 0.0);
INSERT INTO t_category_relation (ctr_id, pdt_id, cat_id, ctr_quantity) VALUES (234, 'PF', 7, 0.0);
INSERT INTO t_category_relation (ctr_id, pdt_id, cat_id, ctr_quantity) VALUES (235, 'SC', 7, 0.0);
INSERT INTO t_category_relation (ctr_id, pdt_id, cat_id, ctr_quantity) VALUES (236, 'SC/', 7, 0.0);
INSERT INTO t_category_relation (ctr_id, pdt_id, cat_id, ctr_quantity) VALUES (237, 'ST', 7, 0.0);
INSERT INTO t_category_relation (ctr_id, pdt_id, cat_id, ctr_quantity) VALUES (238, 'ST/', 7, 0.0);
INSERT INTO t_category_relation (ctr_id, pdt_id, cat_id, ctr_quantity) VALUES (239, 'T', 8, 0.0);
INSERT INTO t_category_relation (ctr_id, pdt_id, cat_id, ctr_quantity) VALUES (240, 'T1', 2, 0.0);
INSERT INTO t_category_relation (ctr_id, pdt_id, cat_id, ctr_quantity) VALUES (241, 'T10', 2, 0.0);
INSERT INTO t_category_relation (ctr_id, pdt_id, cat_id, ctr_quantity) VALUES (242, 'T11', 2, 0.0);
INSERT INTO t_category_relation (ctr_id, pdt_id, cat_id, ctr_quantity) VALUES (243, 'T12', 2, 0.0);
INSERT INTO t_category_relation (ctr_id, pdt_id, cat_id, ctr_quantity) VALUES (244, 'T13', 5, 0.0);
INSERT INTO t_category_relation (ctr_id, pdt_id, cat_id, ctr_quantity) VALUES (245, 'T14', 5, 0.0);
INSERT INTO t_category_relation (ctr_id, pdt_id, cat_id, ctr_quantity) VALUES (246, 'T15', 3, 0.0);
INSERT INTO t_category_relation (ctr_id, pdt_id, cat_id, ctr_quantity) VALUES (247, 'T16', 3, 0.0);
INSERT INTO t_category_relation (ctr_id, pdt_id, cat_id, ctr_quantity) VALUES (248, 'T17', 5, 0.0);
INSERT INTO t_category_relation (ctr_id, pdt_id, cat_id, ctr_quantity) VALUES (249, 'T18', 2, 0.0);
INSERT INTO t_category_relation (ctr_id, pdt_id, cat_id, ctr_quantity) VALUES (250, 'T18', 3, 0.0);
INSERT INTO t_category_relation (ctr_id, pdt_id, cat_id, ctr_quantity) VALUES (251, 'T18', 5, 0.0);
INSERT INTO t_category_relation (ctr_id, pdt_id, cat_id, ctr_quantity) VALUES (252, 'T18', 11, 0.0);
INSERT INTO t_category_relation (ctr_id, pdt_id, cat_id, ctr_quantity) VALUES (253, 'T19', 2, 0.0);
INSERT INTO t_category_relation (ctr_id, pdt_id, cat_id, ctr_quantity) VALUES (254, 'T2', 3, 0.0);
INSERT INTO t_category_relation (ctr_id, pdt_id, cat_id, ctr_quantity) VALUES (255, 'T2', 11, 0.0);
INSERT INTO t_category_relation (ctr_id, pdt_id, cat_id, ctr_quantity) VALUES (256, 'T20', 2, 0.0);
INSERT INTO t_category_relation (ctr_id, pdt_id, cat_id, ctr_quantity) VALUES (257, 'T21', 2, 0.0);
INSERT INTO t_category_relation (ctr_id, pdt_id, cat_id, ctr_quantity) VALUES (258, 'T22', 4, 0.0);
INSERT INTO t_category_relation (ctr_id, pdt_id, cat_id, ctr_quantity) VALUES (259, 'T23', 2, 0.0);
INSERT INTO t_category_relation (ctr_id, pdt_id, cat_id, ctr_quantity) VALUES (260, 'T3', 2, 0.0);
INSERT INTO t_category_relation (ctr_id, pdt_id, cat_id, ctr_quantity) VALUES (261, 'T3', 11, 0.0);
INSERT INTO t_category_relation (ctr_id, pdt_id, cat_id, ctr_quantity) VALUES (262, 'T4', 2, 0.0);
INSERT INTO t_category_relation (ctr_id, pdt_id, cat_id, ctr_quantity) VALUES (263, 'T5', 2, 0.0);
INSERT INTO t_category_relation (ctr_id, pdt_id, cat_id, ctr_quantity) VALUES (264, 'T6', 5, 0.0);
INSERT INTO t_category_relation (ctr_id, pdt_id, cat_id, ctr_quantity) VALUES (265, 'T6', 11, 0.0);
INSERT INTO t_category_relation (ctr_id, pdt_id, cat_id, ctr_quantity) VALUES (266, 'T7', 3, 0.0);
INSERT INTO t_category_relation (ctr_id, pdt_id, cat_id, ctr_quantity) VALUES (267, 'T8', 2, 0.0);
INSERT INTO t_category_relation (ctr_id, pdt_id, cat_id, ctr_quantity) VALUES (268, 'T9', 2, 0.0);
INSERT INTO t_category_relation (ctr_id, pdt_id, cat_id, ctr_quantity) VALUES (269, 'TV', 7, 0.0);
INSERT INTO t_category_relation (ctr_id, pdt_id, cat_id, ctr_quantity) VALUES (270, 'TV/', 7, 0.0);
INSERT INTO t_category_relation (ctr_id, pdt_id, cat_id, ctr_quantity) VALUES (271, 'CAP', 5, 1.0);
INSERT INTO t_category_relation (ctr_id, pdt_id, cat_id, ctr_quantity) VALUES (272, 'B1/4', 7, 0.0);
INSERT INTO t_category_relation (ctr_id, pdt_id, cat_id, ctr_quantity) VALUES (273, 'CRV', 7, 0.0);
INSERT INTO t_category_relation (ctr_id, pdt_id, cat_id, ctr_quantity) VALUES (274, 'V9', 1, 0.0);
INSERT INTO t_category_relation (ctr_id, pdt_id, cat_id, ctr_quantity) VALUES (275, 'V10', 1, 0.0);
INSERT INTO t_category_relation (ctr_id, pdt_id, cat_id, ctr_quantity) VALUES (276, 'V11', 1, 0.0);
INSERT INTO t_category_relation (ctr_id, pdt_id, cat_id, ctr_quantity) VALUES (277, 'V12', 1, 0.0);
INSERT INTO t_category_relation (ctr_id, pdt_id, cat_id, ctr_quantity) VALUES (278, 'V13', 1, 0.0);
INSERT INTO t_category_relation (ctr_id, pdt_id, cat_id, ctr_quantity) VALUES (279, 'V14', 1, 0.0);
INSERT INTO t_category_relation (ctr_id, pdt_id, cat_id, ctr_quantity) VALUES (280, 'J1', 11, 0.0);
INSERT INTO t_category_relation (ctr_id, pdt_id, cat_id, ctr_quantity) VALUES (281, 'J2', 11, 0.0);
INSERT INTO t_category_relation (ctr_id, pdt_id, cat_id, ctr_quantity) VALUES (282, 'J3', 4, 0.0);
INSERT INTO t_category_relation (ctr_id, pdt_id, cat_id, ctr_quantity) VALUES (283, 'J4', 5, 0.0);
INSERT INTO t_category_relation (ctr_id, pdt_id, cat_id, ctr_quantity) VALUES (284, 'J5', 5, 0.0);
INSERT INTO t_category_relation (ctr_id, pdt_id, cat_id, ctr_quantity) VALUES (285, 'J6', 5, 0.0);
INSERT INTO t_category_relation (ctr_id, pdt_id, cat_id, ctr_quantity) VALUES (286, 'J7', 3, 0.0);
INSERT INTO t_category_relation (ctr_id, pdt_id, cat_id, ctr_quantity) VALUES (287, 'J8', 3, 0.0);
INSERT INTO t_category_relation (ctr_id, pdt_id, cat_id, ctr_quantity) VALUES (288, 'J9', 5, 0.0);
INSERT INTO t_category_relation (ctr_id, pdt_id, cat_id, ctr_quantity) VALUES (289, 'J10', 11, 0.0);
INSERT INTO t_category_relation (ctr_id, pdt_id, cat_id, ctr_quantity) VALUES (290, 'J11', 13, 0.0);
INSERT INTO t_category_relation (ctr_id, pdt_id, cat_id, ctr_quantity) VALUES (291, 'J12', 13, 0.0);
INSERT INTO t_category_relation (ctr_id, pdt_id, cat_id, ctr_quantity) VALUES (292, 'J13', 2, 0.0);
INSERT INTO t_category_relation (ctr_id, pdt_id, cat_id, ctr_quantity) VALUES (293, 'J14', 2, 0.0);
INSERT INTO t_category_relation (ctr_id, pdt_id, cat_id, ctr_quantity) VALUES (294, 'J15', 11, 0.0);
INSERT INTO t_category_relation (ctr_id, pdt_id, cat_id, ctr_quantity) VALUES (295, 'J15', 4, 0.0);
INSERT INTO t_category_relation (ctr_id, pdt_id, cat_id, ctr_quantity) VALUES (296, 'J16', 11, 0.0);
INSERT INTO t_category_relation (ctr_id, pdt_id, cat_id, ctr_quantity) VALUES (297, 'J16', 4, 0.0);
INSERT INTO t_category_relation (ctr_id, pdt_id, cat_id, ctr_quantity) VALUES (298, 'J17', 13, 0.0);
INSERT INTO t_category_relation (ctr_id, pdt_id, cat_id, ctr_quantity) VALUES (299, 'J17', 4, 0.0);
INSERT INTO t_category_relation (ctr_id, pdt_id, cat_id, ctr_quantity) VALUES (300, 'J18', 13, 0.0);
INSERT INTO t_category_relation (ctr_id, pdt_id, cat_id, ctr_quantity) VALUES (301, 'J18', 4, 0.0);
INSERT INTO t_category_relation (ctr_id, pdt_id, cat_id, ctr_quantity) VALUES (302, 'J19', 2, 0.0);
INSERT INTO t_category_relation (ctr_id, pdt_id, cat_id, ctr_quantity) VALUES (303, 'J19', 11, 0.0);
INSERT INTO t_category_relation (ctr_id, pdt_id, cat_id, ctr_quantity) VALUES (304, 'J19', 4, 0.0);
INSERT INTO t_category_relation (ctr_id, pdt_id, cat_id, ctr_quantity) VALUES (305, 'J20', 11, 0.0);
INSERT INTO t_category_relation (ctr_id, pdt_id, cat_id, ctr_quantity) VALUES (306, 'J20', 13, 0.0);
INSERT INTO t_category_relation (ctr_id, pdt_id, cat_id, ctr_quantity) VALUES (307, 'J20', 4, 0.0);
INSERT INTO t_category_relation (ctr_id, pdt_id, cat_id, ctr_quantity) VALUES (308, 'J21', 13, 0.0);
INSERT INTO t_category_relation (ctr_id, pdt_id, cat_id, ctr_quantity) VALUES (309, 'J21', 4, 0.0);
INSERT INTO t_category_relation (ctr_id, pdt_id, cat_id, ctr_quantity) VALUES (310, 'J22', 13, 0.0);
INSERT INTO t_category_relation (ctr_id, pdt_id, cat_id, ctr_quantity) VALUES (311, 'J22', 4, 0.0);
INSERT INTO t_category_relation (ctr_id, pdt_id, cat_id, ctr_quantity) VALUES (312, 'J23', 2, 0.0);
INSERT INTO t_category_relation (ctr_id, pdt_id, cat_id, ctr_quantity) VALUES (313, 'J23', 4, 0.0);
INSERT INTO t_category_relation (ctr_id, pdt_id, cat_id, ctr_quantity) VALUES (314, 'J24', 13, 0.0);
INSERT INTO t_category_relation (ctr_id, pdt_id, cat_id, ctr_quantity) VALUES (315, 'J24', 4, 0.0);
INSERT INTO t_category_relation (ctr_id, pdt_id, cat_id, ctr_quantity) VALUES (316, 'J25', 13, 0.0);
INSERT INTO t_category_relation (ctr_id, pdt_id, cat_id, ctr_quantity) VALUES (317, 'J25', 4, 0.0);
INSERT INTO t_category_relation (ctr_id, pdt_id, cat_id, ctr_quantity) VALUES (318, 'J26', 4, 0.0);
INSERT INTO t_category_relation (ctr_id, pdt_id, cat_id, ctr_quantity) VALUES (319, 'J27', 2, 0.0);
INSERT INTO t_category_relation (ctr_id, pdt_id, cat_id, ctr_quantity) VALUES (320, 'J27', 13, 0.0);
INSERT INTO t_category_relation (ctr_id, pdt_id, cat_id, ctr_quantity) VALUES (321, 'J27', 4, 0.0);
INSERT INTO t_category_relation (ctr_id, pdt_id, cat_id, ctr_quantity) VALUES (322, 'J28', 13, 0.0);
INSERT INTO t_category_relation (ctr_id, pdt_id, cat_id, ctr_quantity) VALUES (323, 'J29', 13, 0.0);
INSERT INTO t_category_relation (ctr_id, pdt_id, cat_id, ctr_quantity) VALUES (324, 'J30', 13, 0.0);
INSERT INTO t_category_relation (ctr_id, pdt_id, cat_id, ctr_quantity) VALUES (325, 'J31', 13, 0.0);
INSERT INTO t_category_relation (ctr_id, pdt_id, cat_id, ctr_quantity) VALUES (326, 'J32', 13, 0.0);
INSERT INTO t_category_relation (ctr_id, pdt_id, cat_id, ctr_quantity) VALUES (327, 'FX', 3, 0.0);
INSERT INTO t_category_relation (ctr_id, pdt_id, cat_id, ctr_quantity) VALUES (328, 'FX', 5, 0.0);
INSERT INTO t_category_relation (ctr_id, pdt_id, cat_id, ctr_quantity) VALUES (329, '81', 2, 0.0);
INSERT INTO t_category_relation (ctr_id, pdt_id, cat_id, ctr_quantity) VALUES (330, '81', 11, 0.0);
INSERT INTO t_category_relation (ctr_id, pdt_id, cat_id, ctr_quantity) VALUES (331, '82', 2, 0.0);
INSERT INTO t_category_relation (ctr_id, pdt_id, cat_id, ctr_quantity) VALUES (332, '82', 11, 0.0);
INSERT INTO t_category_relation (ctr_id, pdt_id, cat_id, ctr_quantity) VALUES (333, '83', 2, 0.0);
INSERT INTO t_category_relation (ctr_id, pdt_id, cat_id, ctr_quantity) VALUES (334, '84', 1, 0.0);
INSERT INTO t_category_relation (ctr_id, pdt_id, cat_id, ctr_quantity) VALUES (335, '126', 3, 0.0);
INSERT INTO t_category_relation (ctr_id, pdt_id, cat_id, ctr_quantity) VALUES (336, '13', 11, 0.0);



INSERT INTO t_stats_consumption_product (scp_id, scp_updated_day, scp_updated_month, scp_updated_year, pdt_id, scp_quantity) VALUES (1, 4, 11, 2004, '1/4', 149.0);
INSERT INTO t_stats_consumption_product (scp_id, scp_updated_day, scp_updated_month, scp_updated_year, pdt_id, scp_quantity) VALUES (2, 5, 11, 2004, '4', 14.0);
INSERT INTO t_stats_consumption_product (scp_id, scp_updated_day, scp_updated_month, scp_updated_year, pdt_id, scp_quantity) VALUES (3, 5, 11, 2004, '3', 3.0);
INSERT INTO t_stats_consumption_product (scp_id, scp_updated_day, scp_updated_month, scp_updated_year, pdt_id, scp_quantity) VALUES (4, 19, 10, 2004, '2', 3.0);
INSERT INTO t_stats_consumption_product (scp_id, scp_updated_day, scp_updated_month, scp_updated_year, pdt_id, scp_quantity) VALUES (5, 16, 10, 2004, '1', 3.0);
INSERT INTO t_stats_consumption_product (scp_id, scp_updated_day, scp_updated_month, scp_updated_year, pdt_id, scp_quantity) VALUES (6, 4, 11, 2004, '110', 5.0);
INSERT INTO t_stats_consumption_product (scp_id, scp_updated_day, scp_updated_month, scp_updated_year, pdt_id, scp_quantity) VALUES (7, 3, 11, 2004, '125', 14.0);
INSERT INTO t_stats_consumption_product (scp_id, scp_updated_day, scp_updated_month, scp_updated_year, pdt_id, scp_quantity) VALUES (8, 5, 11, 2004, '129', 48.0);
INSERT INTO t_stats_consumption_product (scp_id, scp_updated_day, scp_updated_month, scp_updated_year, pdt_id, scp_quantity) VALUES (9, 5, 11, 2004, '5', 26.0);
INSERT INTO t_stats_consumption_product (scp_id, scp_updated_day, scp_updated_month, scp_updated_year, pdt_id, scp_quantity) VALUES (10, 5, 11, 2004, 'BC', 77.0);
INSERT INTO t_stats_consumption_product (scp_id, scp_updated_day, scp_updated_month, scp_updated_year, pdt_id, scp_quantity) VALUES (11, 5, 11, 2004, '12', 67.0);
INSERT INTO t_stats_consumption_product (scp_id, scp_updated_day, scp_updated_month, scp_updated_year, pdt_id, scp_quantity) VALUES (12, 23, 10, 2004, '33', 3.0);
INSERT INTO t_stats_consumption_product (scp_id, scp_updated_day, scp_updated_month, scp_updated_year, pdt_id, scp_quantity) VALUES (13, 5, 11, 2004, '53', 2.0);
INSERT INTO t_stats_consumption_product (scp_id, scp_updated_day, scp_updated_month, scp_updated_year, pdt_id, scp_quantity) VALUES (14, 5, 11, 2004, '72', 243.0);
INSERT INTO t_stats_consumption_product (scp_id, scp_updated_day, scp_updated_month, scp_updated_year, pdt_id, scp_quantity) VALUES (15, 5, 11, 2004, 'A2', 194.0);
INSERT INTO t_stats_consumption_product (scp_id, scp_updated_day, scp_updated_month, scp_updated_year, pdt_id, scp_quantity) VALUES (16, 5, 11, 2004, 'TV/', 14.0);
INSERT INTO t_stats_consumption_product (scp_id, scp_updated_day, scp_updated_month, scp_updated_year, pdt_id, scp_quantity) VALUES (17, 5, 11, 2004, '107', 3.0);
INSERT INTO t_stats_consumption_product (scp_id, scp_updated_day, scp_updated_month, scp_updated_year, pdt_id, scp_quantity) VALUES (18, 5, 11, 2004, '47', 25.0);
INSERT INTO t_stats_consumption_product (scp_id, scp_updated_day, scp_updated_month, scp_updated_year, pdt_id, scp_quantity) VALUES (19, 5, 11, 2004, '69', 43.0);
INSERT INTO t_stats_consumption_product (scp_id, scp_updated_day, scp_updated_month, scp_updated_year, pdt_id, scp_quantity) VALUES (20, 5, 11, 2004, '18', 48.0);
INSERT INTO t_stats_consumption_product (scp_id, scp_updated_day, scp_updated_month, scp_updated_year, pdt_id, scp_quantity) VALUES (21, 5, 11, 2004, 'DS', 83.0);
INSERT INTO t_stats_consumption_product (scp_id, scp_updated_day, scp_updated_month, scp_updated_year, pdt_id, scp_quantity) VALUES (22, 5, 11, 2004, 'AP', 188.0);
INSERT INTO t_stats_consumption_product (scp_id, scp_updated_day, scp_updated_month, scp_updated_year, pdt_id, scp_quantity) VALUES (23, 5, 11, 2004, '9', 14.0);
INSERT INTO t_stats_consumption_product (scp_id, scp_updated_day, scp_updated_month, scp_updated_year, pdt_id, scp_quantity) VALUES (24, 4, 11, 2004, '16', 6.0);
INSERT INTO t_stats_consumption_product (scp_id, scp_updated_day, scp_updated_month, scp_updated_year, pdt_id, scp_quantity) VALUES (25, 5, 11, 2004, '124', 64.0);
INSERT INTO t_stats_consumption_product (scp_id, scp_updated_day, scp_updated_month, scp_updated_year, pdt_id, scp_quantity) VALUES (26, 3, 11, 2004, 'T1', 8.0);
INSERT INTO t_stats_consumption_product (scp_id, scp_updated_day, scp_updated_month, scp_updated_year, pdt_id, scp_quantity) VALUES (27, 4, 11, 2004, 'T9', 7.0);
INSERT INTO t_stats_consumption_product (scp_id, scp_updated_day, scp_updated_month, scp_updated_year, pdt_id, scp_quantity) VALUES (28, 5, 11, 2004, '73', 114.0);
INSERT INTO t_stats_consumption_product (scp_id, scp_updated_day, scp_updated_month, scp_updated_year, pdt_id, scp_quantity) VALUES (29, 5, 11, 2004, 'BF', 24.0);
INSERT INTO t_stats_consumption_product (scp_id, scp_updated_day, scp_updated_month, scp_updated_year, pdt_id, scp_quantity) VALUES (30, 5, 11, 2004, 'CO', 135.0);
INSERT INTO t_stats_consumption_product (scp_id, scp_updated_day, scp_updated_month, scp_updated_year, pdt_id, scp_quantity) VALUES (31, 5, 11, 2004, 'CF', 501.0);
INSERT INTO t_stats_consumption_product (scp_id, scp_updated_day, scp_updated_month, scp_updated_year, pdt_id, scp_quantity) VALUES (32, 5, 11, 2004, 'CP', 35.0);
INSERT INTO t_stats_consumption_product (scp_id, scp_updated_day, scp_updated_month, scp_updated_year, pdt_id, scp_quantity) VALUES (33, 5, 11, 2004, 'A3', 45.0);
INSERT INTO t_stats_consumption_product (scp_id, scp_updated_day, scp_updated_month, scp_updated_year, pdt_id, scp_quantity) VALUES (34, 28, 10, 2004, '101', 8.0);
INSERT INTO t_stats_consumption_product (scp_id, scp_updated_day, scp_updated_month, scp_updated_year, pdt_id, scp_quantity) VALUES (35, 5, 11, 2004, '102', 14.0);
INSERT INTO t_stats_consumption_product (scp_id, scp_updated_day, scp_updated_month, scp_updated_year, pdt_id, scp_quantity) VALUES (36, 4, 11, 2004, '120', 11.0);
INSERT INTO t_stats_consumption_product (scp_id, scp_updated_day, scp_updated_month, scp_updated_year, pdt_id, scp_quantity) VALUES (37, 5, 11, 2004, '75', 113.0);
INSERT INTO t_stats_consumption_product (scp_id, scp_updated_day, scp_updated_month, scp_updated_year, pdt_id, scp_quantity) VALUES (38, 4, 11, 2004, 'BX', 9.0);
INSERT INTO t_stats_consumption_product (scp_id, scp_updated_day, scp_updated_month, scp_updated_year, pdt_id, scp_quantity) VALUES (39, 5, 11, 2004, 'O/', 77.0);
INSERT INTO t_stats_consumption_product (scp_id, scp_updated_day, scp_updated_month, scp_updated_year, pdt_id, scp_quantity) VALUES (40, 5, 11, 2004, '11', 309.0);
INSERT INTO t_stats_consumption_product (scp_id, scp_updated_day, scp_updated_month, scp_updated_year, pdt_id, scp_quantity) VALUES (41, 5, 11, 2004, 'GL2', 18.0);
INSERT INTO t_stats_consumption_product (scp_id, scp_updated_day, scp_updated_month, scp_updated_year, pdt_id, scp_quantity) VALUES (42, 5, 11, 2004, 'GL1', 52.0);
INSERT INTO t_stats_consumption_product (scp_id, scp_updated_day, scp_updated_month, scp_updated_year, pdt_id, scp_quantity) VALUES (43, 5, 11, 2004, 'ST', 28.0);
INSERT INTO t_stats_consumption_product (scp_id, scp_updated_day, scp_updated_month, scp_updated_year, pdt_id, scp_quantity) VALUES (44, 5, 11, 2004, 'O', 108.0);
INSERT INTO t_stats_consumption_product (scp_id, scp_updated_day, scp_updated_month, scp_updated_year, pdt_id, scp_quantity) VALUES (45, 5, 11, 2004, '98', 3.0);
INSERT INTO t_stats_consumption_product (scp_id, scp_updated_day, scp_updated_month, scp_updated_year, pdt_id, scp_quantity) VALUES (46, 14, 10, 2004, 'T3', 8.0);
INSERT INTO t_stats_consumption_product (scp_id, scp_updated_day, scp_updated_month, scp_updated_year, pdt_id, scp_quantity) VALUES (47, 5, 11, 2004, 'T10', 18.0);
INSERT INTO t_stats_consumption_product (scp_id, scp_updated_day, scp_updated_month, scp_updated_year, pdt_id, scp_quantity) VALUES (48, 5, 11, 2004, '70', 5.0);
INSERT INTO t_stats_consumption_product (scp_id, scp_updated_day, scp_updated_month, scp_updated_year, pdt_id, scp_quantity) VALUES (49, 5, 11, 2004, 'T7', 19.0);
INSERT INTO t_stats_consumption_product (scp_id, scp_updated_day, scp_updated_month, scp_updated_year, pdt_id, scp_quantity) VALUES (50, 25, 10, 2004, '34', 7.0);
INSERT INTO t_stats_consumption_product (scp_id, scp_updated_day, scp_updated_month, scp_updated_year, pdt_id, scp_quantity) VALUES (51, 4, 11, 2004, '36', 11.0);
INSERT INTO t_stats_consumption_product (scp_id, scp_updated_day, scp_updated_month, scp_updated_year, pdt_id, scp_quantity) VALUES (52, 27, 10, 2004, '37', 5.0);
INSERT INTO t_stats_consumption_product (scp_id, scp_updated_day, scp_updated_month, scp_updated_year, pdt_id, scp_quantity) VALUES (53, 5, 11, 2004, '57', 30.0);
INSERT INTO t_stats_consumption_product (scp_id, scp_updated_day, scp_updated_month, scp_updated_year, pdt_id, scp_quantity) VALUES (54, 5, 11, 2004, '14', 22.0);
INSERT INTO t_stats_consumption_product (scp_id, scp_updated_day, scp_updated_month, scp_updated_year, pdt_id, scp_quantity) VALUES (55, 5, 11, 2004, 'T6', 42.0);
INSERT INTO t_stats_consumption_product (scp_id, scp_updated_day, scp_updated_month, scp_updated_year, pdt_id, scp_quantity) VALUES (56, 5, 11, 2004, 'M20', 67.0);
INSERT INTO t_stats_consumption_product (scp_id, scp_updated_day, scp_updated_month, scp_updated_year, pdt_id, scp_quantity) VALUES (57, 4, 11, 2004, 'BJ', 12.0);
INSERT INTO t_stats_consumption_product (scp_id, scp_updated_day, scp_updated_month, scp_updated_year, pdt_id, scp_quantity) VALUES (58, 5, 11, 2004, 'BY/', 12.0);
INSERT INTO t_stats_consumption_product (scp_id, scp_updated_day, scp_updated_month, scp_updated_year, pdt_id, scp_quantity) VALUES (59, 5, 11, 2004, 'T15', 10.0);
INSERT INTO t_stats_consumption_product (scp_id, scp_updated_day, scp_updated_month, scp_updated_year, pdt_id, scp_quantity) VALUES (60, 5, 11, 2004, '21', 17.0);
INSERT INTO t_stats_consumption_product (scp_id, scp_updated_day, scp_updated_month, scp_updated_year, pdt_id, scp_quantity) VALUES (61, 4, 11, 2004, '62', 12.0);
INSERT INTO t_stats_consumption_product (scp_id, scp_updated_day, scp_updated_month, scp_updated_year, pdt_id, scp_quantity) VALUES (62, 4, 11, 2004, 'T4', 3.0);
INSERT INTO t_stats_consumption_product (scp_id, scp_updated_day, scp_updated_month, scp_updated_year, pdt_id, scp_quantity) VALUES (63, 5, 11, 2004, 'PC', 11.5);
INSERT INTO t_stats_consumption_product (scp_id, scp_updated_day, scp_updated_month, scp_updated_year, pdt_id, scp_quantity) VALUES (64, 5, 11, 2004, 'TV', 7.0);
INSERT INTO t_stats_consumption_product (scp_id, scp_updated_day, scp_updated_month, scp_updated_year, pdt_id, scp_quantity) VALUES (65, 5, 11, 2004, 'A1', 101.0);
INSERT INTO t_stats_consumption_product (scp_id, scp_updated_day, scp_updated_month, scp_updated_year, pdt_id, scp_quantity) VALUES (66, 27, 10, 2004, '60', 3.0);
INSERT INTO t_stats_consumption_product (scp_id, scp_updated_day, scp_updated_month, scp_updated_year, pdt_id, scp_quantity) VALUES (67, 5, 11, 2004, '74', 35.0);
INSERT INTO t_stats_consumption_product (scp_id, scp_updated_day, scp_updated_month, scp_updated_year, pdt_id, scp_quantity) VALUES (68, 5, 11, 2004, 'T', 122.0);
INSERT INTO t_stats_consumption_product (scp_id, scp_updated_day, scp_updated_month, scp_updated_year, pdt_id, scp_quantity) VALUES (69, 5, 11, 2004, 'M27', 19.0);
INSERT INTO t_stats_consumption_product (scp_id, scp_updated_day, scp_updated_month, scp_updated_year, pdt_id, scp_quantity) VALUES (70, 5, 11, 2004, 'M14', 164.0);
INSERT INTO t_stats_consumption_product (scp_id, scp_updated_day, scp_updated_month, scp_updated_year, pdt_id, scp_quantity) VALUES (71, 5, 11, 2004, 'SU', 16.0);
INSERT INTO t_stats_consumption_product (scp_id, scp_updated_day, scp_updated_month, scp_updated_year, pdt_id, scp_quantity) VALUES (72, 5, 11, 2004, 'CP/', 36.0);
INSERT INTO t_stats_consumption_product (scp_id, scp_updated_day, scp_updated_month, scp_updated_year, pdt_id, scp_quantity) VALUES (73, 5, 11, 2004, 'T22', 39.0);
INSERT INTO t_stats_consumption_product (scp_id, scp_updated_day, scp_updated_month, scp_updated_year, pdt_id, scp_quantity) VALUES (74, 5, 11, 2004, '73B', 9.0);
INSERT INTO t_stats_consumption_product (scp_id, scp_updated_day, scp_updated_month, scp_updated_year, pdt_id, scp_quantity) VALUES (75, 1, 11, 2004, 'BOI', 2.0);
INSERT INTO t_stats_consumption_product (scp_id, scp_updated_day, scp_updated_month, scp_updated_year, pdt_id, scp_quantity) VALUES (76, 5, 11, 2004, '13', 51.0);
INSERT INTO t_stats_consumption_product (scp_id, scp_updated_day, scp_updated_month, scp_updated_year, pdt_id, scp_quantity) VALUES (77, 3, 11, 2004, '96', 25.0);
INSERT INTO t_stats_consumption_product (scp_id, scp_updated_day, scp_updated_month, scp_updated_year, pdt_id, scp_quantity) VALUES (78, 5, 11, 2004, 'GL3', 39.0);
INSERT INTO t_stats_consumption_product (scp_id, scp_updated_day, scp_updated_month, scp_updated_year, pdt_id, scp_quantity) VALUES (79, 21, 10, 2004, '76', 7.0);
INSERT INTO t_stats_consumption_product (scp_id, scp_updated_day, scp_updated_month, scp_updated_year, pdt_id, scp_quantity) VALUES (80, 5, 11, 2004, 'BE', 26.0);
INSERT INTO t_stats_consumption_product (scp_id, scp_updated_day, scp_updated_month, scp_updated_year, pdt_id, scp_quantity) VALUES (81, 4, 11, 2004, 'P', 30.0);
INSERT INTO t_stats_consumption_product (scp_id, scp_updated_day, scp_updated_month, scp_updated_year, pdt_id, scp_quantity) VALUES (82, 4, 11, 2004, '71', 28.0);
INSERT INTO t_stats_consumption_product (scp_id, scp_updated_day, scp_updated_month, scp_updated_year, pdt_id, scp_quantity) VALUES (83, 21, 10, 2004, 'T5', 5.0);
INSERT INTO t_stats_consumption_product (scp_id, scp_updated_day, scp_updated_month, scp_updated_year, pdt_id, scp_quantity) VALUES (84, 12, 10, 2004, '22', 2.0);
INSERT INTO t_stats_consumption_product (scp_id, scp_updated_day, scp_updated_month, scp_updated_year, pdt_id, scp_quantity) VALUES (85, 20, 10, 2004, '108', 4.0);
INSERT INTO t_stats_consumption_product (scp_id, scp_updated_day, scp_updated_month, scp_updated_year, pdt_id, scp_quantity) VALUES (86, 4, 11, 2004, 'A0', 42.0);
INSERT INTO t_stats_consumption_product (scp_id, scp_updated_day, scp_updated_month, scp_updated_year, pdt_id, scp_quantity) VALUES (87, 4, 11, 2004, '86', 4.0);
INSERT INTO t_stats_consumption_product (scp_id, scp_updated_day, scp_updated_month, scp_updated_year, pdt_id, scp_quantity) VALUES (88, 4, 11, 2004, '114', 8.0);
INSERT INTO t_stats_consumption_product (scp_id, scp_updated_day, scp_updated_month, scp_updated_year, pdt_id, scp_quantity) VALUES (89, 5, 11, 2004, 'BFM', 18.0);
INSERT INTO t_stats_consumption_product (scp_id, scp_updated_day, scp_updated_month, scp_updated_year, pdt_id, scp_quantity) VALUES (90, 5, 11, 2004, 'GL', 161.0);
INSERT INTO t_stats_consumption_product (scp_id, scp_updated_day, scp_updated_month, scp_updated_year, pdt_id, scp_quantity) VALUES (91, 28, 10, 2004, 'BX/', 6.0);
INSERT INTO t_stats_consumption_product (scp_id, scp_updated_day, scp_updated_month, scp_updated_year, pdt_id, scp_quantity) VALUES (92, 30, 10, 2004, '95', 14.0);
INSERT INTO t_stats_consumption_product (scp_id, scp_updated_day, scp_updated_month, scp_updated_year, pdt_id, scp_quantity) VALUES (93, 5, 11, 2004, '26', 6.0);
INSERT INTO t_stats_consumption_product (scp_id, scp_updated_day, scp_updated_month, scp_updated_year, pdt_id, scp_quantity) VALUES (94, 4, 11, 2004, 'T16', 16.0);
INSERT INTO t_stats_consumption_product (scp_id, scp_updated_day, scp_updated_month, scp_updated_year, pdt_id, scp_quantity) VALUES (95, 30, 10, 2004, '20', 6.0);
INSERT INTO t_stats_consumption_product (scp_id, scp_updated_day, scp_updated_month, scp_updated_year, pdt_id, scp_quantity) VALUES (96, 1, 11, 2004, '35', 6.0);
INSERT INTO t_stats_consumption_product (scp_id, scp_updated_day, scp_updated_month, scp_updated_year, pdt_id, scp_quantity) VALUES (97, 5, 11, 2004, '24', 31.0);
INSERT INTO t_stats_consumption_product (scp_id, scp_updated_day, scp_updated_month, scp_updated_year, pdt_id, scp_quantity) VALUES (98, 23, 10, 2004, '109', 5.0);
INSERT INTO t_stats_consumption_product (scp_id, scp_updated_day, scp_updated_month, scp_updated_year, pdt_id, scp_quantity) VALUES (99, 1, 11, 2004, '113', 6.0);
INSERT INTO t_stats_consumption_product (scp_id, scp_updated_day, scp_updated_month, scp_updated_year, pdt_id, scp_quantity) VALUES (100, 20, 10, 2004, 'SC/', 3.0);
INSERT INTO t_stats_consumption_product (scp_id, scp_updated_day, scp_updated_month, scp_updated_year, pdt_id, scp_quantity) VALUES (101, 4, 11, 2004, '118', 16.0);
INSERT INTO t_stats_consumption_product (scp_id, scp_updated_day, scp_updated_month, scp_updated_year, pdt_id, scp_quantity) VALUES (102, 5, 11, 2004, '15', 8.0);
INSERT INTO t_stats_consumption_product (scp_id, scp_updated_day, scp_updated_month, scp_updated_year, pdt_id, scp_quantity) VALUES (103, 24, 10, 2004, '56', 1.0);
INSERT INTO t_stats_consumption_product (scp_id, scp_updated_day, scp_updated_month, scp_updated_year, pdt_id, scp_quantity) VALUES (104, 4, 11, 2004, 'T17', 17.0);
INSERT INTO t_stats_consumption_product (scp_id, scp_updated_day, scp_updated_month, scp_updated_year, pdt_id, scp_quantity) VALUES (105, 20, 10, 2004, '7', 7.0);
INSERT INTO t_stats_consumption_product (scp_id, scp_updated_day, scp_updated_month, scp_updated_year, pdt_id, scp_quantity) VALUES (106, 5, 11, 2004, '32', 21.0);
INSERT INTO t_stats_consumption_product (scp_id, scp_updated_day, scp_updated_month, scp_updated_year, pdt_id, scp_quantity) VALUES (107, 26, 10, 2004, '122', 6.0);
INSERT INTO t_stats_consumption_product (scp_id, scp_updated_day, scp_updated_month, scp_updated_year, pdt_id, scp_quantity) VALUES (108, 4, 11, 2004, '29', 5.0);
INSERT INTO t_stats_consumption_product (scp_id, scp_updated_day, scp_updated_month, scp_updated_year, pdt_id, scp_quantity) VALUES (109, 5, 11, 2004, 'GP', 12.0);
INSERT INTO t_stats_consumption_product (scp_id, scp_updated_day, scp_updated_month, scp_updated_year, pdt_id, scp_quantity) VALUES (110, 5, 11, 2004, '78', 20.0);
INSERT INTO t_stats_consumption_product (scp_id, scp_updated_day, scp_updated_month, scp_updated_year, pdt_id, scp_quantity) VALUES (111, 26, 10, 2004, '52', 3.0);
INSERT INTO t_stats_consumption_product (scp_id, scp_updated_day, scp_updated_month, scp_updated_year, pdt_id, scp_quantity) VALUES (112, 28, 10, 2004, 'BJ/', 6.0);
INSERT INTO t_stats_consumption_product (scp_id, scp_updated_day, scp_updated_month, scp_updated_year, pdt_id, scp_quantity) VALUES (113, 5, 11, 2004, '85', 48.0);
INSERT INTO t_stats_consumption_product (scp_id, scp_updated_day, scp_updated_month, scp_updated_year, pdt_id, scp_quantity) VALUES (114, 3, 11, 2004, 'M1', 67.0);
INSERT INTO t_stats_consumption_product (scp_id, scp_updated_day, scp_updated_month, scp_updated_year, pdt_id, scp_quantity) VALUES (115, 21, 10, 2004, '48', 3.0);
INSERT INTO t_stats_consumption_product (scp_id, scp_updated_day, scp_updated_month, scp_updated_year, pdt_id, scp_quantity) VALUES (116, 25, 10, 2004, 'AC', 6.0);
INSERT INTO t_stats_consumption_product (scp_id, scp_updated_day, scp_updated_month, scp_updated_year, pdt_id, scp_quantity) VALUES (117, 28, 10, 2004, '40', 8.0);
INSERT INTO t_stats_consumption_product (scp_id, scp_updated_day, scp_updated_month, scp_updated_year, pdt_id, scp_quantity) VALUES (118, 4, 10, 2004, '111', 1.0);
INSERT INTO t_stats_consumption_product (scp_id, scp_updated_day, scp_updated_month, scp_updated_year, pdt_id, scp_quantity) VALUES (119, 5, 11, 2004, 'A4', 8.0);
INSERT INTO t_stats_consumption_product (scp_id, scp_updated_day, scp_updated_month, scp_updated_year, pdt_id, scp_quantity) VALUES (120, 5, 11, 2004, '6', 25.0);
INSERT INTO t_stats_consumption_product (scp_id, scp_updated_day, scp_updated_month, scp_updated_year, pdt_id, scp_quantity) VALUES (121, 5, 11, 2004, '115', 14.0);
INSERT INTO t_stats_consumption_product (scp_id, scp_updated_day, scp_updated_month, scp_updated_year, pdt_id, scp_quantity) VALUES (122, 28, 10, 2004, '88', 6.0);
INSERT INTO t_stats_consumption_product (scp_id, scp_updated_day, scp_updated_month, scp_updated_year, pdt_id, scp_quantity) VALUES (123, 5, 11, 2004, 'T2', 4.0);
INSERT INTO t_stats_consumption_product (scp_id, scp_updated_day, scp_updated_month, scp_updated_year, pdt_id, scp_quantity) VALUES (124, 5, 11, 2004, '10', 16.0);
INSERT INTO t_stats_consumption_product (scp_id, scp_updated_day, scp_updated_month, scp_updated_year, pdt_id, scp_quantity) VALUES (125, 19, 10, 2004, '106', 1.0);
INSERT INTO t_stats_consumption_product (scp_id, scp_updated_day, scp_updated_month, scp_updated_year, pdt_id, scp_quantity) VALUES (126, 4, 11, 2004, 'BH', 6.0);
INSERT INTO t_stats_consumption_product (scp_id, scp_updated_day, scp_updated_month, scp_updated_year, pdt_id, scp_quantity) VALUES (127, 4, 11, 2004, '92', 11.0);
INSERT INTO t_stats_consumption_product (scp_id, scp_updated_day, scp_updated_month, scp_updated_year, pdt_id, scp_quantity) VALUES (128, 5, 11, 2004, 'CR/', 11.0);
INSERT INTO t_stats_consumption_product (scp_id, scp_updated_day, scp_updated_month, scp_updated_year, pdt_id, scp_quantity) VALUES (129, 1, 11, 2004, '49', 5.0);
INSERT INTO t_stats_consumption_product (scp_id, scp_updated_day, scp_updated_month, scp_updated_year, pdt_id, scp_quantity) VALUES (130, 4, 11, 2004, '94', 5.0);
INSERT INTO t_stats_consumption_product (scp_id, scp_updated_day, scp_updated_month, scp_updated_year, pdt_id, scp_quantity) VALUES (131, 4, 11, 2004, '39', 7.0);
INSERT INTO t_stats_consumption_product (scp_id, scp_updated_day, scp_updated_month, scp_updated_year, pdt_id, scp_quantity) VALUES (132, 5, 11, 2004, 'CA', 7.0);
INSERT INTO t_stats_consumption_product (scp_id, scp_updated_day, scp_updated_month, scp_updated_year, pdt_id, scp_quantity) VALUES (133, 28, 10, 2004, '46', 8.0);
INSERT INTO t_stats_consumption_product (scp_id, scp_updated_day, scp_updated_month, scp_updated_year, pdt_id, scp_quantity) VALUES (134, 4, 11, 2004, 'CA/', 9.0);
INSERT INTO t_stats_consumption_product (scp_id, scp_updated_day, scp_updated_month, scp_updated_year, pdt_id, scp_quantity) VALUES (135, 27, 10, 2004, 'T12', 4.0);
INSERT INTO t_stats_consumption_product (scp_id, scp_updated_day, scp_updated_month, scp_updated_year, pdt_id, scp_quantity) VALUES (136, 5, 11, 2004, '87', 4.0);
INSERT INTO t_stats_consumption_product (scp_id, scp_updated_day, scp_updated_month, scp_updated_year, pdt_id, scp_quantity) VALUES (137, 5, 11, 2004, '77', 19.0);
INSERT INTO t_stats_consumption_product (scp_id, scp_updated_day, scp_updated_month, scp_updated_year, pdt_id, scp_quantity) VALUES (138, 10, 10, 2004, '28', 2.0);
INSERT INTO t_stats_consumption_product (scp_id, scp_updated_day, scp_updated_month, scp_updated_year, pdt_id, scp_quantity) VALUES (139, 5, 11, 2004, '123', 26.0);
INSERT INTO t_stats_consumption_product (scp_id, scp_updated_day, scp_updated_month, scp_updated_year, pdt_id, scp_quantity) VALUES (140, 1, 11, 2004, 'AS', 4.0);
INSERT INTO t_stats_consumption_product (scp_id, scp_updated_day, scp_updated_month, scp_updated_year, pdt_id, scp_quantity) VALUES (141, 5, 11, 2004, 'T13', 4.0);
INSERT INTO t_stats_consumption_product (scp_id, scp_updated_day, scp_updated_month, scp_updated_year, pdt_id, scp_quantity) VALUES (142, 5, 11, 2004, 'J', 60.0);
INSERT INTO t_stats_consumption_product (scp_id, scp_updated_day, scp_updated_month, scp_updated_year, pdt_id, scp_quantity) VALUES (143, 5, 11, 2004, '67', 8.0);
INSERT INTO t_stats_consumption_product (scp_id, scp_updated_day, scp_updated_month, scp_updated_year, pdt_id, scp_quantity) VALUES (144, 5, 11, 2004, '93', 20.0);
INSERT INTO t_stats_consumption_product (scp_id, scp_updated_day, scp_updated_month, scp_updated_year, pdt_id, scp_quantity) VALUES (145, 5, 11, 2004, 'BY', 6.0);
INSERT INTO t_stats_consumption_product (scp_id, scp_updated_day, scp_updated_month, scp_updated_year, pdt_id, scp_quantity) VALUES (146, 20, 10, 2004, '90', 4.0);
INSERT INTO t_stats_consumption_product (scp_id, scp_updated_day, scp_updated_month, scp_updated_year, pdt_id, scp_quantity) VALUES (147, 4, 11, 2004, 'B2', 20.0);
INSERT INTO t_stats_consumption_product (scp_id, scp_updated_day, scp_updated_month, scp_updated_year, pdt_id, scp_quantity) VALUES (148, 5, 11, 2004, 'CV', 8.0);
INSERT INTO t_stats_consumption_product (scp_id, scp_updated_day, scp_updated_month, scp_updated_year, pdt_id, scp_quantity) VALUES (149, 5, 11, 2004, 'B1', 23.0);
INSERT INTO t_stats_consumption_product (scp_id, scp_updated_day, scp_updated_month, scp_updated_year, pdt_id, scp_quantity) VALUES (150, 16, 10, 2004, 'DG1', 6.0);
INSERT INTO t_stats_consumption_product (scp_id, scp_updated_day, scp_updated_month, scp_updated_year, pdt_id, scp_quantity) VALUES (151, 5, 11, 2004, '68', 18.0);
INSERT INTO t_stats_consumption_product (scp_id, scp_updated_day, scp_updated_month, scp_updated_year, pdt_id, scp_quantity) VALUES (152, 4, 11, 2004, 'ST/', 11.0);
INSERT INTO t_stats_consumption_product (scp_id, scp_updated_day, scp_updated_month, scp_updated_year, pdt_id, scp_quantity) VALUES (153, 5, 11, 2004, 'T14', 12.0);
INSERT INTO t_stats_consumption_product (scp_id, scp_updated_day, scp_updated_month, scp_updated_year, pdt_id, scp_quantity) VALUES (154, 12, 10, 2004, '105', 2.0);
INSERT INTO t_stats_consumption_product (scp_id, scp_updated_day, scp_updated_month, scp_updated_year, pdt_id, scp_quantity) VALUES (155, 5, 11, 2004, '66', 9.0);
INSERT INTO t_stats_consumption_product (scp_id, scp_updated_day, scp_updated_month, scp_updated_year, pdt_id, scp_quantity) VALUES (156, 28, 10, 2004, '25', 1.0);
INSERT INTO t_stats_consumption_product (scp_id, scp_updated_day, scp_updated_month, scp_updated_year, pdt_id, scp_quantity) VALUES (157, 5, 11, 2004, '119', 23.0);
INSERT INTO t_stats_consumption_product (scp_id, scp_updated_day, scp_updated_month, scp_updated_year, pdt_id, scp_quantity) VALUES (158, 5, 11, 2004, '31', 7.0);
INSERT INTO t_stats_consumption_product (scp_id, scp_updated_day, scp_updated_month, scp_updated_year, pdt_id, scp_quantity) VALUES (159, 28, 10, 2004, '65', 2.0);
INSERT INTO t_stats_consumption_product (scp_id, scp_updated_day, scp_updated_month, scp_updated_year, pdt_id, scp_quantity) VALUES (160, 4, 11, 2004, 'IR', 8.0);
INSERT INTO t_stats_consumption_product (scp_id, scp_updated_day, scp_updated_month, scp_updated_year, pdt_id, scp_quantity) VALUES (161, 5, 11, 2004, '104', 12.0);
INSERT INTO t_stats_consumption_product (scp_id, scp_updated_day, scp_updated_month, scp_updated_year, pdt_id, scp_quantity) VALUES (162, 25, 10, 2004, '27', 5.0);
INSERT INTO t_stats_consumption_product (scp_id, scp_updated_day, scp_updated_month, scp_updated_year, pdt_id, scp_quantity) VALUES (163, 28, 10, 2004, '23', 9.0);
INSERT INTO t_stats_consumption_product (scp_id, scp_updated_day, scp_updated_month, scp_updated_year, pdt_id, scp_quantity) VALUES (164, 17, 10, 2004, '19', 4.0);
INSERT INTO t_stats_consumption_product (scp_id, scp_updated_day, scp_updated_month, scp_updated_year, pdt_id, scp_quantity) VALUES (165, 21, 10, 2004, 'BO/', 4.0);
INSERT INTO t_stats_consumption_product (scp_id, scp_updated_day, scp_updated_month, scp_updated_year, pdt_id, scp_quantity) VALUES (166, 12, 10, 2004, '100', 2.0);
INSERT INTO t_stats_consumption_product (scp_id, scp_updated_day, scp_updated_month, scp_updated_year, pdt_id, scp_quantity) VALUES (167, 1, 11, 2004, '121', 10.0);
INSERT INTO t_stats_consumption_product (scp_id, scp_updated_day, scp_updated_month, scp_updated_year, pdt_id, scp_quantity) VALUES (168, 21, 10, 2004, 'B3', 3.0);
INSERT INTO t_stats_consumption_product (scp_id, scp_updated_day, scp_updated_month, scp_updated_year, pdt_id, scp_quantity) VALUES (169, 4, 11, 2004, '99', 4.0);
INSERT INTO t_stats_consumption_product (scp_id, scp_updated_day, scp_updated_month, scp_updated_year, pdt_id, scp_quantity) VALUES (170, 28, 10, 2004, '38', 6.0);
INSERT INTO t_stats_consumption_product (scp_id, scp_updated_day, scp_updated_month, scp_updated_year, pdt_id, scp_quantity) VALUES (171, 21, 10, 2004, 'MU', 6.0);
INSERT INTO t_stats_consumption_product (scp_id, scp_updated_day, scp_updated_month, scp_updated_year, pdt_id, scp_quantity) VALUES (172, 27, 10, 2004, '44', 2.0);
INSERT INTO t_stats_consumption_product (scp_id, scp_updated_day, scp_updated_month, scp_updated_year, pdt_id, scp_quantity) VALUES (173, 5, 11, 2004, 'CR', 16.0);
INSERT INTO t_stats_consumption_product (scp_id, scp_updated_day, scp_updated_month, scp_updated_year, pdt_id, scp_quantity) VALUES (174, 5, 11, 2004, 'SC', 7.0);
INSERT INTO t_stats_consumption_product (scp_id, scp_updated_day, scp_updated_month, scp_updated_year, pdt_id, scp_quantity) VALUES (175, 5, 11, 2004, 'T18', 9.5);
INSERT INTO t_stats_consumption_product (scp_id, scp_updated_day, scp_updated_month, scp_updated_year, pdt_id, scp_quantity) VALUES (176, 7, 10, 2004, '103', 1.0);
INSERT INTO t_stats_consumption_product (scp_id, scp_updated_day, scp_updated_month, scp_updated_year, pdt_id, scp_quantity) VALUES (177, 12, 10, 2004, 'DG2', 1.0);
INSERT INTO t_stats_consumption_product (scp_id, scp_updated_day, scp_updated_month, scp_updated_year, pdt_id, scp_quantity) VALUES (178, 12, 10, 2004, 'T11', 1.0);
INSERT INTO t_stats_consumption_product (scp_id, scp_updated_day, scp_updated_month, scp_updated_year, pdt_id, scp_quantity) VALUES (179, 4, 11, 2004, 'GC', 11.0);
INSERT INTO t_stats_consumption_product (scp_id, scp_updated_day, scp_updated_month, scp_updated_year, pdt_id, scp_quantity) VALUES (180, 4, 11, 2004, 'COU', 13.0);
INSERT INTO t_stats_consumption_product (scp_id, scp_updated_day, scp_updated_month, scp_updated_year, pdt_id, scp_quantity) VALUES (181, 26, 10, 2004, 'T20', 3.0);
INSERT INTO t_stats_consumption_product (scp_id, scp_updated_day, scp_updated_month, scp_updated_year, pdt_id, scp_quantity) VALUES (182, 3, 11, 2004, 'T23', 6.0);
INSERT INTO t_stats_consumption_product (scp_id, scp_updated_day, scp_updated_month, scp_updated_year, pdt_id, scp_quantity) VALUES (183, 4, 11, 2004, '127', 6.0);
INSERT INTO t_stats_consumption_product (scp_id, scp_updated_day, scp_updated_month, scp_updated_year, pdt_id, scp_quantity) VALUES (184, 4, 11, 2004, '55', 2.0);
INSERT INTO t_stats_consumption_product (scp_id, scp_updated_day, scp_updated_month, scp_updated_year, pdt_id, scp_quantity) VALUES (185, 21, 10, 2004, '132', 3.0);
INSERT INTO t_stats_consumption_product (scp_id, scp_updated_day, scp_updated_month, scp_updated_year, pdt_id, scp_quantity) VALUES (186, 4, 11, 2004, 'T19', 2.0);
INSERT INTO t_stats_consumption_product (scp_id, scp_updated_day, scp_updated_month, scp_updated_year, pdt_id, scp_quantity) VALUES (187, 12, 10, 2004, '97', 1.0);
INSERT INTO t_stats_consumption_product (scp_id, scp_updated_day, scp_updated_month, scp_updated_year, pdt_id, scp_quantity) VALUES (188, 6, 10, 2004, '89', 3.0);
INSERT INTO t_stats_consumption_product (scp_id, scp_updated_day, scp_updated_month, scp_updated_year, pdt_id, scp_quantity) VALUES (189, 14, 10, 2004, '51', 1.0);
INSERT INTO t_stats_consumption_product (scp_id, scp_updated_day, scp_updated_month, scp_updated_year, pdt_id, scp_quantity) VALUES (190, 24, 10, 2004, '117', 2.0);
INSERT INTO t_stats_consumption_product (scp_id, scp_updated_day, scp_updated_month, scp_updated_year, pdt_id, scp_quantity) VALUES (191, 20, 10, 2004, '58', 3.0);
INSERT INTO t_stats_consumption_product (scp_id, scp_updated_day, scp_updated_month, scp_updated_year, pdt_id, scp_quantity) VALUES (192, 27, 10, 2004, '41', 2.0);
INSERT INTO t_stats_consumption_product (scp_id, scp_updated_day, scp_updated_month, scp_updated_year, pdt_id, scp_quantity) VALUES (193, 28, 10, 2004, '42', 3.0);
INSERT INTO t_stats_consumption_product (scp_id, scp_updated_day, scp_updated_month, scp_updated_year, pdt_id, scp_quantity) VALUES (194, 9, 10, 2004, '50', 2.0);
INSERT INTO t_stats_consumption_product (scp_id, scp_updated_day, scp_updated_month, scp_updated_year, pdt_id, scp_quantity) VALUES (195, 4, 11, 2004, '8', 19.0);
INSERT INTO t_stats_consumption_product (scp_id, scp_updated_day, scp_updated_month, scp_updated_year, pdt_id, scp_quantity) VALUES (196, 5, 11, 2004, 'BO', 4.0);
INSERT INTO t_stats_consumption_product (scp_id, scp_updated_day, scp_updated_month, scp_updated_year, pdt_id, scp_quantity) VALUES (197, 6, 10, 2004, '131', 3.0);
INSERT INTO t_stats_consumption_product (scp_id, scp_updated_day, scp_updated_month, scp_updated_year, pdt_id, scp_quantity) VALUES (198, 7, 10, 2004, '91', 2.0);
INSERT INTO t_stats_consumption_product (scp_id, scp_updated_day, scp_updated_month, scp_updated_year, pdt_id, scp_quantity) VALUES (199, 4, 11, 2004, 'T21', 9.0);
INSERT INTO t_stats_consumption_product (scp_id, scp_updated_day, scp_updated_month, scp_updated_year, pdt_id, scp_quantity) VALUES (200, 5, 11, 2004, '45', 5.0);
INSERT INTO t_stats_consumption_product (scp_id, scp_updated_day, scp_updated_month, scp_updated_year, pdt_id, scp_quantity) VALUES (201, 1, 11, 2004, 'BT', 12.0);
INSERT INTO t_stats_consumption_product (scp_id, scp_updated_day, scp_updated_month, scp_updated_year, pdt_id, scp_quantity) VALUES (202, 1, 11, 2004, '17', 5.0);
INSERT INTO t_stats_consumption_product (scp_id, scp_updated_day, scp_updated_month, scp_updated_year, pdt_id, scp_quantity) VALUES (203, 5, 11, 2004, '64', 7.0);
INSERT INTO t_stats_consumption_product (scp_id, scp_updated_day, scp_updated_month, scp_updated_year, pdt_id, scp_quantity) VALUES (204, 1, 11, 2004, '116', 4.0);
INSERT INTO t_stats_consumption_product (scp_id, scp_updated_day, scp_updated_month, scp_updated_year, pdt_id, scp_quantity) VALUES (205, 23, 10, 2004, '43', 3.0);
INSERT INTO t_stats_consumption_product (scp_id, scp_updated_day, scp_updated_month, scp_updated_year, pdt_id, scp_quantity) VALUES (206, 5, 11, 2004, 'FF', 3.0);
INSERT INTO t_stats_consumption_product (scp_id, scp_updated_day, scp_updated_month, scp_updated_year, pdt_id, scp_quantity) VALUES (207, 14, 10, 2004, '130', 3.0);
INSERT INTO t_stats_consumption_product (scp_id, scp_updated_day, scp_updated_month, scp_updated_year, pdt_id, scp_quantity) VALUES (208, 11, 10, 2004, '30', 3.0);
INSERT INTO t_stats_consumption_product (scp_id, scp_updated_day, scp_updated_month, scp_updated_year, pdt_id, scp_quantity) VALUES (209, 1, 11, 2004, 'DG', 8.0);
INSERT INTO t_stats_consumption_product (scp_id, scp_updated_day, scp_updated_month, scp_updated_year, pdt_id, scp_quantity) VALUES (210, 14, 10, 2004, '61', 2.0);
INSERT INTO t_stats_consumption_product (scp_id, scp_updated_day, scp_updated_month, scp_updated_year, pdt_id, scp_quantity) VALUES (211, 5, 11, 2004, 'V1', 52.0);
INSERT INTO t_stats_consumption_product (scp_id, scp_updated_day, scp_updated_month, scp_updated_year, pdt_id, scp_quantity) VALUES (212, 5, 11, 2004, 'V8', 18.0);
INSERT INTO t_stats_consumption_product (scp_id, scp_updated_day, scp_updated_month, scp_updated_year, pdt_id, scp_quantity) VALUES (213, 28, 10, 2004, 'V7', 5.0);
INSERT INTO t_stats_consumption_product (scp_id, scp_updated_day, scp_updated_month, scp_updated_year, pdt_id, scp_quantity) VALUES (214, 5, 11, 2004, 'V6', 62.0);
INSERT INTO t_stats_consumption_product (scp_id, scp_updated_day, scp_updated_month, scp_updated_year, pdt_id, scp_quantity) VALUES (215, 1, 11, 2004, 'V3', 4.0);
INSERT INTO t_stats_consumption_product (scp_id, scp_updated_day, scp_updated_month, scp_updated_year, pdt_id, scp_quantity) VALUES (216, 5, 11, 2004, 'V2', 19.0);
INSERT INTO t_stats_consumption_product (scp_id, scp_updated_day, scp_updated_month, scp_updated_year, pdt_id, scp_quantity) VALUES (217, 20, 10, 2004, 'V4', 3.0);
INSERT INTO t_stats_consumption_product (scp_id, scp_updated_day, scp_updated_month, scp_updated_year, pdt_id, scp_quantity) VALUES (218, 30, 10, 2004, 'CPV', 5.0);
INSERT INTO t_stats_consumption_product (scp_id, scp_updated_day, scp_updated_month, scp_updated_year, pdt_id, scp_quantity) VALUES (219, 1, 11, 2004, 'CRV', 8.0);
INSERT INTO t_stats_consumption_product (scp_id, scp_updated_day, scp_updated_month, scp_updated_year, pdt_id, scp_quantity) VALUES (220, 1, 11, 2004, 'BJA', 2.0);
INSERT INTO t_stats_consumption_product (scp_id, scp_updated_day, scp_updated_month, scp_updated_year, pdt_id, scp_quantity) VALUES (221, 9, 10, 2004, 'V13', 3.0);
INSERT INTO t_stats_consumption_product (scp_id, scp_updated_day, scp_updated_month, scp_updated_year, pdt_id, scp_quantity) VALUES (222, 4, 11, 2004, 'V5', 20.0);
INSERT INTO t_stats_consumption_product (scp_id, scp_updated_day, scp_updated_month, scp_updated_year, pdt_id, scp_quantity) VALUES (223, 5, 11, 2004, 'V10', 12.0);
INSERT INTO t_stats_consumption_product (scp_id, scp_updated_day, scp_updated_month, scp_updated_year, pdt_id, scp_quantity) VALUES (224, 5, 11, 2004, 'MEN', 20.0);
INSERT INTO t_stats_consumption_product (scp_id, scp_updated_day, scp_updated_month, scp_updated_year, pdt_id, scp_quantity) VALUES (225, 3, 11, 2004, 'FX', 29.0);
INSERT INTO t_stats_consumption_product (scp_id, scp_updated_day, scp_updated_month, scp_updated_year, pdt_id, scp_quantity) VALUES (226, 28, 10, 2004, '84', 7.0);
INSERT INTO t_stats_consumption_product (scp_id, scp_updated_day, scp_updated_month, scp_updated_year, pdt_id, scp_quantity) VALUES (227, 5, 11, 2004, 'A5', 12.0);
INSERT INTO t_stats_consumption_product (scp_id, scp_updated_day, scp_updated_month, scp_updated_year, pdt_id, scp_quantity) VALUES (228, 27, 10, 2004, 'CHV', 5.0);
INSERT INTO t_stats_consumption_product (scp_id, scp_updated_day, scp_updated_month, scp_updated_year, pdt_id, scp_quantity) VALUES (229, 14, 10, 2004, '81', 2.0);
INSERT INTO t_stats_consumption_product (scp_id, scp_updated_day, scp_updated_month, scp_updated_year, pdt_id, scp_quantity) VALUES (230, 28, 10, 2004, 'V11', 2.0);
INSERT INTO t_stats_consumption_product (scp_id, scp_updated_day, scp_updated_month, scp_updated_year, pdt_id, scp_quantity) VALUES (231, 5, 11, 2004, '83', 12.0);
INSERT INTO t_stats_consumption_product (scp_id, scp_updated_day, scp_updated_month, scp_updated_year, pdt_id, scp_quantity) VALUES (232, 18, 10, 2004, 'V9', 7.0);
INSERT INTO t_stats_consumption_product (scp_id, scp_updated_day, scp_updated_month, scp_updated_year, pdt_id, scp_quantity) VALUES (233, 11, 10, 2004, 'A7', 1.0);
INSERT INTO t_stats_consumption_product (scp_id, scp_updated_day, scp_updated_month, scp_updated_year, pdt_id, scp_quantity) VALUES (234, 4, 11, 2004, '82', 11.0);
INSERT INTO t_stats_consumption_product (scp_id, scp_updated_day, scp_updated_month, scp_updated_year, pdt_id, scp_quantity) VALUES (235, 1, 11, 2004, 'A6', 11.0);
INSERT INTO t_stats_consumption_product (scp_id, scp_updated_day, scp_updated_month, scp_updated_year, pdt_id, scp_quantity) VALUES (236, 27, 10, 2004, 'PF', 1.0);
INSERT INTO t_stats_consumption_product (scp_id, scp_updated_day, scp_updated_month, scp_updated_year, pdt_id, scp_quantity) VALUES (237, 13, 10, 2004, 'PF/', 2.0);
INSERT INTO t_stats_consumption_product (scp_id, scp_updated_day, scp_updated_month, scp_updated_year, pdt_id, scp_quantity) VALUES (238, 27, 10, 2004, '104/', 5.0);
INSERT INTO t_stats_consumption_product (scp_id, scp_updated_day, scp_updated_month, scp_updated_year, pdt_id, scp_quantity) VALUES (239, 1, 11, 2004, '126', 2.0);
INSERT INTO t_stats_consumption_product (scp_id, scp_updated_day, scp_updated_month, scp_updated_year, pdt_id, scp_quantity) VALUES (240, 3, 11, 2004, 'RO', 2.0);
INSERT INTO t_stats_consumption_product (scp_id, scp_updated_day, scp_updated_month, scp_updated_year, pdt_id, scp_quantity) VALUES (241, 5, 11, 2004, 'MO', 7.0);
INSERT INTO t_stats_consumption_product (scp_id, scp_updated_day, scp_updated_month, scp_updated_year, pdt_id, scp_quantity) VALUES (242, 3, 11, 2004, 'MJ', 7.0);
INSERT INTO t_stats_consumption_product (scp_id, scp_updated_day, scp_updated_month, scp_updated_year, pdt_id, scp_quantity) VALUES (243, 4, 11, 2004, 'MD', 13.0);
INSERT INTO t_stats_consumption_product (scp_id, scp_updated_day, scp_updated_month, scp_updated_year, pdt_id, scp_quantity) VALUES (244, 4, 11, 2004, 'ME', 2.0);
INSERT INTO t_stats_consumption_product (scp_id, scp_updated_day, scp_updated_month, scp_updated_year, pdt_id, scp_quantity) VALUES (245, 25, 10, 2004, 'J1', 2.0);
INSERT INTO t_stats_consumption_product (scp_id, scp_updated_day, scp_updated_month, scp_updated_year, pdt_id, scp_quantity) VALUES (246, 23, 10, 2004, 'J2', 1.0);
INSERT INTO t_stats_consumption_product (scp_id, scp_updated_day, scp_updated_month, scp_updated_year, pdt_id, scp_quantity) VALUES (247, 4, 11, 2004, 'J5', 7.0);
INSERT INTO t_stats_consumption_product (scp_id, scp_updated_day, scp_updated_month, scp_updated_year, pdt_id, scp_quantity) VALUES (248, 5, 11, 2004, 'J7', 22.0);
INSERT INTO t_stats_consumption_product (scp_id, scp_updated_day, scp_updated_month, scp_updated_year, pdt_id, scp_quantity) VALUES (249, 4, 11, 2004, 'MI', 7.0);
INSERT INTO t_stats_consumption_product (scp_id, scp_updated_day, scp_updated_month, scp_updated_year, pdt_id, scp_quantity) VALUES (250, 5, 11, 2004, 'MC', 13.0);
INSERT INTO t_stats_consumption_product (scp_id, scp_updated_day, scp_updated_month, scp_updated_year, pdt_id, scp_quantity) VALUES (251, 1, 11, 2004, 'J15', 4.0);
INSERT INTO t_stats_consumption_product (scp_id, scp_updated_day, scp_updated_month, scp_updated_year, pdt_id, scp_quantity) VALUES (252, 5, 11, 2004, 'J21', 3.0);
INSERT INTO t_stats_consumption_product (scp_id, scp_updated_day, scp_updated_month, scp_updated_year, pdt_id, scp_quantity) VALUES (253, 1, 11, 2004, 'ML', 4.0);
INSERT INTO t_stats_consumption_product (scp_id, scp_updated_day, scp_updated_month, scp_updated_year, pdt_id, scp_quantity) VALUES (254, 1, 11, 2004, 'MK', 2.0);
INSERT INTO t_stats_consumption_product (scp_id, scp_updated_day, scp_updated_month, scp_updated_year, pdt_id, scp_quantity) VALUES (255, 1, 11, 2004, 'MM', 6.0);
INSERT INTO t_stats_consumption_product (scp_id, scp_updated_day, scp_updated_month, scp_updated_year, pdt_id, scp_quantity) VALUES (256, 5, 11, 2004, 'MH', 9.0);
INSERT INTO t_stats_consumption_product (scp_id, scp_updated_day, scp_updated_month, scp_updated_year, pdt_id, scp_quantity) VALUES (257, 3, 11, 2004, 'MB', 8.0);
INSERT INTO t_stats_consumption_product (scp_id, scp_updated_day, scp_updated_month, scp_updated_year, pdt_id, scp_quantity) VALUES (258, 1, 11, 2004, 'MF', 3.0);
INSERT INTO t_stats_consumption_product (scp_id, scp_updated_day, scp_updated_month, scp_updated_year, pdt_id, scp_quantity) VALUES (259, 5, 11, 2004, 'J19', 5.0);
INSERT INTO t_stats_consumption_product (scp_id, scp_updated_day, scp_updated_month, scp_updated_year, pdt_id, scp_quantity) VALUES (260, 5, 11, 2004, 'J18', 2.0);
INSERT INTO t_stats_consumption_product (scp_id, scp_updated_day, scp_updated_month, scp_updated_year, pdt_id, scp_quantity) VALUES (261, 4, 11, 2004, 'J4', 3.0);
INSERT INTO t_stats_consumption_product (scp_id, scp_updated_day, scp_updated_month, scp_updated_year, pdt_id, scp_quantity) VALUES (262, 28, 10, 2004, 'MP', 1.0);
INSERT INTO t_stats_consumption_product (scp_id, scp_updated_day, scp_updated_month, scp_updated_year, pdt_id, scp_quantity) VALUES (263, 28, 10, 2004, 'J9', 1.0);
INSERT INTO t_stats_consumption_product (scp_id, scp_updated_day, scp_updated_month, scp_updated_year, pdt_id, scp_quantity) VALUES (264, 5, 11, 2004, 'J17', 2.0);
INSERT INTO t_stats_consumption_product (scp_id, scp_updated_day, scp_updated_month, scp_updated_year, pdt_id, scp_quantity) VALUES (265, 5, 11, 2004, 'MG', 1.0);



INSERT INTO t_day_revenue (drv_id, drv_revenue_date, drv_print_date, drv_closing_date, drv_cash, drv_ticket, drv_cheque, drv_card, drv_unpaid, drv_amount, drv_takeaway) VALUES (1, TO_DATE('01/07/2002', 'dd/MM/yyyy'), TO_DATE('28/10/2002', 'dd/MM/yyyy'), TO_DATE('28/10/2002', 'dd/MM/yyyy'), 0.0, 0.0, 0.0, 0.0, 0.0, 0.0, true);
INSERT INTO t_vat_revenue (vtr_id, drv_id, vat_id, vtr_amount, vtr_value) VALUES (1, 1, 1, 0, 0);
INSERT INTO t_vat_revenue (vtr_id, drv_id, vat_id, vtr_amount, vtr_value) VALUES (2, 1, 2, 0.0, 0.0);
INSERT INTO t_day_revenue (drv_id, drv_revenue_date, drv_print_date, drv_closing_date, drv_cash, drv_ticket, drv_cheque, drv_card, drv_unpaid, drv_amount, drv_takeaway) VALUES (2, TO_DATE('01/07/2002', 'dd/MM/yyyy'), TO_DATE('28/10/2002', 'dd/MM/yyyy'), TO_DATE('28/10/2002', 'dd/MM/yyyy'), 13.4, 16.6, 154.0, 928.5, 0.0, 1112.5, false);
INSERT INTO t_vat_revenue (vtr_id, drv_id, vat_id, vtr_amount, vtr_value) VALUES (3, 2, 1, 1112.5, 182.31606);
INSERT INTO t_vat_revenue (vtr_id, drv_id, vat_id, vtr_amount, vtr_value) VALUES (4, 2, 2, 0, 0);
INSERT INTO t_day_revenue (drv_id, drv_revenue_date, drv_print_date, drv_closing_date, drv_cash, drv_ticket, drv_cheque, drv_card, drv_unpaid, drv_amount, drv_takeaway) VALUES (3, TO_DATE('02/07/2002', 'dd/MM/yyyy'), TO_DATE('28/10/2002', 'dd/MM/yyyy'), TO_DATE('28/10/2002', 'dd/MM/yyyy'), 0.0, 0.0, 35.0, 85.5, 0.0, 120.5, true);
INSERT INTO t_vat_revenue (vtr_id, drv_id, vat_id, vtr_amount, vtr_value) VALUES (5, 3, 1, 0, 0);
INSERT INTO t_vat_revenue (vtr_id, drv_id, vat_id, vtr_amount, vtr_value) VALUES (6, 3, 2, 120.5, 6.2819905);
INSERT INTO t_day_revenue (drv_id, drv_revenue_date, drv_print_date, drv_closing_date, drv_cash, drv_ticket, drv_cheque, drv_card, drv_unpaid, drv_amount, drv_takeaway) VALUES (4, TO_DATE('02/07/2002', 'dd/MM/yyyy'), TO_DATE('28/10/2002', 'dd/MM/yyyy'), TO_DATE('28/10/2002', 'dd/MM/yyyy'), 15.35, 28.35, 289.0, 759.05, 0.0, 1091.75, false);
INSERT INTO t_vat_revenue (vtr_id, drv_id, vat_id, vtr_amount, vtr_value) VALUES (7, 4, 1, 1091.75, 178.91556);
INSERT INTO t_vat_revenue (vtr_id, drv_id, vat_id, vtr_amount, vtr_value) VALUES (8, 4, 2, 0, 0);
INSERT INTO t_day_revenue (drv_id, drv_revenue_date, drv_print_date, drv_closing_date, drv_cash, drv_ticket, drv_cheque, drv_card, drv_unpaid, drv_amount, drv_takeaway) VALUES (5, TO_DATE('03/07/2002', 'dd/MM/yyyy'), TO_DATE('28/10/2002', 'dd/MM/yyyy'), TO_DATE('28/10/2002', 'dd/MM/yyyy'), 0.0, 0.0, 177.0, 137.0, 0.0, 314.0, true);
INSERT INTO t_vat_revenue (vtr_id, drv_id, vat_id, vtr_amount, vtr_value) VALUES (9, 5, 1, 0, 0);
INSERT INTO t_vat_revenue (vtr_id, drv_id, vat_id, vtr_amount, vtr_value) VALUES (10, 5, 2, 314.0, 16.369669);
INSERT INTO t_day_revenue (drv_id, drv_revenue_date, drv_print_date, drv_closing_date, drv_cash, drv_ticket, drv_cheque, drv_card, drv_unpaid, drv_amount, drv_takeaway) VALUES (6, TO_DATE('03/07/2002', 'dd/MM/yyyy'), TO_DATE('28/10/2002', 'dd/MM/yyyy'), TO_DATE('28/10/2002', 'dd/MM/yyyy'), 4.3, 9.2, 269.0, 429.5, 0.0, 712.0, false);
INSERT INTO t_vat_revenue (vtr_id, drv_id, vat_id, vtr_amount, vtr_value) VALUES (11, 6, 1, 712.0, 116.682274);
INSERT INTO t_vat_revenue (vtr_id, drv_id, vat_id, vtr_amount, vtr_value) VALUES (12, 6, 2, 0, 0);
INSERT INTO t_day_revenue (drv_id, drv_revenue_date, drv_print_date, drv_closing_date, drv_cash, drv_ticket, drv_cheque, drv_card, drv_unpaid, drv_amount, drv_takeaway) VALUES (7, TO_DATE('04/07/2002', 'dd/MM/yyyy'), TO_DATE('28/10/2002', 'dd/MM/yyyy'), TO_DATE('28/10/2002', 'dd/MM/yyyy'), 0.0, 0.0, 0.0, 0.0, 0.0, 0.0, true);
INSERT INTO t_vat_revenue (vtr_id, drv_id, vat_id, vtr_amount, vtr_value) VALUES (13, 7, 1, 0, 0);
INSERT INTO t_vat_revenue (vtr_id, drv_id, vat_id, vtr_amount, vtr_value) VALUES (14, 7, 2, 0.0, 0.0);
INSERT INTO t_day_revenue (drv_id, drv_revenue_date, drv_print_date, drv_closing_date, drv_cash, drv_ticket, drv_cheque, drv_card, drv_unpaid, drv_amount, drv_takeaway) VALUES (8, TO_DATE('04/07/2002', 'dd/MM/yyyy'), TO_DATE('28/10/2002', 'dd/MM/yyyy'), TO_DATE('28/10/2002', 'dd/MM/yyyy'), 0.0, 16.0, 278.0, 316.0, 0.0, 610.0, false);
INSERT INTO t_vat_revenue (vtr_id, drv_id, vat_id, vtr_amount, vtr_value) VALUES (15, 8, 1, 610.0, 99.96655);
INSERT INTO t_vat_revenue (vtr_id, drv_id, vat_id, vtr_amount, vtr_value) VALUES (16, 8, 2, 0, 0);
INSERT INTO t_day_revenue (drv_id, drv_revenue_date, drv_print_date, drv_closing_date, drv_cash, drv_ticket, drv_cheque, drv_card, drv_unpaid, drv_amount, drv_takeaway) VALUES (9, TO_DATE('05/07/2002', 'dd/MM/yyyy'), TO_DATE('25/10/2002', 'dd/MM/yyyy'), TO_DATE('25/10/2002', 'dd/MM/yyyy'), 0.0, 0.0, 0.0, 40.5, 0.0, 40.5, true);
INSERT INTO t_vat_revenue (vtr_id, drv_id, vat_id, vtr_amount, vtr_value) VALUES (17, 9, 1, 0, 0);
INSERT INTO t_vat_revenue (vtr_id, drv_id, vat_id, vtr_amount, vtr_value) VALUES (18, 9, 2, 40.5, 2.1113744);
INSERT INTO t_day_revenue (drv_id, drv_revenue_date, drv_print_date, drv_closing_date, drv_cash, drv_ticket, drv_cheque, drv_card, drv_unpaid, drv_amount, drv_takeaway) VALUES (10, TO_DATE('05/07/2002', 'dd/MM/yyyy'), TO_DATE('25/10/2002', 'dd/MM/yyyy'), TO_DATE('25/10/2002', 'dd/MM/yyyy'), 22.51, 66.0, 449.5, 1412.99, 0.0, 1951.0, false);
INSERT INTO t_vat_revenue (vtr_id, drv_id, vat_id, vtr_amount, vtr_value) VALUES (19, 10, 1, 1951.0, 319.72913);
INSERT INTO t_vat_revenue (vtr_id, drv_id, vat_id, vtr_amount, vtr_value) VALUES (20, 10, 2, 0, 0);
INSERT INTO t_day_revenue (drv_id, drv_revenue_date, drv_print_date, drv_closing_date, drv_cash, drv_ticket, drv_cheque, drv_card, drv_unpaid, drv_amount, drv_takeaway) VALUES (11, TO_DATE('06/07/2002', 'dd/MM/yyyy'), TO_DATE('25/10/2002', 'dd/MM/yyyy'), TO_DATE('25/10/2002', 'dd/MM/yyyy'), 0.0, 0.0, 41.0, 78.6, 0.0, 119.6, true);
INSERT INTO t_vat_revenue (vtr_id, drv_id, vat_id, vtr_amount, vtr_value) VALUES (21, 11, 1, 0, 0);
INSERT INTO t_vat_revenue (vtr_id, drv_id, vat_id, vtr_amount, vtr_value) VALUES (22, 11, 2, 119.6, 6.235071);
INSERT INTO t_day_revenue (drv_id, drv_revenue_date, drv_print_date, drv_closing_date, drv_cash, drv_ticket, drv_cheque, drv_card, drv_unpaid, drv_amount, drv_takeaway) VALUES (12, TO_DATE('06/07/2002', 'dd/MM/yyyy'), TO_DATE('25/10/2002', 'dd/MM/yyyy'), TO_DATE('25/10/2002', 'dd/MM/yyyy'), 20.75, 64.56, 195.67, 1218.52, 0.0, 1499.5, false);
INSERT INTO t_vat_revenue (vtr_id, drv_id, vat_id, vtr_amount, vtr_value) VALUES (23, 12, 1, 1499.5, 245.73747);
INSERT INTO t_vat_revenue (vtr_id, drv_id, vat_id, vtr_amount, vtr_value) VALUES (24, 12, 2, 0, 0);
INSERT INTO t_day_revenue (drv_id, drv_revenue_date, drv_print_date, drv_closing_date, drv_cash, drv_ticket, drv_cheque, drv_card, drv_unpaid, drv_amount, drv_takeaway) VALUES (13, TO_DATE('07/07/2002', 'dd/MM/yyyy'), TO_DATE('25/10/2002', 'dd/MM/yyyy'), TO_DATE('25/10/2002', 'dd/MM/yyyy'), 0.0, 0.0, 0.0, 33.5, 0.0, 33.5, true);
INSERT INTO t_vat_revenue (vtr_id, drv_id, vat_id, vtr_amount, vtr_value) VALUES (25, 13, 1, 0, 0);
INSERT INTO t_vat_revenue (vtr_id, drv_id, vat_id, vtr_amount, vtr_value) VALUES (26, 13, 2, 33.5, 1.7464455);
INSERT INTO t_day_revenue (drv_id, drv_revenue_date, drv_print_date, drv_closing_date, drv_cash, drv_ticket, drv_cheque, drv_card, drv_unpaid, drv_amount, drv_takeaway) VALUES (14, TO_DATE('07/07/2002', 'dd/MM/yyyy'), TO_DATE('25/10/2002', 'dd/MM/yyyy'), TO_DATE('25/10/2002', 'dd/MM/yyyy'), -0.5, 23.5, 837.0, 640.0, 0.0, 1500.0, false);
INSERT INTO t_vat_revenue (vtr_id, drv_id, vat_id, vtr_amount, vtr_value) VALUES (27, 14, 1, 1500.0, 245.8194);
INSERT INTO t_vat_revenue (vtr_id, drv_id, vat_id, vtr_amount, vtr_value) VALUES (28, 14, 2, 0, 0);
INSERT INTO t_day_revenue (drv_id, drv_revenue_date, drv_print_date, drv_closing_date, drv_cash, drv_ticket, drv_cheque, drv_card, drv_unpaid, drv_amount, drv_takeaway) VALUES (15, TO_DATE('08/07/2002', 'dd/MM/yyyy'), TO_DATE('25/10/2002', 'dd/MM/yyyy'), TO_DATE('25/10/2002', 'dd/MM/yyyy'), 0.0, 0.0, 0.0, 45.0, 0.0, 45.0, true);
INSERT INTO t_vat_revenue (vtr_id, drv_id, vat_id, vtr_amount, vtr_value) VALUES (29, 15, 1, 0, 0);
INSERT INTO t_vat_revenue (vtr_id, drv_id, vat_id, vtr_amount, vtr_value) VALUES (30, 15, 2, 45.0, 2.3459716);
INSERT INTO t_day_revenue (drv_id, drv_revenue_date, drv_print_date, drv_closing_date, drv_cash, drv_ticket, drv_cheque, drv_card, drv_unpaid, drv_amount, drv_takeaway) VALUES (16, TO_DATE('08/07/2002', 'dd/MM/yyyy'), TO_DATE('25/10/2002', 'dd/MM/yyyy'), TO_DATE('25/10/2002', 'dd/MM/yyyy'), 86.0, 0.0, 288.0, 782.5, 0.0, 1156.5, false);
INSERT INTO t_vat_revenue (vtr_id, drv_id, vat_id, vtr_amount, vtr_value) VALUES (31, 16, 1, 1156.5, 189.52676);
INSERT INTO t_vat_revenue (vtr_id, drv_id, vat_id, vtr_amount, vtr_value) VALUES (32, 16, 2, 0, 0);
INSERT INTO t_day_revenue (drv_id, drv_revenue_date, drv_print_date, drv_closing_date, drv_cash, drv_ticket, drv_cheque, drv_card, drv_unpaid, drv_amount, drv_takeaway) VALUES (17, TO_DATE('09/07/2002', 'dd/MM/yyyy'), TO_DATE('25/10/2002', 'dd/MM/yyyy'), TO_DATE('25/10/2002', 'dd/MM/yyyy'), 0.0, 0.0, 78.5, 160.5, 0.0, 239.0, true);
INSERT INTO t_vat_revenue (vtr_id, drv_id, vat_id, vtr_amount, vtr_value) VALUES (33, 17, 1, 0, 0);
INSERT INTO t_vat_revenue (vtr_id, drv_id, vat_id, vtr_amount, vtr_value) VALUES (34, 17, 2, 239.0, 12.459716);
INSERT INTO t_day_revenue (drv_id, drv_revenue_date, drv_print_date, drv_closing_date, drv_cash, drv_ticket, drv_cheque, drv_card, drv_unpaid, drv_amount, drv_takeaway) VALUES (18, TO_DATE('09/07/2002', 'dd/MM/yyyy'), TO_DATE('25/10/2002', 'dd/MM/yyyy'), TO_DATE('25/10/2002', 'dd/MM/yyyy'), 0.0, 47.5, 104.0, 588.5, 0.0, 740.0, false);
INSERT INTO t_vat_revenue (vtr_id, drv_id, vat_id, vtr_amount, vtr_value) VALUES (35, 18, 1, 740.0, 121.270905);
INSERT INTO t_vat_revenue (vtr_id, drv_id, vat_id, vtr_amount, vtr_value) VALUES (36, 18, 2, 0, 0);
INSERT INTO t_day_revenue (drv_id, drv_revenue_date, drv_print_date, drv_closing_date, drv_cash, drv_ticket, drv_cheque, drv_card, drv_unpaid, drv_amount, drv_takeaway) VALUES (19, TO_DATE('10/07/2002', 'dd/MM/yyyy'), TO_DATE('25/10/2002', 'dd/MM/yyyy'), TO_DATE('25/10/2002', 'dd/MM/yyyy'), 0.0, 0.0, 40.0, 200.5, 0.0, 240.5, true);
INSERT INTO t_vat_revenue (vtr_id, drv_id, vat_id, vtr_amount, vtr_value) VALUES (37, 19, 1, 0, 0);
INSERT INTO t_vat_revenue (vtr_id, drv_id, vat_id, vtr_amount, vtr_value) VALUES (38, 19, 2, 240.5, 12.537914);
INSERT INTO t_day_revenue (drv_id, drv_revenue_date, drv_print_date, drv_closing_date, drv_cash, drv_ticket, drv_cheque, drv_card, drv_unpaid, drv_amount, drv_takeaway) VALUES (20, TO_DATE('10/07/2002', 'dd/MM/yyyy'), TO_DATE('25/10/2002', 'dd/MM/yyyy'), TO_DATE('25/10/2002', 'dd/MM/yyyy'), 64.0, 45.47, 68.5, 720.53, 0.0, 898.5, false);
INSERT INTO t_vat_revenue (vtr_id, drv_id, vat_id, vtr_amount, vtr_value) VALUES (39, 20, 1, 898.5, 147.24582);
INSERT INTO t_vat_revenue (vtr_id, drv_id, vat_id, vtr_amount, vtr_value) VALUES (40, 20, 2, 0, 0);
INSERT INTO t_day_revenue (drv_id, drv_revenue_date, drv_print_date, drv_closing_date, drv_cash, drv_ticket, drv_cheque, drv_card, drv_unpaid, drv_amount, drv_takeaway) VALUES (21, TO_DATE('11/07/2002', 'dd/MM/yyyy'), TO_DATE('25/10/2002', 'dd/MM/yyyy'), TO_DATE('25/10/2002', 'dd/MM/yyyy'), 27.55, 0.0, 0.0, 65.5, 0.0, 93.05, true);
INSERT INTO t_vat_revenue (vtr_id, drv_id, vat_id, vtr_amount, vtr_value) VALUES (41, 21, 1, 0, 0);
INSERT INTO t_vat_revenue (vtr_id, drv_id, vat_id, vtr_amount, vtr_value) VALUES (42, 21, 2, 93.05, 4.8509483);
INSERT INTO t_day_revenue (drv_id, drv_revenue_date, drv_print_date, drv_closing_date, drv_cash, drv_ticket, drv_cheque, drv_card, drv_unpaid, drv_amount, drv_takeaway) VALUES (22, TO_DATE('11/07/2002', 'dd/MM/yyyy'), TO_DATE('25/10/2002', 'dd/MM/yyyy'), TO_DATE('25/10/2002', 'dd/MM/yyyy'), 97.75, 13.0, 670.0, 627.25, 0.0, 1408.0, false);
INSERT INTO t_vat_revenue (vtr_id, drv_id, vat_id, vtr_amount, vtr_value) VALUES (43, 22, 1, 1408.0, 230.74248);
INSERT INTO t_vat_revenue (vtr_id, drv_id, vat_id, vtr_amount, vtr_value) VALUES (44, 22, 2, 0, 0);
INSERT INTO t_day_revenue (drv_id, drv_revenue_date, drv_print_date, drv_closing_date, drv_cash, drv_ticket, drv_cheque, drv_card, drv_unpaid, drv_amount, drv_takeaway) VALUES (23, TO_DATE('12/07/2002', 'dd/MM/yyyy'), TO_DATE('25/10/2002', 'dd/MM/yyyy'), TO_DATE('25/10/2002', 'dd/MM/yyyy'), 0.0, 0.0, 0.0, 91.5, 0.0, 91.5, true);
INSERT INTO t_vat_revenue (vtr_id, drv_id, vat_id, vtr_amount, vtr_value) VALUES (45, 23, 1, 0, 0);
INSERT INTO t_vat_revenue (vtr_id, drv_id, vat_id, vtr_amount, vtr_value) VALUES (46, 23, 2, 91.5, 4.770142);
INSERT INTO t_day_revenue (drv_id, drv_revenue_date, drv_print_date, drv_closing_date, drv_cash, drv_ticket, drv_cheque, drv_card, drv_unpaid, drv_amount, drv_takeaway) VALUES (24, TO_DATE('12/07/2002', 'dd/MM/yyyy'), TO_DATE('25/10/2002', 'dd/MM/yyyy'), TO_DATE('25/10/2002', 'dd/MM/yyyy'), 16.38, 14.62, 323.5, 1031.0, 0.0, 1385.5, false);
INSERT INTO t_vat_revenue (vtr_id, drv_id, vat_id, vtr_amount, vtr_value) VALUES (47, 24, 1, 1385.5, 227.05519);
INSERT INTO t_vat_revenue (vtr_id, drv_id, vat_id, vtr_amount, vtr_value) VALUES (48, 24, 2, 0, 0);
INSERT INTO t_day_revenue (drv_id, drv_revenue_date, drv_print_date, drv_closing_date, drv_cash, drv_ticket, drv_cheque, drv_card, drv_unpaid, drv_amount, drv_takeaway) VALUES (25, TO_DATE('13/07/2002', 'dd/MM/yyyy'), TO_DATE('25/10/2002', 'dd/MM/yyyy'), TO_DATE('25/10/2002', 'dd/MM/yyyy'), 0.0, 0.0, 0.0, 29.5, 0.0, 29.5, true);
INSERT INTO t_vat_revenue (vtr_id, drv_id, vat_id, vtr_amount, vtr_value) VALUES (49, 25, 1, 0, 0);
INSERT INTO t_vat_revenue (vtr_id, drv_id, vat_id, vtr_amount, vtr_value) VALUES (50, 25, 2, 29.5, 1.5379146);
INSERT INTO t_day_revenue (drv_id, drv_revenue_date, drv_print_date, drv_closing_date, drv_cash, drv_ticket, drv_cheque, drv_card, drv_unpaid, drv_amount, drv_takeaway) VALUES (26, TO_DATE('13/07/2002', 'dd/MM/yyyy'), TO_DATE('25/10/2002', 'dd/MM/yyyy'), TO_DATE('25/10/2002', 'dd/MM/yyyy'), 111.3, 21.2, 407.25, 856.25, 0.0, 1396.0, false);
INSERT INTO t_vat_revenue (vtr_id, drv_id, vat_id, vtr_amount, vtr_value) VALUES (51, 26, 1, 1396.0, 228.77592);
INSERT INTO t_vat_revenue (vtr_id, drv_id, vat_id, vtr_amount, vtr_value) VALUES (52, 26, 2, 0, 0);
INSERT INTO t_day_revenue (drv_id, drv_revenue_date, drv_print_date, drv_closing_date, drv_cash, drv_ticket, drv_cheque, drv_card, drv_unpaid, drv_amount, drv_takeaway) VALUES (27, TO_DATE('14/07/2002', 'dd/MM/yyyy'), TO_DATE('25/10/2002', 'dd/MM/yyyy'), TO_DATE('25/10/2002', 'dd/MM/yyyy'), 0.0, 0.0, 9.0, 66.5, 0.0, 75.5, true);
INSERT INTO t_vat_revenue (vtr_id, drv_id, vat_id, vtr_amount, vtr_value) VALUES (53, 27, 1, 0, 0);
INSERT INTO t_vat_revenue (vtr_id, drv_id, vat_id, vtr_amount, vtr_value) VALUES (54, 27, 2, 75.5, 3.936019);
INSERT INTO t_day_revenue (drv_id, drv_revenue_date, drv_print_date, drv_closing_date, drv_cash, drv_ticket, drv_cheque, drv_card, drv_unpaid, drv_amount, drv_takeaway) VALUES (28, TO_DATE('14/07/2002', 'dd/MM/yyyy'), TO_DATE('25/10/2002', 'dd/MM/yyyy'), TO_DATE('25/10/2002', 'dd/MM/yyyy'), -3.5, 0.0, 208.5, 758.0, 0.0, 963.0, false);
INSERT INTO t_vat_revenue (vtr_id, drv_id, vat_id, vtr_amount, vtr_value) VALUES (55, 28, 1, 963.0, 157.81606);
INSERT INTO t_vat_revenue (vtr_id, drv_id, vat_id, vtr_amount, vtr_value) VALUES (56, 28, 2, 0, 0);
INSERT INTO t_day_revenue (drv_id, drv_revenue_date, drv_print_date, drv_closing_date, drv_cash, drv_ticket, drv_cheque, drv_card, drv_unpaid, drv_amount, drv_takeaway) VALUES (29, TO_DATE('15/07/2002', 'dd/MM/yyyy'), TO_DATE('25/10/2002', 'dd/MM/yyyy'), TO_DATE('25/10/2002', 'dd/MM/yyyy'), 0.0, 0.0, 0.0, 74.0, 0.0, 74.0, true);
INSERT INTO t_vat_revenue (vtr_id, drv_id, vat_id, vtr_amount, vtr_value) VALUES (57, 29, 1, 0, 0);
INSERT INTO t_vat_revenue (vtr_id, drv_id, vat_id, vtr_amount, vtr_value) VALUES (58, 29, 2, 74.0, 3.8578198);
INSERT INTO t_day_revenue (drv_id, drv_revenue_date, drv_print_date, drv_closing_date, drv_cash, drv_ticket, drv_cheque, drv_card, drv_unpaid, drv_amount, drv_takeaway) VALUES (30, TO_DATE('15/07/2002', 'dd/MM/yyyy'), TO_DATE('25/10/2002', 'dd/MM/yyyy'), TO_DATE('25/10/2002', 'dd/MM/yyyy'), 30.1, 36.7, 457.5, 852.7, 0.0, 1377.0, false);
INSERT INTO t_vat_revenue (vtr_id, drv_id, vat_id, vtr_amount, vtr_value) VALUES (59, 30, 1, 1377.0, 225.66222);
INSERT INTO t_vat_revenue (vtr_id, drv_id, vat_id, vtr_amount, vtr_value) VALUES (60, 30, 2, 0, 0);
INSERT INTO t_day_revenue (drv_id, drv_revenue_date, drv_print_date, drv_closing_date, drv_cash, drv_ticket, drv_cheque, drv_card, drv_unpaid, drv_amount, drv_takeaway) VALUES (31, TO_DATE('16/07/2002', 'dd/MM/yyyy'), TO_DATE('25/10/2002', 'dd/MM/yyyy'), TO_DATE('25/10/2002', 'dd/MM/yyyy'), 0.0, 0.0, 0.0, 0.0, 0.0, 0.0, true);
INSERT INTO t_vat_revenue (vtr_id, drv_id, vat_id, vtr_amount, vtr_value) VALUES (61, 31, 1, 0, 0);
INSERT INTO t_vat_revenue (vtr_id, drv_id, vat_id, vtr_amount, vtr_value) VALUES (62, 31, 2, 0.0, 0.0);
INSERT INTO t_day_revenue (drv_id, drv_revenue_date, drv_print_date, drv_closing_date, drv_cash, drv_ticket, drv_cheque, drv_card, drv_unpaid, drv_amount, drv_takeaway) VALUES (32, TO_DATE('16/07/2002', 'dd/MM/yyyy'), TO_DATE('25/10/2002', 'dd/MM/yyyy'), TO_DATE('25/10/2002', 'dd/MM/yyyy'), 21.5, 39.34, 291.0, 232.16, 0.0, 584.0, false);
INSERT INTO t_vat_revenue (vtr_id, drv_id, vat_id, vtr_amount, vtr_value) VALUES (63, 32, 1, 584.0, 95.70569);
INSERT INTO t_vat_revenue (vtr_id, drv_id, vat_id, vtr_amount, vtr_value) VALUES (64, 32, 2, 0, 0);
INSERT INTO t_day_revenue (drv_id, drv_revenue_date, drv_print_date, drv_closing_date, drv_cash, drv_ticket, drv_cheque, drv_card, drv_unpaid, drv_amount, drv_takeaway) VALUES (33, TO_DATE('17/07/2002', 'dd/MM/yyyy'), TO_DATE('25/10/2002', 'dd/MM/yyyy'), TO_DATE('25/10/2002', 'dd/MM/yyyy'), 0.0, 0.0, 20.0, 55.0, 0.0, 75.0, true);
INSERT INTO t_vat_revenue (vtr_id, drv_id, vat_id, vtr_amount, vtr_value) VALUES (65, 33, 1, 0, 0);
INSERT INTO t_vat_revenue (vtr_id, drv_id, vat_id, vtr_amount, vtr_value) VALUES (66, 33, 2, 75.0, 3.9099526);
INSERT INTO t_day_revenue (drv_id, drv_revenue_date, drv_print_date, drv_closing_date, drv_cash, drv_ticket, drv_cheque, drv_card, drv_unpaid, drv_amount, drv_takeaway) VALUES (34, TO_DATE('17/07/2002', 'dd/MM/yyyy'), TO_DATE('25/10/2002', 'dd/MM/yyyy'), TO_DATE('25/10/2002', 'dd/MM/yyyy'), 18.5, 0.0, 92.0, 551.0, 0.0, 661.5, false);
INSERT INTO t_vat_revenue (vtr_id, drv_id, vat_id, vtr_amount, vtr_value) VALUES (67, 34, 1, 661.5, 108.40636);
INSERT INTO t_vat_revenue (vtr_id, drv_id, vat_id, vtr_amount, vtr_value) VALUES (68, 34, 2, 0, 0);
INSERT INTO t_day_revenue (drv_id, drv_revenue_date, drv_print_date, drv_closing_date, drv_cash, drv_ticket, drv_cheque, drv_card, drv_unpaid, drv_amount, drv_takeaway) VALUES (35, TO_DATE('18/07/2002', 'dd/MM/yyyy'), TO_DATE('25/10/2002', 'dd/MM/yyyy'), TO_DATE('25/10/2002', 'dd/MM/yyyy'), 0.0, 0.0, 0.0, 45.5, 0.0, 45.5, true);
INSERT INTO t_vat_revenue (vtr_id, drv_id, vat_id, vtr_amount, vtr_value) VALUES (69, 35, 1, 0, 0);
INSERT INTO t_vat_revenue (vtr_id, drv_id, vat_id, vtr_amount, vtr_value) VALUES (70, 35, 2, 45.5, 2.372038);
INSERT INTO t_day_revenue (drv_id, drv_revenue_date, drv_print_date, drv_closing_date, drv_cash, drv_ticket, drv_cheque, drv_card, drv_unpaid, drv_amount, drv_takeaway) VALUES (36, TO_DATE('18/07/2002', 'dd/MM/yyyy'), TO_DATE('25/10/2002', 'dd/MM/yyyy'), TO_DATE('25/10/2002', 'dd/MM/yyyy'), 70.1, 48.73, 479.67, 1101.0, 0.0, 1699.5, false);
INSERT INTO t_vat_revenue (vtr_id, drv_id, vat_id, vtr_amount, vtr_value) VALUES (71, 36, 1, 1699.5, 278.51337);
INSERT INTO t_vat_revenue (vtr_id, drv_id, vat_id, vtr_amount, vtr_value) VALUES (72, 36, 2, 0, 0);
INSERT INTO t_day_revenue (drv_id, drv_revenue_date, drv_print_date, drv_closing_date, drv_cash, drv_ticket, drv_cheque, drv_card, drv_unpaid, drv_amount, drv_takeaway) VALUES (37, TO_DATE('19/07/2002', 'dd/MM/yyyy'), TO_DATE('25/10/2002', 'dd/MM/yyyy'), TO_DATE('25/10/2002', 'dd/MM/yyyy'), 0.0, 6.1, 0.0, 105.4, 0.0, 111.5, true);
INSERT INTO t_vat_revenue (vtr_id, drv_id, vat_id, vtr_amount, vtr_value) VALUES (73, 37, 1, 0, 0);
INSERT INTO t_vat_revenue (vtr_id, drv_id, vat_id, vtr_amount, vtr_value) VALUES (74, 37, 2, 111.5, 5.812796);
INSERT INTO t_day_revenue (drv_id, drv_revenue_date, drv_print_date, drv_closing_date, drv_cash, drv_ticket, drv_cheque, drv_card, drv_unpaid, drv_amount, drv_takeaway) VALUES (38, TO_DATE('19/07/2002', 'dd/MM/yyyy'), TO_DATE('25/10/2002', 'dd/MM/yyyy'), TO_DATE('25/10/2002', 'dd/MM/yyyy'), 118.5, 0.0, 343.5, 907.5, 0.0, 1369.5, false);
INSERT INTO t_vat_revenue (vtr_id, drv_id, vat_id, vtr_amount, vtr_value) VALUES (75, 38, 1, 1369.5, 224.43312);
INSERT INTO t_vat_revenue (vtr_id, drv_id, vat_id, vtr_amount, vtr_value) VALUES (76, 38, 2, 0, 0);
INSERT INTO t_day_revenue (drv_id, drv_revenue_date, drv_print_date, drv_closing_date, drv_cash, drv_ticket, drv_cheque, drv_card, drv_unpaid, drv_amount, drv_takeaway) VALUES (39, TO_DATE('20/07/2002', 'dd/MM/yyyy'), TO_DATE('25/10/2002', 'dd/MM/yyyy'), TO_DATE('25/10/2002', 'dd/MM/yyyy'), 0.0, 0.0, 36.0, 23.0, 0.0, 59.0, true);
INSERT INTO t_vat_revenue (vtr_id, drv_id, vat_id, vtr_amount, vtr_value) VALUES (77, 39, 1, 0, 0);
INSERT INTO t_vat_revenue (vtr_id, drv_id, vat_id, vtr_amount, vtr_value) VALUES (78, 39, 2, 59.0, 3.0758293);
INSERT INTO t_day_revenue (drv_id, drv_revenue_date, drv_print_date, drv_closing_date, drv_cash, drv_ticket, drv_cheque, drv_card, drv_unpaid, drv_amount, drv_takeaway) VALUES (40, TO_DATE('20/07/2002', 'dd/MM/yyyy'), TO_DATE('25/10/2002', 'dd/MM/yyyy'), TO_DATE('25/10/2002', 'dd/MM/yyyy'), 4.3, 7.0, 655.2, 761.5, 0.0, 1428.0, false);
INSERT INTO t_vat_revenue (vtr_id, drv_id, vat_id, vtr_amount, vtr_value) VALUES (79, 40, 1, 1428.0, 234.02008);
INSERT INTO t_vat_revenue (vtr_id, drv_id, vat_id, vtr_amount, vtr_value) VALUES (80, 40, 2, 0, 0);
INSERT INTO t_day_revenue (drv_id, drv_revenue_date, drv_print_date, drv_closing_date, drv_cash, drv_ticket, drv_cheque, drv_card, drv_unpaid, drv_amount, drv_takeaway) VALUES (41, TO_DATE('21/07/2002', 'dd/MM/yyyy'), TO_DATE('25/10/2002', 'dd/MM/yyyy'), TO_DATE('25/10/2002', 'dd/MM/yyyy'), 0.0, 0.0, 28.5, 81.5, 0.0, 110.0, true);
INSERT INTO t_vat_revenue (vtr_id, drv_id, vat_id, vtr_amount, vtr_value) VALUES (81, 41, 1, 0, 0);
INSERT INTO t_vat_revenue (vtr_id, drv_id, vat_id, vtr_amount, vtr_value) VALUES (82, 41, 2, 110.0, 5.734597);
INSERT INTO t_day_revenue (drv_id, drv_revenue_date, drv_print_date, drv_closing_date, drv_cash, drv_ticket, drv_cheque, drv_card, drv_unpaid, drv_amount, drv_takeaway) VALUES (42, TO_DATE('21/07/2002', 'dd/MM/yyyy'), TO_DATE('25/10/2002', 'dd/MM/yyyy'), TO_DATE('25/10/2002', 'dd/MM/yyyy'), 39.0, 50.5, 329.0, 239.0, 0.0, 657.5, false);
INSERT INTO t_vat_revenue (vtr_id, drv_id, vat_id, vtr_amount, vtr_value) VALUES (83, 42, 1, 657.5, 107.75084);
INSERT INTO t_vat_revenue (vtr_id, drv_id, vat_id, vtr_amount, vtr_value) VALUES (84, 42, 2, 0, 0);
INSERT INTO t_day_revenue (drv_id, drv_revenue_date, drv_print_date, drv_closing_date, drv_cash, drv_ticket, drv_cheque, drv_card, drv_unpaid, drv_amount, drv_takeaway) VALUES (43, TO_DATE('22/07/2002', 'dd/MM/yyyy'), TO_DATE('25/10/2002', 'dd/MM/yyyy'), TO_DATE('25/10/2002', 'dd/MM/yyyy'), 0.0, 0.0, 0.0, 0.0, 0.0, 0.0, true);
INSERT INTO t_vat_revenue (vtr_id, drv_id, vat_id, vtr_amount, vtr_value) VALUES (85, 43, 1, 0, 0);
INSERT INTO t_vat_revenue (vtr_id, drv_id, vat_id, vtr_amount, vtr_value) VALUES (86, 43, 2, 0.0, 0.0);
INSERT INTO t_day_revenue (drv_id, drv_revenue_date, drv_print_date, drv_closing_date, drv_cash, drv_ticket, drv_cheque, drv_card, drv_unpaid, drv_amount, drv_takeaway) VALUES (44, TO_DATE('22/07/2002', 'dd/MM/yyyy'), TO_DATE('25/10/2002', 'dd/MM/yyyy'), TO_DATE('25/10/2002', 'dd/MM/yyyy'), 0.0, 0.0, 263.0, 377.0, 0.0, 640.0, false);
INSERT INTO t_vat_revenue (vtr_id, drv_id, vat_id, vtr_amount, vtr_value) VALUES (87, 44, 1, 640.0, 104.88294);
INSERT INTO t_vat_revenue (vtr_id, drv_id, vat_id, vtr_amount, vtr_value) VALUES (88, 44, 2, 0, 0);
INSERT INTO t_day_revenue (drv_id, drv_revenue_date, drv_print_date, drv_closing_date, drv_cash, drv_ticket, drv_cheque, drv_card, drv_unpaid, drv_amount, drv_takeaway) VALUES (45, TO_DATE('23/07/2002', 'dd/MM/yyyy'), TO_DATE('25/10/2002', 'dd/MM/yyyy'), TO_DATE('25/10/2002', 'dd/MM/yyyy'), 0.0, 0.0, 0.0, 146.0, 0.0, 146.0, true);
INSERT INTO t_vat_revenue (vtr_id, drv_id, vat_id, vtr_amount, vtr_value) VALUES (89, 45, 1, 0, 0);
INSERT INTO t_vat_revenue (vtr_id, drv_id, vat_id, vtr_amount, vtr_value) VALUES (90, 45, 2, 146.0, 7.6113744);
INSERT INTO t_day_revenue (drv_id, drv_revenue_date, drv_print_date, drv_closing_date, drv_cash, drv_ticket, drv_cheque, drv_card, drv_unpaid, drv_amount, drv_takeaway) VALUES (46, TO_DATE('23/07/2002', 'dd/MM/yyyy'), TO_DATE('25/10/2002', 'dd/MM/yyyy'), TO_DATE('25/10/2002', 'dd/MM/yyyy'), 19.5, 12.0, 326.0, 566.0, 0.0, 923.5, false);
INSERT INTO t_vat_revenue (vtr_id, drv_id, vat_id, vtr_amount, vtr_value) VALUES (91, 46, 1, 923.5, 151.3428);
INSERT INTO t_vat_revenue (vtr_id, drv_id, vat_id, vtr_amount, vtr_value) VALUES (92, 46, 2, 0, 0);
INSERT INTO t_day_revenue (drv_id, drv_revenue_date, drv_print_date, drv_closing_date, drv_cash, drv_ticket, drv_cheque, drv_card, drv_unpaid, drv_amount, drv_takeaway) VALUES (47, TO_DATE('24/07/2002', 'dd/MM/yyyy'), TO_DATE('25/10/2002', 'dd/MM/yyyy'), TO_DATE('25/10/2002', 'dd/MM/yyyy'), 0.0, 0.0, 170.5, 66.0, 0.0, 236.5, true);
INSERT INTO t_vat_revenue (vtr_id, drv_id, vat_id, vtr_amount, vtr_value) VALUES (93, 47, 1, 0, 0);
INSERT INTO t_vat_revenue (vtr_id, drv_id, vat_id, vtr_amount, vtr_value) VALUES (94, 47, 2, 236.5, 12.329384);
INSERT INTO t_day_revenue (drv_id, drv_revenue_date, drv_print_date, drv_closing_date, drv_cash, drv_ticket, drv_cheque, drv_card, drv_unpaid, drv_amount, drv_takeaway) VALUES (48, TO_DATE('24/07/2002', 'dd/MM/yyyy'), TO_DATE('25/10/2002', 'dd/MM/yyyy'), TO_DATE('25/10/2002', 'dd/MM/yyyy'), 0.0, 0.0, 271.0, 722.0, 0.0, 993.0, false);
INSERT INTO t_vat_revenue (vtr_id, drv_id, vat_id, vtr_amount, vtr_value) VALUES (95, 48, 1, 993.0, 162.73245);
INSERT INTO t_vat_revenue (vtr_id, drv_id, vat_id, vtr_amount, vtr_value) VALUES (96, 48, 2, 0, 0);
INSERT INTO t_day_revenue (drv_id, drv_revenue_date, drv_print_date, drv_closing_date, drv_cash, drv_ticket, drv_cheque, drv_card, drv_unpaid, drv_amount, drv_takeaway) VALUES (49, TO_DATE('25/07/2002', 'dd/MM/yyyy'), TO_DATE('25/10/2002', 'dd/MM/yyyy'), TO_DATE('25/10/2002', 'dd/MM/yyyy'), 20.5, 0.0, 0.0, 81.5, 0.0, 102.0, true);
INSERT INTO t_vat_revenue (vtr_id, drv_id, vat_id, vtr_amount, vtr_value) VALUES (97, 49, 1, 0, 0);
INSERT INTO t_vat_revenue (vtr_id, drv_id, vat_id, vtr_amount, vtr_value) VALUES (98, 49, 2, 102.0, 5.3175354);
INSERT INTO t_day_revenue (drv_id, drv_revenue_date, drv_print_date, drv_closing_date, drv_cash, drv_ticket, drv_cheque, drv_card, drv_unpaid, drv_amount, drv_takeaway) VALUES (50, TO_DATE('25/07/2002', 'dd/MM/yyyy'), TO_DATE('25/10/2002', 'dd/MM/yyyy'), TO_DATE('25/10/2002', 'dd/MM/yyyy'), 27.0, 0.0, 260.0, 646.5, 0.0, 933.5, false);
INSERT INTO t_vat_revenue (vtr_id, drv_id, vat_id, vtr_amount, vtr_value) VALUES (99, 50, 1, 933.5, 152.9816);
INSERT INTO t_vat_revenue (vtr_id, drv_id, vat_id, vtr_amount, vtr_value) VALUES (100, 50, 2, 0, 0);
INSERT INTO t_day_revenue (drv_id, drv_revenue_date, drv_print_date, drv_closing_date, drv_cash, drv_ticket, drv_cheque, drv_card, drv_unpaid, drv_amount, drv_takeaway) VALUES (51, TO_DATE('26/07/2002', 'dd/MM/yyyy'), TO_DATE('25/10/2002', 'dd/MM/yyyy'), TO_DATE('25/10/2002', 'dd/MM/yyyy'), 0.0, 0.0, 0.0, 57.5, 0.0, 57.5, true);
INSERT INTO t_vat_revenue (vtr_id, drv_id, vat_id, vtr_amount, vtr_value) VALUES (101, 51, 1, 0, 0);
INSERT INTO t_vat_revenue (vtr_id, drv_id, vat_id, vtr_amount, vtr_value) VALUES (102, 51, 2, 57.5, 2.9976304);
INSERT INTO t_day_revenue (drv_id, drv_revenue_date, drv_print_date, drv_closing_date, drv_cash, drv_ticket, drv_cheque, drv_card, drv_unpaid, drv_amount, drv_takeaway) VALUES (52, TO_DATE('26/07/2002', 'dd/MM/yyyy'), TO_DATE('25/10/2002', 'dd/MM/yyyy'), TO_DATE('25/10/2002', 'dd/MM/yyyy'), 269.5, 7.0, 276.5, 728.5, 0.0, 1281.5, false);
INSERT INTO t_vat_revenue (vtr_id, drv_id, vat_id, vtr_amount, vtr_value) VALUES (103, 52, 1, 1281.5, 210.01172);
INSERT INTO t_vat_revenue (vtr_id, drv_id, vat_id, vtr_amount, vtr_value) VALUES (104, 52, 2, 0, 0);
INSERT INTO t_day_revenue (drv_id, drv_revenue_date, drv_print_date, drv_closing_date, drv_cash, drv_ticket, drv_cheque, drv_card, drv_unpaid, drv_amount, drv_takeaway) VALUES (53, TO_DATE('27/07/2002', 'dd/MM/yyyy'), TO_DATE('25/10/2002', 'dd/MM/yyyy'), TO_DATE('25/10/2002', 'dd/MM/yyyy'), 0.0, 0.0, 0.0, 174.0, 0.0, 174.0, true);
INSERT INTO t_vat_revenue (vtr_id, drv_id, vat_id, vtr_amount, vtr_value) VALUES (105, 53, 1, 0, 0);
INSERT INTO t_vat_revenue (vtr_id, drv_id, vat_id, vtr_amount, vtr_value) VALUES (106, 53, 2, 174.0, 9.07109);
INSERT INTO t_day_revenue (drv_id, drv_revenue_date, drv_print_date, drv_closing_date, drv_cash, drv_ticket, drv_cheque, drv_card, drv_unpaid, drv_amount, drv_takeaway) VALUES (54, TO_DATE('27/07/2002', 'dd/MM/yyyy'), TO_DATE('25/10/2002', 'dd/MM/yyyy'), TO_DATE('25/10/2002', 'dd/MM/yyyy'), 0.0, 83.5, 241.5, 497.0, 0.0, 822.0, false);
INSERT INTO t_vat_revenue (vtr_id, drv_id, vat_id, vtr_amount, vtr_value) VALUES (107, 54, 1, 822.0, 134.70903);
INSERT INTO t_vat_revenue (vtr_id, drv_id, vat_id, vtr_amount, vtr_value) VALUES (108, 54, 2, 0, 0);
INSERT INTO t_day_revenue (drv_id, drv_revenue_date, drv_print_date, drv_closing_date, drv_cash, drv_ticket, drv_cheque, drv_card, drv_unpaid, drv_amount, drv_takeaway) VALUES (55, TO_DATE('28/07/2002', 'dd/MM/yyyy'), TO_DATE('28/07/2002', 'dd/MM/yyyy'), TO_DATE('28/07/2002', 'dd/MM/yyyy'), 0.0, 0.0, 0.0, 0.0, 0.0, 0.0, true);
INSERT INTO t_vat_revenue (vtr_id, drv_id, vat_id, vtr_amount, vtr_value) VALUES (109, 55, 1, 0, 0);
INSERT INTO t_vat_revenue (vtr_id, drv_id, vat_id, vtr_amount, vtr_value) VALUES (110, 55, 2, 0.0, 0.0);
INSERT INTO t_day_revenue (drv_id, drv_revenue_date, drv_print_date, drv_closing_date, drv_cash, drv_ticket, drv_cheque, drv_card, drv_unpaid, drv_amount, drv_takeaway) VALUES (56, TO_DATE('28/07/2002', 'dd/MM/yyyy'), TO_DATE('28/07/2002', 'dd/MM/yyyy'), TO_DATE('28/07/2002', 'dd/MM/yyyy'), 0.0, 0.0, 201.5, 605.0, 0.0, 806.5, false);
INSERT INTO t_vat_revenue (vtr_id, drv_id, vat_id, vtr_amount, vtr_value) VALUES (111, 56, 1, 806.5, 132.1689);
INSERT INTO t_vat_revenue (vtr_id, drv_id, vat_id, vtr_amount, vtr_value) VALUES (112, 56, 2, 0, 0);
INSERT INTO t_day_revenue (drv_id, drv_revenue_date, drv_print_date, drv_closing_date, drv_cash, drv_ticket, drv_cheque, drv_card, drv_unpaid, drv_amount, drv_takeaway) VALUES (57, TO_DATE('29/07/2002', 'dd/MM/yyyy'), TO_DATE('29/07/2002', 'dd/MM/yyyy'), TO_DATE('28/10/2002', 'dd/MM/yyyy'), 0.0, 0.0, 0.0, 15.5, 0.0, 15.5, true);
INSERT INTO t_vat_revenue (vtr_id, drv_id, vat_id, vtr_amount, vtr_value) VALUES (113, 57, 1, 0, 0);
INSERT INTO t_vat_revenue (vtr_id, drv_id, vat_id, vtr_amount, vtr_value) VALUES (114, 57, 2, 15.5, 0.8080569);
INSERT INTO t_day_revenue (drv_id, drv_revenue_date, drv_print_date, drv_closing_date, drv_cash, drv_ticket, drv_cheque, drv_card, drv_unpaid, drv_amount, drv_takeaway) VALUES (58, TO_DATE('29/07/2002', 'dd/MM/yyyy'), TO_DATE('29/07/2002', 'dd/MM/yyyy'), TO_DATE('28/10/2002', 'dd/MM/yyyy'), 48.99, 6.5, 325.69, 772.32, 0.0, 1153.5, false);
INSERT INTO t_vat_revenue (vtr_id, drv_id, vat_id, vtr_amount, vtr_value) VALUES (115, 58, 1, 1153.5, 189.03511);
INSERT INTO t_vat_revenue (vtr_id, drv_id, vat_id, vtr_amount, vtr_value) VALUES (116, 58, 2, 0, 0);
INSERT INTO t_day_revenue (drv_id, drv_revenue_date, drv_print_date, drv_closing_date, drv_cash, drv_ticket, drv_cheque, drv_card, drv_unpaid, drv_amount, drv_takeaway) VALUES (59, TO_DATE('30/07/2002', 'dd/MM/yyyy'), TO_DATE('28/10/2002', 'dd/MM/yyyy'), TO_DATE('28/10/2002', 'dd/MM/yyyy'), 0.0, 0.0, 110.0, 15.0, 0.0, 125.0, true);
INSERT INTO t_vat_revenue (vtr_id, drv_id, vat_id, vtr_amount, vtr_value) VALUES (117, 59, 1, 0, 0);
INSERT INTO t_vat_revenue (vtr_id, drv_id, vat_id, vtr_amount, vtr_value) VALUES (118, 59, 2, 125.0, 6.5165877);
INSERT INTO t_day_revenue (drv_id, drv_revenue_date, drv_print_date, drv_closing_date, drv_cash, drv_ticket, drv_cheque, drv_card, drv_unpaid, drv_amount, drv_takeaway) VALUES (60, TO_DATE('30/07/2002', 'dd/MM/yyyy'), TO_DATE('28/10/2002', 'dd/MM/yyyy'), TO_DATE('28/10/2002', 'dd/MM/yyyy'), 25.5, 45.5, 242.0, 809.8, 0.0, 1122.8, false);
INSERT INTO t_vat_revenue (vtr_id, drv_id, vat_id, vtr_amount, vtr_value) VALUES (119, 60, 1, 1122.8, 184.00403);
INSERT INTO t_vat_revenue (vtr_id, drv_id, vat_id, vtr_amount, vtr_value) VALUES (120, 60, 2, 0, 0);
INSERT INTO t_day_revenue (drv_id, drv_revenue_date, drv_print_date, drv_closing_date, drv_cash, drv_ticket, drv_cheque, drv_card, drv_unpaid, drv_amount, drv_takeaway) VALUES (61, TO_DATE('31/07/2002', 'dd/MM/yyyy'), TO_DATE('31/07/2002', 'dd/MM/yyyy'), TO_DATE('31/07/2002', 'dd/MM/yyyy'), 0.0, 0.0, 0.0, 86.0, 0.0, 86.0, true);
INSERT INTO t_vat_revenue (vtr_id, drv_id, vat_id, vtr_amount, vtr_value) VALUES (121, 61, 1, 0, 0);
INSERT INTO t_vat_revenue (vtr_id, drv_id, vat_id, vtr_amount, vtr_value) VALUES (122, 61, 2, 86.0, 4.4834123);
INSERT INTO t_day_revenue (drv_id, drv_revenue_date, drv_print_date, drv_closing_date, drv_cash, drv_ticket, drv_cheque, drv_card, drv_unpaid, drv_amount, drv_takeaway) VALUES (62, TO_DATE('31/07/2002', 'dd/MM/yyyy'), TO_DATE('31/07/2002', 'dd/MM/yyyy'), TO_DATE('31/07/2002', 'dd/MM/yyyy'), 18.1, 42.58, 122.0, 774.32, 0.0, 957.0, false);
INSERT INTO t_vat_revenue (vtr_id, drv_id, vat_id, vtr_amount, vtr_value) VALUES (123, 62, 1, 957.0, 156.8328);
INSERT INTO t_vat_revenue (vtr_id, drv_id, vat_id, vtr_amount, vtr_value) VALUES (124, 62, 2, 0, 0);
INSERT INTO t_day_revenue (drv_id, drv_revenue_date, drv_print_date, drv_closing_date, drv_cash, drv_ticket, drv_cheque, drv_card, drv_unpaid, drv_amount, drv_takeaway) VALUES (63, TO_DATE('01/08/2002', 'dd/MM/yyyy'), TO_DATE('01/08/2002', 'dd/MM/yyyy'), TO_DATE('19/09/2002', 'dd/MM/yyyy'), 0.0, 0.0, 46.5, 130.0, 0.0, 176.5, true);
INSERT INTO t_vat_revenue (vtr_id, drv_id, vat_id, vtr_amount, vtr_value) VALUES (125, 63, 1, 0, 0);
INSERT INTO t_vat_revenue (vtr_id, drv_id, vat_id, vtr_amount, vtr_value) VALUES (126, 63, 2, 176.5, 9.201422);
INSERT INTO t_day_revenue (drv_id, drv_revenue_date, drv_print_date, drv_closing_date, drv_cash, drv_ticket, drv_cheque, drv_card, drv_unpaid, drv_amount, drv_takeaway) VALUES (64, TO_DATE('01/08/2002', 'dd/MM/yyyy'), TO_DATE('01/08/2002', 'dd/MM/yyyy'), TO_DATE('19/09/2002', 'dd/MM/yyyy'), 153.0, 0.0, 402.5, 896.5, 0.0, 1452.0, false);
INSERT INTO t_vat_revenue (vtr_id, drv_id, vat_id, vtr_amount, vtr_value) VALUES (127, 64, 1, 1452.0, 237.95319);
INSERT INTO t_vat_revenue (vtr_id, drv_id, vat_id, vtr_amount, vtr_value) VALUES (128, 64, 2, 0, 0);
INSERT INTO t_day_revenue (drv_id, drv_revenue_date, drv_print_date, drv_closing_date, drv_cash, drv_ticket, drv_cheque, drv_card, drv_unpaid, drv_amount, drv_takeaway) VALUES (65, TO_DATE('02/08/2002', 'dd/MM/yyyy'), TO_DATE('02/08/2002', 'dd/MM/yyyy'), TO_DATE('19/09/2002', 'dd/MM/yyyy'), 10.5, 0.0, 91.5, 1153.0, 0.0, 1255.0, false);
INSERT INTO t_vat_revenue (vtr_id, drv_id, vat_id, vtr_amount, vtr_value) VALUES (129, 65, 1, 1255.0, 205.6689);
INSERT INTO t_vat_revenue (vtr_id, drv_id, vat_id, vtr_amount, vtr_value) VALUES (130, 65, 2, 0, 0);
INSERT INTO t_day_revenue (drv_id, drv_revenue_date, drv_print_date, drv_closing_date, drv_cash, drv_ticket, drv_cheque, drv_card, drv_unpaid, drv_amount, drv_takeaway) VALUES (66, TO_DATE('02/08/2002', 'dd/MM/yyyy'), TO_DATE('02/08/2002', 'dd/MM/yyyy'), TO_DATE('19/09/2002', 'dd/MM/yyyy'), 0.0, 0.0, 21.0, 72.0, 0.0, 93.0, true);
INSERT INTO t_vat_revenue (vtr_id, drv_id, vat_id, vtr_amount, vtr_value) VALUES (131, 66, 1, 0, 0);
INSERT INTO t_vat_revenue (vtr_id, drv_id, vat_id, vtr_amount, vtr_value) VALUES (132, 66, 2, 93.0, 4.8483415);
INSERT INTO t_day_revenue (drv_id, drv_revenue_date, drv_print_date, drv_closing_date, drv_cash, drv_ticket, drv_cheque, drv_card, drv_unpaid, drv_amount, drv_takeaway) VALUES (67, TO_DATE('03/08/2002', 'dd/MM/yyyy'), TO_DATE('03/08/2002', 'dd/MM/yyyy'), TO_DATE('03/08/2002', 'dd/MM/yyyy'), 16.0, 17.5, 391.25, 1103.25, 0.0, 1528.0, false);
INSERT INTO t_vat_revenue (vtr_id, drv_id, vat_id, vtr_amount, vtr_value) VALUES (133, 67, 1, 1528.0, 250.40804);
INSERT INTO t_vat_revenue (vtr_id, drv_id, vat_id, vtr_amount, vtr_value) VALUES (134, 67, 2, 0, 0);
INSERT INTO t_day_revenue (drv_id, drv_revenue_date, drv_print_date, drv_closing_date, drv_cash, drv_ticket, drv_cheque, drv_card, drv_unpaid, drv_amount, drv_takeaway) VALUES (68, TO_DATE('03/08/2002', 'dd/MM/yyyy'), TO_DATE('03/08/2002', 'dd/MM/yyyy'), TO_DATE('03/08/2002', 'dd/MM/yyyy'), 0.0, 0.0, 0.0, 23.0, 0.0, 23.0, true);
INSERT INTO t_vat_revenue (vtr_id, drv_id, vat_id, vtr_amount, vtr_value) VALUES (135, 68, 1, 0, 0);
INSERT INTO t_vat_revenue (vtr_id, drv_id, vat_id, vtr_amount, vtr_value) VALUES (136, 68, 2, 23.0, 1.1990521);
INSERT INTO t_day_revenue (drv_id, drv_revenue_date, drv_print_date, drv_closing_date, drv_cash, drv_ticket, drv_cheque, drv_card, drv_unpaid, drv_amount, drv_takeaway) VALUES (69, TO_DATE('04/08/2002', 'dd/MM/yyyy'), TO_DATE('04/08/2002', 'dd/MM/yyyy'), TO_DATE('03/08/2002', 'dd/MM/yyyy'), 0.0, 0.0, 0.0, 102.0, 0.0, 102.0, true);
INSERT INTO t_vat_revenue (vtr_id, drv_id, vat_id, vtr_amount, vtr_value) VALUES (137, 69, 1, 0, 0);
INSERT INTO t_vat_revenue (vtr_id, drv_id, vat_id, vtr_amount, vtr_value) VALUES (138, 69, 2, 102.0, 5.3175354);
INSERT INTO t_day_revenue (drv_id, drv_revenue_date, drv_print_date, drv_closing_date, drv_cash, drv_ticket, drv_cheque, drv_card, drv_unpaid, drv_amount, drv_takeaway) VALUES (70, TO_DATE('04/08/2002', 'dd/MM/yyyy'), TO_DATE('04/08/2002', 'dd/MM/yyyy'), TO_DATE('03/08/2002', 'dd/MM/yyyy'), 0.0, 0.0, 576.0, 1179.5, 0.0, 1755.5, false);
INSERT INTO t_vat_revenue (vtr_id, drv_id, vat_id, vtr_amount, vtr_value) VALUES (139, 70, 1, 1755.5, 287.69064);
INSERT INTO t_vat_revenue (vtr_id, drv_id, vat_id, vtr_amount, vtr_value) VALUES (140, 70, 2, 0, 0);
INSERT INTO t_day_revenue (drv_id, drv_revenue_date, drv_print_date, drv_closing_date, drv_cash, drv_ticket, drv_cheque, drv_card, drv_unpaid, drv_amount, drv_takeaway) VALUES (71, TO_DATE('06/08/2002', 'dd/MM/yyyy'), TO_DATE('06/08/2002', 'dd/MM/yyyy'), TO_DATE('19/09/2002', 'dd/MM/yyyy'), 0.0, 0.0, 0.0, 87.0, 0.0, 87.0, true);
INSERT INTO t_vat_revenue (vtr_id, drv_id, vat_id, vtr_amount, vtr_value) VALUES (141, 71, 1, 0, 0);
INSERT INTO t_vat_revenue (vtr_id, drv_id, vat_id, vtr_amount, vtr_value) VALUES (142, 71, 2, 87.0, 4.535545);
INSERT INTO t_day_revenue (drv_id, drv_revenue_date, drv_print_date, drv_closing_date, drv_cash, drv_ticket, drv_cheque, drv_card, drv_unpaid, drv_amount, drv_takeaway) VALUES (72, TO_DATE('06/08/2002', 'dd/MM/yyyy'), TO_DATE('06/08/2002', 'dd/MM/yyyy'), TO_DATE('19/09/2002', 'dd/MM/yyyy'), 8.6, 120.65, 156.75, 735.5, 0.0, 1021.5, false);
INSERT INTO t_vat_revenue (vtr_id, drv_id, vat_id, vtr_amount, vtr_value) VALUES (143, 72, 1, 1021.5, 167.40302);
INSERT INTO t_vat_revenue (vtr_id, drv_id, vat_id, vtr_amount, vtr_value) VALUES (144, 72, 2, 0, 0);
INSERT INTO t_day_revenue (drv_id, drv_revenue_date, drv_print_date, drv_closing_date, drv_cash, drv_ticket, drv_cheque, drv_card, drv_unpaid, drv_amount, drv_takeaway) VALUES (73, TO_DATE('07/08/2002', 'dd/MM/yyyy'), TO_DATE('07/08/2002', 'dd/MM/yyyy'), TO_DATE('19/09/2002', 'dd/MM/yyyy'), 0.0, 0.0, 0.0, 22.5, 0.0, 22.5, true);
INSERT INTO t_vat_revenue (vtr_id, drv_id, vat_id, vtr_amount, vtr_value) VALUES (145, 73, 1, 0, 0);
INSERT INTO t_vat_revenue (vtr_id, drv_id, vat_id, vtr_amount, vtr_value) VALUES (146, 73, 2, 22.5, 1.1729858);
INSERT INTO t_day_revenue (drv_id, drv_revenue_date, drv_print_date, drv_closing_date, drv_cash, drv_ticket, drv_cheque, drv_card, drv_unpaid, drv_amount, drv_takeaway) VALUES (74, TO_DATE('07/08/2002', 'dd/MM/yyyy'), TO_DATE('07/08/2002', 'dd/MM/yyyy'), TO_DATE('19/09/2002', 'dd/MM/yyyy'), 15.4, 14.1, 565.5, 755.0, 0.0, 1350.0, false);
INSERT INTO t_vat_revenue (vtr_id, drv_id, vat_id, vtr_amount, vtr_value) VALUES (147, 74, 1, 1350.0, 221.23746);
INSERT INTO t_vat_revenue (vtr_id, drv_id, vat_id, vtr_amount, vtr_value) VALUES (148, 74, 2, 0, 0);
INSERT INTO t_day_revenue (drv_id, drv_revenue_date, drv_print_date, drv_closing_date, drv_cash, drv_ticket, drv_cheque, drv_card, drv_unpaid, drv_amount, drv_takeaway) VALUES (75, TO_DATE('08/08/2002', 'dd/MM/yyyy'), TO_DATE('08/08/2002', 'dd/MM/yyyy'), TO_DATE('19/09/2002', 'dd/MM/yyyy'), 0.0, 0.0, 0.0, 19.0, 0.0, 19.0, true);
INSERT INTO t_vat_revenue (vtr_id, drv_id, vat_id, vtr_amount, vtr_value) VALUES (149, 75, 1, 0, 0);
INSERT INTO t_vat_revenue (vtr_id, drv_id, vat_id, vtr_amount, vtr_value) VALUES (150, 75, 2, 19.0, 0.9905213);
INSERT INTO t_day_revenue (drv_id, drv_revenue_date, drv_print_date, drv_closing_date, drv_cash, drv_ticket, drv_cheque, drv_card, drv_unpaid, drv_amount, drv_takeaway) VALUES (76, TO_DATE('08/08/2002', 'dd/MM/yyyy'), TO_DATE('08/08/2002', 'dd/MM/yyyy'), TO_DATE('19/09/2002', 'dd/MM/yyyy'), 20.9, 19.6, 541.5, 525.0, 0.0, 1107.0, false);
INSERT INTO t_vat_revenue (vtr_id, drv_id, vat_id, vtr_amount, vtr_value) VALUES (151, 76, 1, 1107.0, 181.41473);
INSERT INTO t_vat_revenue (vtr_id, drv_id, vat_id, vtr_amount, vtr_value) VALUES (152, 76, 2, 0, 0);
INSERT INTO t_day_revenue (drv_id, drv_revenue_date, drv_print_date, drv_closing_date, drv_cash, drv_ticket, drv_cheque, drv_card, drv_unpaid, drv_amount, drv_takeaway) VALUES (77, TO_DATE('09/08/2002', 'dd/MM/yyyy'), TO_DATE('09/08/2002', 'dd/MM/yyyy'), TO_DATE('19/09/2002', 'dd/MM/yyyy'), 0.0, 0.0, 0.0, 20.0, 0.0, 20.0, true);
INSERT INTO t_vat_revenue (vtr_id, drv_id, vat_id, vtr_amount, vtr_value) VALUES (153, 77, 1, 0, 0);
INSERT INTO t_vat_revenue (vtr_id, drv_id, vat_id, vtr_amount, vtr_value) VALUES (154, 77, 2, 20.0, 1.042654);
INSERT INTO t_day_revenue (drv_id, drv_revenue_date, drv_print_date, drv_closing_date, drv_cash, drv_ticket, drv_cheque, drv_card, drv_unpaid, drv_amount, drv_takeaway) VALUES (78, TO_DATE('09/08/2002', 'dd/MM/yyyy'), TO_DATE('09/08/2002', 'dd/MM/yyyy'), TO_DATE('19/09/2002', 'dd/MM/yyyy'), 33.5, 0.0, 193.0, 409.5, 0.0, 636.0, false);
INSERT INTO t_vat_revenue (vtr_id, drv_id, vat_id, vtr_amount, vtr_value) VALUES (155, 78, 1, 636.0, 104.22743);
INSERT INTO t_vat_revenue (vtr_id, drv_id, vat_id, vtr_amount, vtr_value) VALUES (156, 78, 2, 0, 0);
INSERT INTO t_day_revenue (drv_id, drv_revenue_date, drv_print_date, drv_closing_date, drv_cash, drv_ticket, drv_cheque, drv_card, drv_unpaid, drv_amount, drv_takeaway) VALUES (79, TO_DATE('10/08/2002', 'dd/MM/yyyy'), TO_DATE('10/08/2002', 'dd/MM/yyyy'), TO_DATE('10/08/2002', 'dd/MM/yyyy'), 0.0, 0.0, 0.0, 150.0, 0.0, 150.0, true);
INSERT INTO t_vat_revenue (vtr_id, drv_id, vat_id, vtr_amount, vtr_value) VALUES (157, 79, 1, 0, 0);
INSERT INTO t_vat_revenue (vtr_id, drv_id, vat_id, vtr_amount, vtr_value) VALUES (158, 79, 2, 150.0, 7.8199053);
INSERT INTO t_day_revenue (drv_id, drv_revenue_date, drv_print_date, drv_closing_date, drv_cash, drv_ticket, drv_cheque, drv_card, drv_unpaid, drv_amount, drv_takeaway) VALUES (80, TO_DATE('10/08/2002', 'dd/MM/yyyy'), TO_DATE('10/08/2002', 'dd/MM/yyyy'), TO_DATE('10/08/2002', 'dd/MM/yyyy'), 15.0, 13.5, 343.0, 1035.5, 0.0, 1407.0, false);
INSERT INTO t_vat_revenue (vtr_id, drv_id, vat_id, vtr_amount, vtr_value) VALUES (159, 80, 1, 1407.0, 230.57861);
INSERT INTO t_vat_revenue (vtr_id, drv_id, vat_id, vtr_amount, vtr_value) VALUES (160, 80, 2, 0, 0);
INSERT INTO t_day_revenue (drv_id, drv_revenue_date, drv_print_date, drv_closing_date, drv_cash, drv_ticket, drv_cheque, drv_card, drv_unpaid, drv_amount, drv_takeaway) VALUES (81, TO_DATE('11/08/2002', 'dd/MM/yyyy'), TO_DATE('11/08/2002', 'dd/MM/yyyy'), TO_DATE('19/09/2002', 'dd/MM/yyyy'), 0.0, 0.0, 0.0, 78.0, 0.0, 78.0, true);
INSERT INTO t_vat_revenue (vtr_id, drv_id, vat_id, vtr_amount, vtr_value) VALUES (161, 81, 1, 0, 0);
INSERT INTO t_vat_revenue (vtr_id, drv_id, vat_id, vtr_amount, vtr_value) VALUES (162, 81, 2, 78.0, 4.066351);
INSERT INTO t_day_revenue (drv_id, drv_revenue_date, drv_print_date, drv_closing_date, drv_cash, drv_ticket, drv_cheque, drv_card, drv_unpaid, drv_amount, drv_takeaway) VALUES (82, TO_DATE('11/08/2002', 'dd/MM/yyyy'), TO_DATE('11/08/2002', 'dd/MM/yyyy'), TO_DATE('19/09/2002', 'dd/MM/yyyy'), 10.5, 0.0, 348.5, 808.0, 0.0, 1167.0, false);
INSERT INTO t_vat_revenue (vtr_id, drv_id, vat_id, vtr_amount, vtr_value) VALUES (163, 82, 1, 1167.0, 191.2475);
INSERT INTO t_vat_revenue (vtr_id, drv_id, vat_id, vtr_amount, vtr_value) VALUES (164, 82, 2, 0, 0);
INSERT INTO t_day_revenue (drv_id, drv_revenue_date, drv_print_date, drv_closing_date, drv_cash, drv_ticket, drv_cheque, drv_card, drv_unpaid, drv_amount, drv_takeaway) VALUES (83, TO_DATE('13/08/2002', 'dd/MM/yyyy'), TO_DATE('13/08/2002', 'dd/MM/yyyy'), TO_DATE('19/09/2002', 'dd/MM/yyyy'), 0.0, 0.0, 0.0, 11.0, 0.0, 11.0, true);
INSERT INTO t_vat_revenue (vtr_id, drv_id, vat_id, vtr_amount, vtr_value) VALUES (165, 83, 1, 0, 0);
INSERT INTO t_vat_revenue (vtr_id, drv_id, vat_id, vtr_amount, vtr_value) VALUES (166, 83, 2, 11.0, 0.57345974);
INSERT INTO t_day_revenue (drv_id, drv_revenue_date, drv_print_date, drv_closing_date, drv_cash, drv_ticket, drv_cheque, drv_card, drv_unpaid, drv_amount, drv_takeaway) VALUES (84, TO_DATE('13/08/2002', 'dd/MM/yyyy'), TO_DATE('13/08/2002', 'dd/MM/yyyy'), TO_DATE('19/09/2002', 'dd/MM/yyyy'), 20.0, 20.0, 142.0, 400.5, 0.0, 582.5, false);
INSERT INTO t_vat_revenue (vtr_id, drv_id, vat_id, vtr_amount, vtr_value) VALUES (167, 84, 1, 582.5, 95.45987);
INSERT INTO t_vat_revenue (vtr_id, drv_id, vat_id, vtr_amount, vtr_value) VALUES (168, 84, 2, 0, 0);
INSERT INTO t_day_revenue (drv_id, drv_revenue_date, drv_print_date, drv_closing_date, drv_cash, drv_ticket, drv_cheque, drv_card, drv_unpaid, drv_amount, drv_takeaway) VALUES (85, TO_DATE('14/08/2002', 'dd/MM/yyyy'), TO_DATE('14/08/2002', 'dd/MM/yyyy'), TO_DATE('19/09/2002', 'dd/MM/yyyy'), 42.0, 0.0, 0.0, 54.5, 0.0, 96.5, true);
INSERT INTO t_vat_revenue (vtr_id, drv_id, vat_id, vtr_amount, vtr_value) VALUES (169, 85, 1, 0, 0);
INSERT INTO t_vat_revenue (vtr_id, drv_id, vat_id, vtr_amount, vtr_value) VALUES (170, 85, 2, 96.5, 5.0308056);
INSERT INTO t_day_revenue (drv_id, drv_revenue_date, drv_print_date, drv_closing_date, drv_cash, drv_ticket, drv_cheque, drv_card, drv_unpaid, drv_amount, drv_takeaway) VALUES (86, TO_DATE('14/08/2002', 'dd/MM/yyyy'), TO_DATE('14/08/2002', 'dd/MM/yyyy'), TO_DATE('19/09/2002', 'dd/MM/yyyy'), 14.22, 57.78, 184.0, 904.5, 0.0, 1160.5, false);
INSERT INTO t_vat_revenue (vtr_id, drv_id, vat_id, vtr_amount, vtr_value) VALUES (171, 86, 1, 1160.5, 190.18228);
INSERT INTO t_vat_revenue (vtr_id, drv_id, vat_id, vtr_amount, vtr_value) VALUES (172, 86, 2, 0, 0);
INSERT INTO t_day_revenue (drv_id, drv_revenue_date, drv_print_date, drv_closing_date, drv_cash, drv_ticket, drv_cheque, drv_card, drv_unpaid, drv_amount, drv_takeaway) VALUES (87, TO_DATE('15/08/2002', 'dd/MM/yyyy'), TO_DATE('15/08/2002', 'dd/MM/yyyy'), TO_DATE('19/09/2002', 'dd/MM/yyyy'), 11.5, 0.0, 0.0, 16.0, 0.0, 27.5, true);
INSERT INTO t_vat_revenue (vtr_id, drv_id, vat_id, vtr_amount, vtr_value) VALUES (173, 87, 1, 0, 0);
INSERT INTO t_vat_revenue (vtr_id, drv_id, vat_id, vtr_amount, vtr_value) VALUES (174, 87, 2, 27.5, 1.4336493);
INSERT INTO t_day_revenue (drv_id, drv_revenue_date, drv_print_date, drv_closing_date, drv_cash, drv_ticket, drv_cheque, drv_card, drv_unpaid, drv_amount, drv_takeaway) VALUES (88, TO_DATE('15/08/2002', 'dd/MM/yyyy'), TO_DATE('15/08/2002', 'dd/MM/yyyy'), TO_DATE('19/09/2002', 'dd/MM/yyyy'), 0.0, 30.0, 380.5, 1174.0, 0.0, 1584.5, false);
INSERT INTO t_vat_revenue (vtr_id, drv_id, vat_id, vtr_amount, vtr_value) VALUES (175, 88, 1, 1584.5, 259.66724);
INSERT INTO t_vat_revenue (vtr_id, drv_id, vat_id, vtr_amount, vtr_value) VALUES (176, 88, 2, 0, 0);
INSERT INTO t_day_revenue (drv_id, drv_revenue_date, drv_print_date, drv_closing_date, drv_cash, drv_ticket, drv_cheque, drv_card, drv_unpaid, drv_amount, drv_takeaway) VALUES (89, TO_DATE('16/08/2002', 'dd/MM/yyyy'), TO_DATE('16/08/2002', 'dd/MM/yyyy'), TO_DATE('19/09/2002', 'dd/MM/yyyy'), 0.0, 0.0, 0.0, 55.0, 0.0, 55.0, true);
INSERT INTO t_vat_revenue (vtr_id, drv_id, vat_id, vtr_amount, vtr_value) VALUES (177, 89, 1, 0, 0);
INSERT INTO t_vat_revenue (vtr_id, drv_id, vat_id, vtr_amount, vtr_value) VALUES (178, 89, 2, 55.0, 2.8672986);
INSERT INTO t_day_revenue (drv_id, drv_revenue_date, drv_print_date, drv_closing_date, drv_cash, drv_ticket, drv_cheque, drv_card, drv_unpaid, drv_amount, drv_takeaway) VALUES (90, TO_DATE('16/08/2002', 'dd/MM/yyyy'), TO_DATE('16/08/2002', 'dd/MM/yyyy'), TO_DATE('19/09/2002', 'dd/MM/yyyy'), 9.5, 19.5, 125.0, 790.5, 0.0, 944.5, false);
INSERT INTO t_vat_revenue (vtr_id, drv_id, vat_id, vtr_amount, vtr_value) VALUES (179, 90, 1, 944.5, 154.78429);
INSERT INTO t_vat_revenue (vtr_id, drv_id, vat_id, vtr_amount, vtr_value) VALUES (180, 90, 2, 0, 0);
INSERT INTO t_day_revenue (drv_id, drv_revenue_date, drv_print_date, drv_closing_date, drv_cash, drv_ticket, drv_cheque, drv_card, drv_unpaid, drv_amount, drv_takeaway) VALUES (91, TO_DATE('17/08/2002', 'dd/MM/yyyy'), TO_DATE('17/08/2002', 'dd/MM/yyyy'), TO_DATE('19/09/2002', 'dd/MM/yyyy'), 0.0, 0.0, 0.0, 41.0, 0.0, 41.0, true);
INSERT INTO t_vat_revenue (vtr_id, drv_id, vat_id, vtr_amount, vtr_value) VALUES (181, 91, 1, 0, 0);
INSERT INTO t_vat_revenue (vtr_id, drv_id, vat_id, vtr_amount, vtr_value) VALUES (182, 91, 2, 41.0, 2.1374407);
INSERT INTO t_day_revenue (drv_id, drv_revenue_date, drv_print_date, drv_closing_date, drv_cash, drv_ticket, drv_cheque, drv_card, drv_unpaid, drv_amount, drv_takeaway) VALUES (92, TO_DATE('17/08/2002', 'dd/MM/yyyy'), TO_DATE('17/08/2002', 'dd/MM/yyyy'), TO_DATE('19/09/2002', 'dd/MM/yyyy'), 0.0, 12.0, 274.5, 430.0, 0.0, 716.5, false);
INSERT INTO t_vat_revenue (vtr_id, drv_id, vat_id, vtr_amount, vtr_value) VALUES (183, 92, 1, 716.5, 117.41974);
INSERT INTO t_vat_revenue (vtr_id, drv_id, vat_id, vtr_amount, vtr_value) VALUES (184, 92, 2, 0, 0);
INSERT INTO t_day_revenue (drv_id, drv_revenue_date, drv_print_date, drv_closing_date, drv_cash, drv_ticket, drv_cheque, drv_card, drv_unpaid, drv_amount, drv_takeaway) VALUES (93, TO_DATE('18/08/2002', 'dd/MM/yyyy'), TO_DATE('18/08/2002', 'dd/MM/yyyy'), TO_DATE('19/09/2002', 'dd/MM/yyyy'), 0.0, 0.0, 0.0, 101.0, 0.0, 101.0, true);
INSERT INTO t_vat_revenue (vtr_id, drv_id, vat_id, vtr_amount, vtr_value) VALUES (185, 93, 1, 0, 0);
INSERT INTO t_vat_revenue (vtr_id, drv_id, vat_id, vtr_amount, vtr_value) VALUES (186, 93, 2, 101.0, 5.265403);
INSERT INTO t_day_revenue (drv_id, drv_revenue_date, drv_print_date, drv_closing_date, drv_cash, drv_ticket, drv_cheque, drv_card, drv_unpaid, drv_amount, drv_takeaway) VALUES (94, TO_DATE('18/08/2002', 'dd/MM/yyyy'), TO_DATE('18/08/2002', 'dd/MM/yyyy'), TO_DATE('19/09/2002', 'dd/MM/yyyy'), 18.5, 20.0, 358.5, 850.0, 0.0, 1247.0, false);
INSERT INTO t_vat_revenue (vtr_id, drv_id, vat_id, vtr_amount, vtr_value) VALUES (187, 94, 1, 1247.0, 204.35786);
INSERT INTO t_vat_revenue (vtr_id, drv_id, vat_id, vtr_amount, vtr_value) VALUES (188, 94, 2, 0, 0);
INSERT INTO t_day_revenue (drv_id, drv_revenue_date, drv_print_date, drv_closing_date, drv_cash, drv_ticket, drv_cheque, drv_card, drv_unpaid, drv_amount, drv_takeaway) VALUES (95, TO_DATE('20/08/2002', 'dd/MM/yyyy'), TO_DATE('20/08/2002', 'dd/MM/yyyy'), TO_DATE('19/09/2002', 'dd/MM/yyyy'), 0.0, 0.0, 19.5, 71.5, 0.0, 91.0, true);
INSERT INTO t_vat_revenue (vtr_id, drv_id, vat_id, vtr_amount, vtr_value) VALUES (189, 95, 1, 0, 0);
INSERT INTO t_vat_revenue (vtr_id, drv_id, vat_id, vtr_amount, vtr_value) VALUES (190, 95, 2, 91.0, 4.744076);
INSERT INTO t_day_revenue (drv_id, drv_revenue_date, drv_print_date, drv_closing_date, drv_cash, drv_ticket, drv_cheque, drv_card, drv_unpaid, drv_amount, drv_takeaway) VALUES (96, TO_DATE('20/08/2002', 'dd/MM/yyyy'), TO_DATE('20/08/2002', 'dd/MM/yyyy'), TO_DATE('19/09/2002', 'dd/MM/yyyy'), 15.9, 6.1, 75.0, 638.0, 0.0, 735.0, false);
INSERT INTO t_vat_revenue (vtr_id, drv_id, vat_id, vtr_amount, vtr_value) VALUES (191, 96, 1, 735.0, 120.45151);
INSERT INTO t_vat_revenue (vtr_id, drv_id, vat_id, vtr_amount, vtr_value) VALUES (192, 96, 2, 0, 0);
INSERT INTO t_day_revenue (drv_id, drv_revenue_date, drv_print_date, drv_closing_date, drv_cash, drv_ticket, drv_cheque, drv_card, drv_unpaid, drv_amount, drv_takeaway) VALUES (97, TO_DATE('21/08/2002', 'dd/MM/yyyy'), TO_DATE('21/08/2002', 'dd/MM/yyyy'), TO_DATE('19/09/2002', 'dd/MM/yyyy'), 0.0, 0.0, 0.0, 75.0, 0.0, 75.0, true);
INSERT INTO t_vat_revenue (vtr_id, drv_id, vat_id, vtr_amount, vtr_value) VALUES (193, 97, 1, 0, 0);
INSERT INTO t_vat_revenue (vtr_id, drv_id, vat_id, vtr_amount, vtr_value) VALUES (194, 97, 2, 75.0, 3.9099526);
INSERT INTO t_day_revenue (drv_id, drv_revenue_date, drv_print_date, drv_closing_date, drv_cash, drv_ticket, drv_cheque, drv_card, drv_unpaid, drv_amount, drv_takeaway) VALUES (98, TO_DATE('21/08/2002', 'dd/MM/yyyy'), TO_DATE('21/08/2002', 'dd/MM/yyyy'), TO_DATE('19/09/2002', 'dd/MM/yyyy'), 9.5, 0.0, 425.5, 537.0, 0.0, 972.0, false);
INSERT INTO t_vat_revenue (vtr_id, drv_id, vat_id, vtr_amount, vtr_value) VALUES (195, 98, 1, 972.0, 159.29099);
INSERT INTO t_vat_revenue (vtr_id, drv_id, vat_id, vtr_amount, vtr_value) VALUES (196, 98, 2, 0, 0);
INSERT INTO t_day_revenue (drv_id, drv_revenue_date, drv_print_date, drv_closing_date, drv_cash, drv_ticket, drv_cheque, drv_card, drv_unpaid, drv_amount, drv_takeaway) VALUES (99, TO_DATE('22/08/2002', 'dd/MM/yyyy'), TO_DATE('22/08/2002', 'dd/MM/yyyy'), TO_DATE('19/09/2002', 'dd/MM/yyyy'), 0.0, 0.0, 0.0, 22.5, 0.0, 22.5, true);
INSERT INTO t_vat_revenue (vtr_id, drv_id, vat_id, vtr_amount, vtr_value) VALUES (197, 99, 1, 0, 0);
INSERT INTO t_vat_revenue (vtr_id, drv_id, vat_id, vtr_amount, vtr_value) VALUES (198, 99, 2, 22.5, 1.1729858);
INSERT INTO t_day_revenue (drv_id, drv_revenue_date, drv_print_date, drv_closing_date, drv_cash, drv_ticket, drv_cheque, drv_card, drv_unpaid, drv_amount, drv_takeaway) VALUES (100, TO_DATE('22/08/2002', 'dd/MM/yyyy'), TO_DATE('22/08/2002', 'dd/MM/yyyy'), TO_DATE('19/09/2002', 'dd/MM/yyyy'), 73.0, 6.0, 515.0, 1307.5, 0.0, 1901.5, false);
INSERT INTO t_vat_revenue (vtr_id, drv_id, vat_id, vtr_amount, vtr_value) VALUES (199, 100, 1, 1901.5, 311.61707);
INSERT INTO t_vat_revenue (vtr_id, drv_id, vat_id, vtr_amount, vtr_value) VALUES (200, 100, 2, 0, 0);
INSERT INTO t_day_revenue (drv_id, drv_revenue_date, drv_print_date, drv_closing_date, drv_cash, drv_ticket, drv_cheque, drv_card, drv_unpaid, drv_amount, drv_takeaway) VALUES (101, TO_DATE('23/08/2002', 'dd/MM/yyyy'), TO_DATE('23/08/2002', 'dd/MM/yyyy'), TO_DATE('19/09/2002', 'dd/MM/yyyy'), 30.5, 0.0, 26.0, 86.0, 0.0, 142.5, true);
INSERT INTO t_vat_revenue (vtr_id, drv_id, vat_id, vtr_amount, vtr_value) VALUES (201, 101, 1, 0, 0);
INSERT INTO t_vat_revenue (vtr_id, drv_id, vat_id, vtr_amount, vtr_value) VALUES (202, 101, 2, 142.5, 7.42891);
INSERT INTO t_day_revenue (drv_id, drv_revenue_date, drv_print_date, drv_closing_date, drv_cash, drv_ticket, drv_cheque, drv_card, drv_unpaid, drv_amount, drv_takeaway) VALUES (102, TO_DATE('23/08/2002', 'dd/MM/yyyy'), TO_DATE('23/08/2002', 'dd/MM/yyyy'), TO_DATE('19/09/2002', 'dd/MM/yyyy'), 9.6, 9.2, 385.3, 1327.9, 0.0, 1732.0, false);
INSERT INTO t_vat_revenue (vtr_id, drv_id, vat_id, vtr_amount, vtr_value) VALUES (203, 102, 1, 1732.0, 283.83945);
INSERT INTO t_vat_revenue (vtr_id, drv_id, vat_id, vtr_amount, vtr_value) VALUES (204, 102, 2, 0, 0);
INSERT INTO t_day_revenue (drv_id, drv_revenue_date, drv_print_date, drv_closing_date, drv_cash, drv_ticket, drv_cheque, drv_card, drv_unpaid, drv_amount, drv_takeaway) VALUES (103, TO_DATE('24/08/2002', 'dd/MM/yyyy'), TO_DATE('24/08/2002', 'dd/MM/yyyy'), TO_DATE('19/09/2002', 'dd/MM/yyyy'), 0.0, 0.0, 76.0, 250.1, 0.0, 326.1, true);
INSERT INTO t_vat_revenue (vtr_id, drv_id, vat_id, vtr_amount, vtr_value) VALUES (205, 103, 1, 0, 0);
INSERT INTO t_vat_revenue (vtr_id, drv_id, vat_id, vtr_amount, vtr_value) VALUES (206, 103, 2, 326.1, 17.000475);
INSERT INTO t_day_revenue (drv_id, drv_revenue_date, drv_print_date, drv_closing_date, drv_cash, drv_ticket, drv_cheque, drv_card, drv_unpaid, drv_amount, drv_takeaway) VALUES (104, TO_DATE('24/08/2002', 'dd/MM/yyyy'), TO_DATE('24/08/2002', 'dd/MM/yyyy'), TO_DATE('19/09/2002', 'dd/MM/yyyy'), 0.0, 0.0, 312.0, 804.0, 0.0, 1116.0, false);
INSERT INTO t_vat_revenue (vtr_id, drv_id, vat_id, vtr_amount, vtr_value) VALUES (207, 104, 1, 1116.0, 182.88963);
INSERT INTO t_vat_revenue (vtr_id, drv_id, vat_id, vtr_amount, vtr_value) VALUES (208, 104, 2, 0, 0);
INSERT INTO t_day_revenue (drv_id, drv_revenue_date, drv_print_date, drv_closing_date, drv_cash, drv_ticket, drv_cheque, drv_card, drv_unpaid, drv_amount, drv_takeaway) VALUES (105, TO_DATE('25/08/2002', 'dd/MM/yyyy'), TO_DATE('25/08/2002', 'dd/MM/yyyy'), TO_DATE('19/09/2002', 'dd/MM/yyyy'), 0.0, 0.0, 0.0, 88.0, 0.0, 88.0, true);
INSERT INTO t_vat_revenue (vtr_id, drv_id, vat_id, vtr_amount, vtr_value) VALUES (209, 105, 1, 0, 0);
INSERT INTO t_vat_revenue (vtr_id, drv_id, vat_id, vtr_amount, vtr_value) VALUES (210, 105, 2, 88.0, 4.587678);
INSERT INTO t_day_revenue (drv_id, drv_revenue_date, drv_print_date, drv_closing_date, drv_cash, drv_ticket, drv_cheque, drv_card, drv_unpaid, drv_amount, drv_takeaway) VALUES (106, TO_DATE('25/08/2002', 'dd/MM/yyyy'), TO_DATE('25/08/2002', 'dd/MM/yyyy'), TO_DATE('19/09/2002', 'dd/MM/yyyy'), 17.0, 6.5, 442.5, 1076.5, 0.0, 1542.5, false);
INSERT INTO t_vat_revenue (vtr_id, drv_id, vat_id, vtr_amount, vtr_value) VALUES (211, 106, 1, 1542.5, 252.78429);
INSERT INTO t_vat_revenue (vtr_id, drv_id, vat_id, vtr_amount, vtr_value) VALUES (212, 106, 2, 0, 0);
INSERT INTO t_day_revenue (drv_id, drv_revenue_date, drv_print_date, drv_closing_date, drv_cash, drv_ticket, drv_cheque, drv_card, drv_unpaid, drv_amount, drv_takeaway) VALUES (107, TO_DATE('27/08/2002', 'dd/MM/yyyy'), TO_DATE('27/08/2002', 'dd/MM/yyyy'), TO_DATE('19/09/2002', 'dd/MM/yyyy'), 0.0, 0.0, 0.0, 158.5, 0.0, 158.5, true);
INSERT INTO t_vat_revenue (vtr_id, drv_id, vat_id, vtr_amount, vtr_value) VALUES (213, 107, 1, 0, 0);
INSERT INTO t_vat_revenue (vtr_id, drv_id, vat_id, vtr_amount, vtr_value) VALUES (214, 107, 2, 158.5, 8.263033);
INSERT INTO t_day_revenue (drv_id, drv_revenue_date, drv_print_date, drv_closing_date, drv_cash, drv_ticket, drv_cheque, drv_card, drv_unpaid, drv_amount, drv_takeaway) VALUES (108, TO_DATE('27/08/2002', 'dd/MM/yyyy'), TO_DATE('27/08/2002', 'dd/MM/yyyy'), TO_DATE('19/09/2002', 'dd/MM/yyyy'), 114.0, 122.0, 310.0, 309.5, 0.0, 855.5, false);
INSERT INTO t_vat_revenue (vtr_id, drv_id, vat_id, vtr_amount, vtr_value) VALUES (215, 108, 1, 855.5, 140.199);
INSERT INTO t_vat_revenue (vtr_id, drv_id, vat_id, vtr_amount, vtr_value) VALUES (216, 108, 2, 0, 0);
INSERT INTO t_day_revenue (drv_id, drv_revenue_date, drv_print_date, drv_closing_date, drv_cash, drv_ticket, drv_cheque, drv_card, drv_unpaid, drv_amount, drv_takeaway) VALUES (109, TO_DATE('28/08/2002', 'dd/MM/yyyy'), TO_DATE('28/08/2002', 'dd/MM/yyyy'), TO_DATE('19/09/2002', 'dd/MM/yyyy'), 0.0, 0.0, 0.0, 60.0, 0.0, 60.0, true);
INSERT INTO t_vat_revenue (vtr_id, drv_id, vat_id, vtr_amount, vtr_value) VALUES (217, 109, 1, 0, 0);
INSERT INTO t_vat_revenue (vtr_id, drv_id, vat_id, vtr_amount, vtr_value) VALUES (218, 109, 2, 60.0, 3.127962);
INSERT INTO t_day_revenue (drv_id, drv_revenue_date, drv_print_date, drv_closing_date, drv_cash, drv_ticket, drv_cheque, drv_card, drv_unpaid, drv_amount, drv_takeaway) VALUES (110, TO_DATE('28/08/2002', 'dd/MM/yyyy'), TO_DATE('28/08/2002', 'dd/MM/yyyy'), TO_DATE('19/09/2002', 'dd/MM/yyyy'), 10.0, 0.0, 191.0, 392.5, 0.0, 593.5, false);
INSERT INTO t_vat_revenue (vtr_id, drv_id, vat_id, vtr_amount, vtr_value) VALUES (219, 110, 1, 593.5, 97.26255);
INSERT INTO t_vat_revenue (vtr_id, drv_id, vat_id, vtr_amount, vtr_value) VALUES (220, 110, 2, 0, 0);
INSERT INTO t_day_revenue (drv_id, drv_revenue_date, drv_print_date, drv_closing_date, drv_cash, drv_ticket, drv_cheque, drv_card, drv_unpaid, drv_amount, drv_takeaway) VALUES (111, TO_DATE('29/08/2002', 'dd/MM/yyyy'), TO_DATE('29/08/2002', 'dd/MM/yyyy'), TO_DATE('19/09/2002', 'dd/MM/yyyy'), 0.0, 0.0, 0.0, 73.0, 0.0, 73.0, true);
INSERT INTO t_vat_revenue (vtr_id, drv_id, vat_id, vtr_amount, vtr_value) VALUES (221, 111, 1, 0, 0);
INSERT INTO t_vat_revenue (vtr_id, drv_id, vat_id, vtr_amount, vtr_value) VALUES (222, 111, 2, 73.0, 3.8056872);
INSERT INTO t_day_revenue (drv_id, drv_revenue_date, drv_print_date, drv_closing_date, drv_cash, drv_ticket, drv_cheque, drv_card, drv_unpaid, drv_amount, drv_takeaway) VALUES (112, TO_DATE('29/08/2002', 'dd/MM/yyyy'), TO_DATE('29/08/2002', 'dd/MM/yyyy'), TO_DATE('19/09/2002', 'dd/MM/yyyy'), 12.9, 14.0, 288.5, 765.6, 0.0, 1081.0, false);
INSERT INTO t_vat_revenue (vtr_id, drv_id, vat_id, vtr_amount, vtr_value) VALUES (223, 112, 1, 1081.0, 177.15384);
INSERT INTO t_vat_revenue (vtr_id, drv_id, vat_id, vtr_amount, vtr_value) VALUES (224, 112, 2, 0, 0);
INSERT INTO t_day_revenue (drv_id, drv_revenue_date, drv_print_date, drv_closing_date, drv_cash, drv_ticket, drv_cheque, drv_card, drv_unpaid, drv_amount, drv_takeaway) VALUES (113, TO_DATE('30/08/2002', 'dd/MM/yyyy'), TO_DATE('30/08/2002', 'dd/MM/yyyy'), TO_DATE('19/09/2002', 'dd/MM/yyyy'), 0.0, 0.0, 0.0, 197.5, 0.0, 197.5, true);
INSERT INTO t_vat_revenue (vtr_id, drv_id, vat_id, vtr_amount, vtr_value) VALUES (225, 113, 1, 0, 0);
INSERT INTO t_vat_revenue (vtr_id, drv_id, vat_id, vtr_amount, vtr_value) VALUES (226, 113, 2, 197.5, 10.296208);
INSERT INTO t_day_revenue (drv_id, drv_revenue_date, drv_print_date, drv_closing_date, drv_cash, drv_ticket, drv_cheque, drv_card, drv_unpaid, drv_amount, drv_takeaway) VALUES (114, TO_DATE('30/08/2002', 'dd/MM/yyyy'), TO_DATE('30/08/2002', 'dd/MM/yyyy'), TO_DATE('19/09/2002', 'dd/MM/yyyy'), 18.5, 29.0, 437.0, 1231.5, 0.0, 1716.0, false);
INSERT INTO t_vat_revenue (vtr_id, drv_id, vat_id, vtr_amount, vtr_value) VALUES (227, 114, 1, 1716.0, 281.2174);
INSERT INTO t_vat_revenue (vtr_id, drv_id, vat_id, vtr_amount, vtr_value) VALUES (228, 114, 2, 0, 0);
INSERT INTO t_day_revenue (drv_id, drv_revenue_date, drv_print_date, drv_closing_date, drv_cash, drv_ticket, drv_cheque, drv_card, drv_unpaid, drv_amount, drv_takeaway) VALUES (115, TO_DATE('31/08/2002', 'dd/MM/yyyy'), TO_DATE('31/08/2002', 'dd/MM/yyyy'), TO_DATE('19/09/2002', 'dd/MM/yyyy'), 0.0, 0.0, 0.0, 141.0, 0.0, 141.0, true);
INSERT INTO t_vat_revenue (vtr_id, drv_id, vat_id, vtr_amount, vtr_value) VALUES (229, 115, 1, 0, 0);
INSERT INTO t_vat_revenue (vtr_id, drv_id, vat_id, vtr_amount, vtr_value) VALUES (230, 115, 2, 141.0, 7.350711);
INSERT INTO t_day_revenue (drv_id, drv_revenue_date, drv_print_date, drv_closing_date, drv_cash, drv_ticket, drv_cheque, drv_card, drv_unpaid, drv_amount, drv_takeaway) VALUES (116, TO_DATE('31/08/2002', 'dd/MM/yyyy'), TO_DATE('31/08/2002', 'dd/MM/yyyy'), TO_DATE('19/09/2002', 'dd/MM/yyyy'), 18.8, 89.2, 818.5, 1257.5, 0.0, 2184.0, false);
INSERT INTO t_vat_revenue (vtr_id, drv_id, vat_id, vtr_amount, vtr_value) VALUES (231, 116, 1, 2184.0, 357.91306);
INSERT INTO t_vat_revenue (vtr_id, drv_id, vat_id, vtr_amount, vtr_value) VALUES (232, 116, 2, 0, 0);
INSERT INTO t_day_revenue (drv_id, drv_revenue_date, drv_print_date, drv_closing_date, drv_cash, drv_ticket, drv_cheque, drv_card, drv_unpaid, drv_amount, drv_takeaway) VALUES (117, TO_DATE('01/09/2002', 'dd/MM/yyyy'), TO_DATE('01/09/2002', 'dd/MM/yyyy'), TO_DATE('20/09/2002', 'dd/MM/yyyy'), 0.0, 0.0, 0.0, 165.0, 0.0, 165.0, true);
INSERT INTO t_vat_revenue (vtr_id, drv_id, vat_id, vtr_amount, vtr_value) VALUES (233, 117, 1, 0, 0);
INSERT INTO t_vat_revenue (vtr_id, drv_id, vat_id, vtr_amount, vtr_value) VALUES (234, 117, 2, 165.0, 8.601895);
INSERT INTO t_day_revenue (drv_id, drv_revenue_date, drv_print_date, drv_closing_date, drv_cash, drv_ticket, drv_cheque, drv_card, drv_unpaid, drv_amount, drv_takeaway) VALUES (118, TO_DATE('01/09/2002', 'dd/MM/yyyy'), TO_DATE('01/09/2002', 'dd/MM/yyyy'), TO_DATE('20/09/2002', 'dd/MM/yyyy'), 14.2, 23.8, 373.0, 818.5, 0.0, 1229.5, false);
INSERT INTO t_vat_revenue (vtr_id, drv_id, vat_id, vtr_amount, vtr_value) VALUES (235, 118, 1, 1229.5, 201.48997);
INSERT INTO t_vat_revenue (vtr_id, drv_id, vat_id, vtr_amount, vtr_value) VALUES (236, 118, 2, 0, 0);
INSERT INTO t_day_revenue (drv_id, drv_revenue_date, drv_print_date, drv_closing_date, drv_cash, drv_ticket, drv_cheque, drv_card, drv_unpaid, drv_amount, drv_takeaway) VALUES (119, TO_DATE('02/09/2002', 'dd/MM/yyyy'), TO_DATE('02/09/2002', 'dd/MM/yyyy'), TO_DATE('20/09/2002', 'dd/MM/yyyy'), 0.0, 0.0, 0.0, 0.0, 0.0, 0.0, true);
INSERT INTO t_vat_revenue (vtr_id, drv_id, vat_id, vtr_amount, vtr_value) VALUES (237, 119, 1, 0, 0);
INSERT INTO t_vat_revenue (vtr_id, drv_id, vat_id, vtr_amount, vtr_value) VALUES (238, 119, 2, 0.0, 0.0);
INSERT INTO t_day_revenue (drv_id, drv_revenue_date, drv_print_date, drv_closing_date, drv_cash, drv_ticket, drv_cheque, drv_card, drv_unpaid, drv_amount, drv_takeaway) VALUES (120, TO_DATE('02/09/2002', 'dd/MM/yyyy'), TO_DATE('02/09/2002', 'dd/MM/yyyy'), TO_DATE('20/09/2002', 'dd/MM/yyyy'), 12.51, 16.47, 180.5, 485.52, 0.0, 695.0, false);
INSERT INTO t_vat_revenue (vtr_id, drv_id, vat_id, vtr_amount, vtr_value) VALUES (239, 120, 1, 695.0, 113.896324);
INSERT INTO t_vat_revenue (vtr_id, drv_id, vat_id, vtr_amount, vtr_value) VALUES (240, 120, 2, 0, 0);
INSERT INTO t_day_revenue (drv_id, drv_revenue_date, drv_print_date, drv_closing_date, drv_cash, drv_ticket, drv_cheque, drv_card, drv_unpaid, drv_amount, drv_takeaway) VALUES (121, TO_DATE('03/09/2002', 'dd/MM/yyyy'), TO_DATE('03/09/2002', 'dd/MM/yyyy'), TO_DATE('20/09/2002', 'dd/MM/yyyy'), 0.0, 0.0, 91.5, 193.5, 0.0, 285.0, true);
INSERT INTO t_vat_revenue (vtr_id, drv_id, vat_id, vtr_amount, vtr_value) VALUES (241, 121, 1, 0, 0);
INSERT INTO t_vat_revenue (vtr_id, drv_id, vat_id, vtr_amount, vtr_value) VALUES (242, 121, 2, 285.0, 14.85782);
INSERT INTO t_day_revenue (drv_id, drv_revenue_date, drv_print_date, drv_closing_date, drv_cash, drv_ticket, drv_cheque, drv_card, drv_unpaid, drv_amount, drv_takeaway) VALUES (122, TO_DATE('03/09/2002', 'dd/MM/yyyy'), TO_DATE('03/09/2002', 'dd/MM/yyyy'), TO_DATE('20/09/2002', 'dd/MM/yyyy'), 11.5, 0.0, 21.0, 478.3, 0.0, 510.8, false);
INSERT INTO t_vat_revenue (vtr_id, drv_id, vat_id, vtr_amount, vtr_value) VALUES (243, 122, 1, 510.8, 83.709694);
INSERT INTO t_vat_revenue (vtr_id, drv_id, vat_id, vtr_amount, vtr_value) VALUES (244, 122, 2, 0, 0);
INSERT INTO t_day_revenue (drv_id, drv_revenue_date, drv_print_date, drv_closing_date, drv_cash, drv_ticket, drv_cheque, drv_card, drv_unpaid, drv_amount, drv_takeaway) VALUES (123, TO_DATE('04/09/2002', 'dd/MM/yyyy'), TO_DATE('05/11/2002', 'dd/MM/yyyy'), TO_DATE('05/11/2002', 'dd/MM/yyyy'), 0.0, 0.0, 90.0, 129.0, 0.0, 219.0, true);
INSERT INTO t_vat_revenue (vtr_id, drv_id, vat_id, vtr_amount, vtr_value) VALUES (245, 123, 1, 0, 0);
INSERT INTO t_vat_revenue (vtr_id, drv_id, vat_id, vtr_amount, vtr_value) VALUES (246, 123, 2, 219.0, 11.417062);
INSERT INTO t_day_revenue (drv_id, drv_revenue_date, drv_print_date, drv_closing_date, drv_cash, drv_ticket, drv_cheque, drv_card, drv_unpaid, drv_amount, drv_takeaway) VALUES (124, TO_DATE('04/09/2002', 'dd/MM/yyyy'), TO_DATE('05/11/2002', 'dd/MM/yyyy'), TO_DATE('05/11/2002', 'dd/MM/yyyy'), 59.5, 13.5, 127.75, 361.86, 35.64, 598.25, false);
INSERT INTO t_vat_revenue (vtr_id, drv_id, vat_id, vtr_amount, vtr_value) VALUES (247, 124, 1, 598.25, 98.04097);
INSERT INTO t_vat_revenue (vtr_id, drv_id, vat_id, vtr_amount, vtr_value) VALUES (248, 124, 2, 0, 0);
INSERT INTO t_day_revenue (drv_id, drv_revenue_date, drv_print_date, drv_closing_date, drv_cash, drv_ticket, drv_cheque, drv_card, drv_unpaid, drv_amount, drv_takeaway) VALUES (125, TO_DATE('05/09/2002', 'dd/MM/yyyy'), TO_DATE('05/09/2002', 'dd/MM/yyyy'), TO_DATE('20/09/2002', 'dd/MM/yyyy'), 0.0, 0.0, 0.0, 254.0, 0.0, 254.0, true);
INSERT INTO t_vat_revenue (vtr_id, drv_id, vat_id, vtr_amount, vtr_value) VALUES (249, 125, 1, 0, 0);
INSERT INTO t_vat_revenue (vtr_id, drv_id, vat_id, vtr_amount, vtr_value) VALUES (250, 125, 2, 254.0, 13.241706);
INSERT INTO t_day_revenue (drv_id, drv_revenue_date, drv_print_date, drv_closing_date, drv_cash, drv_ticket, drv_cheque, drv_card, drv_unpaid, drv_amount, drv_takeaway) VALUES (126, TO_DATE('05/09/2002', 'dd/MM/yyyy'), TO_DATE('05/09/2002', 'dd/MM/yyyy'), TO_DATE('20/09/2002', 'dd/MM/yyyy'), 22.5, 0.0, 160.0, 719.01, 0.0, 901.51, false);
INSERT INTO t_vat_revenue (vtr_id, drv_id, vat_id, vtr_amount, vtr_value) VALUES (251, 126, 1, 901.51, 147.73909);
INSERT INTO t_vat_revenue (vtr_id, drv_id, vat_id, vtr_amount, vtr_value) VALUES (252, 126, 2, 0, 0);
INSERT INTO t_day_revenue (drv_id, drv_revenue_date, drv_print_date, drv_closing_date, drv_cash, drv_ticket, drv_cheque, drv_card, drv_unpaid, drv_amount, drv_takeaway) VALUES (127, TO_DATE('06/09/2002', 'dd/MM/yyyy'), TO_DATE('06/09/2002', 'dd/MM/yyyy'), TO_DATE('20/09/2002', 'dd/MM/yyyy'), 0.0, 0.0, 0.0, 78.0, 0.0, 78.0, true);
INSERT INTO t_vat_revenue (vtr_id, drv_id, vat_id, vtr_amount, vtr_value) VALUES (253, 127, 1, 0, 0);
INSERT INTO t_vat_revenue (vtr_id, drv_id, vat_id, vtr_amount, vtr_value) VALUES (254, 127, 2, 78.0, 4.066351);
INSERT INTO t_day_revenue (drv_id, drv_revenue_date, drv_print_date, drv_closing_date, drv_cash, drv_ticket, drv_cheque, drv_card, drv_unpaid, drv_amount, drv_takeaway) VALUES (128, TO_DATE('06/09/2002', 'dd/MM/yyyy'), TO_DATE('06/09/2002', 'dd/MM/yyyy'), TO_DATE('20/09/2002', 'dd/MM/yyyy'), 17.8, 75.92, 763.78, 979.5, 0.0, 1837.0, false);
INSERT INTO t_vat_revenue (vtr_id, drv_id, vat_id, vtr_amount, vtr_value) VALUES (255, 128, 1, 1837.0, 301.0468);
INSERT INTO t_vat_revenue (vtr_id, drv_id, vat_id, vtr_amount, vtr_value) VALUES (256, 128, 2, 0, 0);
INSERT INTO t_day_revenue (drv_id, drv_revenue_date, drv_print_date, drv_closing_date, drv_cash, drv_ticket, drv_cheque, drv_card, drv_unpaid, drv_amount, drv_takeaway) VALUES (129, TO_DATE('07/09/2002', 'dd/MM/yyyy'), TO_DATE('07/09/2002', 'dd/MM/yyyy'), TO_DATE('20/09/2002', 'dd/MM/yyyy'), 0.0, 0.0, 0.0, 113.0, 0.0, 113.0, true);
INSERT INTO t_vat_revenue (vtr_id, drv_id, vat_id, vtr_amount, vtr_value) VALUES (257, 129, 1, 0, 0);
INSERT INTO t_vat_revenue (vtr_id, drv_id, vat_id, vtr_amount, vtr_value) VALUES (258, 129, 2, 113.0, 5.890995);
INSERT INTO t_day_revenue (drv_id, drv_revenue_date, drv_print_date, drv_closing_date, drv_cash, drv_ticket, drv_cheque, drv_card, drv_unpaid, drv_amount, drv_takeaway) VALUES (130, TO_DATE('07/09/2002', 'dd/MM/yyyy'), TO_DATE('07/09/2002', 'dd/MM/yyyy'), TO_DATE('20/09/2002', 'dd/MM/yyyy'), 17.5, 14.3, 593.2, 862.5, 0.0, 1487.5, false);
INSERT INTO t_vat_revenue (vtr_id, drv_id, vat_id, vtr_amount, vtr_value) VALUES (259, 130, 1, 1487.5, 243.7709);
INSERT INTO t_vat_revenue (vtr_id, drv_id, vat_id, vtr_amount, vtr_value) VALUES (260, 130, 2, 0, 0);
INSERT INTO t_day_revenue (drv_id, drv_revenue_date, drv_print_date, drv_closing_date, drv_cash, drv_ticket, drv_cheque, drv_card, drv_unpaid, drv_amount, drv_takeaway) VALUES (131, TO_DATE('08/09/2002', 'dd/MM/yyyy'), TO_DATE('08/09/2002', 'dd/MM/yyyy'), TO_DATE('20/09/2002', 'dd/MM/yyyy'), 0.0, 0.0, 0.0, 0.0, 0.0, 0.0, true);
INSERT INTO t_vat_revenue (vtr_id, drv_id, vat_id, vtr_amount, vtr_value) VALUES (261, 131, 1, 0, 0);
INSERT INTO t_vat_revenue (vtr_id, drv_id, vat_id, vtr_amount, vtr_value) VALUES (262, 131, 2, 0.0, 0.0);
INSERT INTO t_day_revenue (drv_id, drv_revenue_date, drv_print_date, drv_closing_date, drv_cash, drv_ticket, drv_cheque, drv_card, drv_unpaid, drv_amount, drv_takeaway) VALUES (132, TO_DATE('08/09/2002', 'dd/MM/yyyy'), TO_DATE('08/09/2002', 'dd/MM/yyyy'), TO_DATE('20/09/2002', 'dd/MM/yyyy'), 0.0, 0.0, 306.0, 395.0, 0.0, 701.0, false);
INSERT INTO t_vat_revenue (vtr_id, drv_id, vat_id, vtr_amount, vtr_value) VALUES (263, 132, 1, 701.0, 114.87961);
INSERT INTO t_vat_revenue (vtr_id, drv_id, vat_id, vtr_amount, vtr_value) VALUES (264, 132, 2, 0, 0);
INSERT INTO t_day_revenue (drv_id, drv_revenue_date, drv_print_date, drv_closing_date, drv_cash, drv_ticket, drv_cheque, drv_card, drv_unpaid, drv_amount, drv_takeaway) VALUES (133, TO_DATE('09/09/2002', 'dd/MM/yyyy'), TO_DATE('09/09/2002', 'dd/MM/yyyy'), TO_DATE('20/09/2002', 'dd/MM/yyyy'), 0.0, 0.0, 0.0, 42.0, 0.0, 42.0, true);
INSERT INTO t_vat_revenue (vtr_id, drv_id, vat_id, vtr_amount, vtr_value) VALUES (265, 133, 1, 0, 0);
INSERT INTO t_vat_revenue (vtr_id, drv_id, vat_id, vtr_amount, vtr_value) VALUES (266, 133, 2, 42.0, 2.1895735);
INSERT INTO t_day_revenue (drv_id, drv_revenue_date, drv_print_date, drv_closing_date, drv_cash, drv_ticket, drv_cheque, drv_card, drv_unpaid, drv_amount, drv_takeaway) VALUES (134, TO_DATE('09/09/2002', 'dd/MM/yyyy'), TO_DATE('09/09/2002', 'dd/MM/yyyy'), TO_DATE('20/09/2002', 'dd/MM/yyyy'), 62.0, 0.0, 161.5, 279.5, 0.0, 503.0, false);
INSERT INTO t_vat_revenue (vtr_id, drv_id, vat_id, vtr_amount, vtr_value) VALUES (267, 134, 1, 503.0, 82.431435);
INSERT INTO t_vat_revenue (vtr_id, drv_id, vat_id, vtr_amount, vtr_value) VALUES (268, 134, 2, 0, 0);
INSERT INTO t_day_revenue (drv_id, drv_revenue_date, drv_print_date, drv_closing_date, drv_cash, drv_ticket, drv_cheque, drv_card, drv_unpaid, drv_amount, drv_takeaway) VALUES (135, TO_DATE('10/09/2002', 'dd/MM/yyyy'), TO_DATE('10/09/2002', 'dd/MM/yyyy'), TO_DATE('20/09/2002', 'dd/MM/yyyy'), 0.0, 0.0, 0.0, 60.0, 0.0, 60.0, true);
INSERT INTO t_vat_revenue (vtr_id, drv_id, vat_id, vtr_amount, vtr_value) VALUES (269, 135, 1, 0, 0);
INSERT INTO t_vat_revenue (vtr_id, drv_id, vat_id, vtr_amount, vtr_value) VALUES (270, 135, 2, 60.0, 3.127962);
INSERT INTO t_day_revenue (drv_id, drv_revenue_date, drv_print_date, drv_closing_date, drv_cash, drv_ticket, drv_cheque, drv_card, drv_unpaid, drv_amount, drv_takeaway) VALUES (136, TO_DATE('10/09/2002', 'dd/MM/yyyy'), TO_DATE('10/09/2002', 'dd/MM/yyyy'), TO_DATE('20/09/2002', 'dd/MM/yyyy'), 21.0, 42.0, 149.5, 487.0, 0.0, 699.5, false);
INSERT INTO t_vat_revenue (vtr_id, drv_id, vat_id, vtr_amount, vtr_value) VALUES (271, 136, 1, 699.5, 114.63378);
INSERT INTO t_vat_revenue (vtr_id, drv_id, vat_id, vtr_amount, vtr_value) VALUES (272, 136, 2, 0, 0);
INSERT INTO t_day_revenue (drv_id, drv_revenue_date, drv_print_date, drv_closing_date, drv_cash, drv_ticket, drv_cheque, drv_card, drv_unpaid, drv_amount, drv_takeaway) VALUES (137, TO_DATE('11/09/2002', 'dd/MM/yyyy'), TO_DATE('11/09/2002', 'dd/MM/yyyy'), TO_DATE('20/09/2002', 'dd/MM/yyyy'), 22.5, 0.0, 225.49, 102.5, 0.0, 350.49, true);
INSERT INTO t_vat_revenue (vtr_id, drv_id, vat_id, vtr_amount, vtr_value) VALUES (273, 137, 1, 0, 0);
INSERT INTO t_vat_revenue (vtr_id, drv_id, vat_id, vtr_amount, vtr_value) VALUES (274, 137, 2, 350.49, 18.27199);
INSERT INTO t_day_revenue (drv_id, drv_revenue_date, drv_print_date, drv_closing_date, drv_cash, drv_ticket, drv_cheque, drv_card, drv_unpaid, drv_amount, drv_takeaway) VALUES (138, TO_DATE('11/09/2002', 'dd/MM/yyyy'), TO_DATE('11/09/2002', 'dd/MM/yyyy'), TO_DATE('20/09/2002', 'dd/MM/yyyy'), 0.0, 15.24, 39.0, 296.26, 0.0, 350.5, false);
INSERT INTO t_vat_revenue (vtr_id, drv_id, vat_id, vtr_amount, vtr_value) VALUES (275, 138, 1, 350.5, 57.439804);
INSERT INTO t_vat_revenue (vtr_id, drv_id, vat_id, vtr_amount, vtr_value) VALUES (276, 138, 2, 0, 0);
INSERT INTO t_day_revenue (drv_id, drv_revenue_date, drv_print_date, drv_closing_date, drv_cash, drv_ticket, drv_cheque, drv_card, drv_unpaid, drv_amount, drv_takeaway) VALUES (139, TO_DATE('12/09/2002', 'dd/MM/yyyy'), TO_DATE('12/09/2002', 'dd/MM/yyyy'), TO_DATE('20/09/2002', 'dd/MM/yyyy'), 0.0, 0.0, 0.0, 15.5, 0.0, 15.5, true);
INSERT INTO t_vat_revenue (vtr_id, drv_id, vat_id, vtr_amount, vtr_value) VALUES (277, 139, 1, 0, 0);
INSERT INTO t_vat_revenue (vtr_id, drv_id, vat_id, vtr_amount, vtr_value) VALUES (278, 139, 2, 15.5, 0.8080569);
INSERT INTO t_day_revenue (drv_id, drv_revenue_date, drv_print_date, drv_closing_date, drv_cash, drv_ticket, drv_cheque, drv_card, drv_unpaid, drv_amount, drv_takeaway) VALUES (140, TO_DATE('12/09/2002', 'dd/MM/yyyy'), TO_DATE('12/09/2002', 'dd/MM/yyyy'), TO_DATE('20/09/2002', 'dd/MM/yyyy'), 19.5, 31.0, 262.0, 432.0, 0.0, 744.5, false);
INSERT INTO t_vat_revenue (vtr_id, drv_id, vat_id, vtr_amount, vtr_value) VALUES (279, 140, 1, 744.5, 122.00836);
INSERT INTO t_vat_revenue (vtr_id, drv_id, vat_id, vtr_amount, vtr_value) VALUES (280, 140, 2, 0, 0);
INSERT INTO t_day_revenue (drv_id, drv_revenue_date, drv_print_date, drv_closing_date, drv_cash, drv_ticket, drv_cheque, drv_card, drv_unpaid, drv_amount, drv_takeaway) VALUES (141, TO_DATE('13/09/2002', 'dd/MM/yyyy'), TO_DATE('13/09/2002', 'dd/MM/yyyy'), TO_DATE('20/09/2002', 'dd/MM/yyyy'), 0.0, 0.0, 0.0, 67.5, 0.0, 67.5, true);
INSERT INTO t_vat_revenue (vtr_id, drv_id, vat_id, vtr_amount, vtr_value) VALUES (281, 141, 1, 0, 0);
INSERT INTO t_vat_revenue (vtr_id, drv_id, vat_id, vtr_amount, vtr_value) VALUES (282, 141, 2, 67.5, 3.5189574);
INSERT INTO t_day_revenue (drv_id, drv_revenue_date, drv_print_date, drv_closing_date, drv_cash, drv_ticket, drv_cheque, drv_card, drv_unpaid, drv_amount, drv_takeaway) VALUES (142, TO_DATE('13/09/2002', 'dd/MM/yyyy'), TO_DATE('13/09/2002', 'dd/MM/yyyy'), TO_DATE('20/09/2002', 'dd/MM/yyyy'), 28.5, 15.0, 316.0, 648.5, 0.0, 1008.0, false);
INSERT INTO t_vat_revenue (vtr_id, drv_id, vat_id, vtr_amount, vtr_value) VALUES (283, 142, 1, 1008.0, 165.19064);
INSERT INTO t_vat_revenue (vtr_id, drv_id, vat_id, vtr_amount, vtr_value) VALUES (284, 142, 2, 0, 0);
INSERT INTO t_day_revenue (drv_id, drv_revenue_date, drv_print_date, drv_closing_date, drv_cash, drv_ticket, drv_cheque, drv_card, drv_unpaid, drv_amount, drv_takeaway) VALUES (143, TO_DATE('14/09/2002', 'dd/MM/yyyy'), TO_DATE('14/09/2002', 'dd/MM/yyyy'), TO_DATE('20/09/2002', 'dd/MM/yyyy'), 0.0, 0.0, 0.0, 42.0, 0.0, 42.0, true);
INSERT INTO t_vat_revenue (vtr_id, drv_id, vat_id, vtr_amount, vtr_value) VALUES (285, 143, 1, 0, 0);
INSERT INTO t_vat_revenue (vtr_id, drv_id, vat_id, vtr_amount, vtr_value) VALUES (286, 143, 2, 42.0, 2.1895735);
INSERT INTO t_day_revenue (drv_id, drv_revenue_date, drv_print_date, drv_closing_date, drv_cash, drv_ticket, drv_cheque, drv_card, drv_unpaid, drv_amount, drv_takeaway) VALUES (144, TO_DATE('14/09/2002', 'dd/MM/yyyy'), TO_DATE('14/09/2002', 'dd/MM/yyyy'), TO_DATE('20/09/2002', 'dd/MM/yyyy'), 18.3, 62.0, 507.0, 1160.7, 0.0, 1748.0, false);
INSERT INTO t_vat_revenue (vtr_id, drv_id, vat_id, vtr_amount, vtr_value) VALUES (287, 144, 1, 1748.0, 286.46155);
INSERT INTO t_vat_revenue (vtr_id, drv_id, vat_id, vtr_amount, vtr_value) VALUES (288, 144, 2, 0, 0);
INSERT INTO t_day_revenue (drv_id, drv_revenue_date, drv_print_date, drv_closing_date, drv_cash, drv_ticket, drv_cheque, drv_card, drv_unpaid, drv_amount, drv_takeaway) VALUES (145, TO_DATE('15/09/2002', 'dd/MM/yyyy'), TO_DATE('15/09/2002', 'dd/MM/yyyy'), TO_DATE('20/09/2002', 'dd/MM/yyyy'), 0.0, 0.0, 0.0, 92.5, 0.0, 92.5, true);
INSERT INTO t_vat_revenue (vtr_id, drv_id, vat_id, vtr_amount, vtr_value) VALUES (289, 145, 1, 0, 0);
INSERT INTO t_vat_revenue (vtr_id, drv_id, vat_id, vtr_amount, vtr_value) VALUES (290, 145, 2, 92.5, 4.8222747);
INSERT INTO t_day_revenue (drv_id, drv_revenue_date, drv_print_date, drv_closing_date, drv_cash, drv_ticket, drv_cheque, drv_card, drv_unpaid, drv_amount, drv_takeaway) VALUES (146, TO_DATE('15/09/2002', 'dd/MM/yyyy'), TO_DATE('15/09/2002', 'dd/MM/yyyy'), TO_DATE('20/09/2002', 'dd/MM/yyyy'), 0.0, 0.0, 434.75, 460.25, 0.0, 895.0, false);
INSERT INTO t_vat_revenue (vtr_id, drv_id, vat_id, vtr_amount, vtr_value) VALUES (291, 146, 1, 895.0, 146.67224);
INSERT INTO t_vat_revenue (vtr_id, drv_id, vat_id, vtr_amount, vtr_value) VALUES (292, 146, 2, 0, 0);
INSERT INTO t_day_revenue (drv_id, drv_revenue_date, drv_print_date, drv_closing_date, drv_cash, drv_ticket, drv_cheque, drv_card, drv_unpaid, drv_amount, drv_takeaway) VALUES (147, TO_DATE('16/09/2002', 'dd/MM/yyyy'), TO_DATE('16/09/2002', 'dd/MM/yyyy'), TO_DATE('20/09/2002', 'dd/MM/yyyy'), 0.0, 0.0, 0.0, 113.0, 0.0, 113.0, true);
INSERT INTO t_vat_revenue (vtr_id, drv_id, vat_id, vtr_amount, vtr_value) VALUES (293, 147, 1, 0, 0);
INSERT INTO t_vat_revenue (vtr_id, drv_id, vat_id, vtr_amount, vtr_value) VALUES (294, 147, 2, 113.0, 5.890995);
INSERT INTO t_day_revenue (drv_id, drv_revenue_date, drv_print_date, drv_closing_date, drv_cash, drv_ticket, drv_cheque, drv_card, drv_unpaid, drv_amount, drv_takeaway) VALUES (148, TO_DATE('16/09/2002', 'dd/MM/yyyy'), TO_DATE('16/09/2002', 'dd/MM/yyyy'), TO_DATE('20/09/2002', 'dd/MM/yyyy'), 17.8, 12.2, 166.5, 716.5, 0.0, 913.0, false);
INSERT INTO t_vat_revenue (vtr_id, drv_id, vat_id, vtr_amount, vtr_value) VALUES (295, 148, 1, 913.0, 149.62209);
INSERT INTO t_vat_revenue (vtr_id, drv_id, vat_id, vtr_amount, vtr_value) VALUES (296, 148, 2, 0, 0);
INSERT INTO t_day_revenue (drv_id, drv_revenue_date, drv_print_date, drv_closing_date, drv_cash, drv_ticket, drv_cheque, drv_card, drv_unpaid, drv_amount, drv_takeaway) VALUES (149, TO_DATE('17/09/2002', 'dd/MM/yyyy'), TO_DATE('17/09/2002', 'dd/MM/yyyy'), TO_DATE('20/09/2002', 'dd/MM/yyyy'), 0.0, 0.0, 0.0, 100.0, 0.0, 100.0, true);
INSERT INTO t_vat_revenue (vtr_id, drv_id, vat_id, vtr_amount, vtr_value) VALUES (297, 149, 1, 0, 0);
INSERT INTO t_vat_revenue (vtr_id, drv_id, vat_id, vtr_amount, vtr_value) VALUES (298, 149, 2, 100.0, 5.21327);
INSERT INTO t_day_revenue (drv_id, drv_revenue_date, drv_print_date, drv_closing_date, drv_cash, drv_ticket, drv_cheque, drv_card, drv_unpaid, drv_amount, drv_takeaway) VALUES (150, TO_DATE('17/09/2002', 'dd/MM/yyyy'), TO_DATE('17/09/2002', 'dd/MM/yyyy'), TO_DATE('20/09/2002', 'dd/MM/yyyy'), 17.0, 13.0, 141.75, 769.75, 0.0, 941.5, false);
INSERT INTO t_vat_revenue (vtr_id, drv_id, vat_id, vtr_amount, vtr_value) VALUES (299, 150, 1, 941.5, 154.29265);
INSERT INTO t_vat_revenue (vtr_id, drv_id, vat_id, vtr_amount, vtr_value) VALUES (300, 150, 2, 0, 0);
INSERT INTO t_day_revenue (drv_id, drv_revenue_date, drv_print_date, drv_closing_date, drv_cash, drv_ticket, drv_cheque, drv_card, drv_unpaid, drv_amount, drv_takeaway) VALUES (151, TO_DATE('18/09/2002', 'dd/MM/yyyy'), TO_DATE('18/09/2002', 'dd/MM/yyyy'), TO_DATE('06/05/2003', 'dd/MM/yyyy'), 0.0, 0.0, 74.5, 86.0, 0.0, 160.5, true);
INSERT INTO t_vat_revenue (vtr_id, drv_id, vat_id, vtr_amount, vtr_value) VALUES (301, 151, 1, 0, 0);
INSERT INTO t_vat_revenue (vtr_id, drv_id, vat_id, vtr_amount, vtr_value) VALUES (302, 151, 2, 160.5, 8.367298);
INSERT INTO t_day_revenue (drv_id, drv_revenue_date, drv_print_date, drv_closing_date, drv_cash, drv_ticket, drv_cheque, drv_card, drv_unpaid, drv_amount, drv_takeaway) VALUES (152, TO_DATE('18/09/2002', 'dd/MM/yyyy'), TO_DATE('18/09/2002', 'dd/MM/yyyy'), TO_DATE('06/05/2003', 'dd/MM/yyyy'), 31.5, 0.0, 0.0, 173.5, 0.0, 205.0, false);
INSERT INTO t_vat_revenue (vtr_id, drv_id, vat_id, vtr_amount, vtr_value) VALUES (303, 152, 1, 205.0, 33.595318);
INSERT INTO t_vat_revenue (vtr_id, drv_id, vat_id, vtr_amount, vtr_value) VALUES (304, 152, 2, 0, 0);
INSERT INTO t_day_revenue (drv_id, drv_revenue_date, drv_print_date, drv_closing_date, drv_cash, drv_ticket, drv_cheque, drv_card, drv_unpaid, drv_amount, drv_takeaway) VALUES (153, TO_DATE('19/09/2002', 'dd/MM/yyyy'), TO_DATE('19/09/2002', 'dd/MM/yyyy'), TO_DATE('20/09/2002', 'dd/MM/yyyy'), 0.0, 0.0, 0.0, 67.0, 0.0, 67.0, true);
INSERT INTO t_vat_revenue (vtr_id, drv_id, vat_id, vtr_amount, vtr_value) VALUES (305, 153, 1, 0, 0);
INSERT INTO t_vat_revenue (vtr_id, drv_id, vat_id, vtr_amount, vtr_value) VALUES (306, 153, 2, 67.0, 3.492891);
INSERT INTO t_day_revenue (drv_id, drv_revenue_date, drv_print_date, drv_closing_date, drv_cash, drv_ticket, drv_cheque, drv_card, drv_unpaid, drv_amount, drv_takeaway) VALUES (154, TO_DATE('19/09/2002', 'dd/MM/yyyy'), TO_DATE('19/09/2002', 'dd/MM/yyyy'), TO_DATE('20/09/2002', 'dd/MM/yyyy'), 33.5, 5.8, 216.2, 576.0, 0.0, 831.5, false);
INSERT INTO t_vat_revenue (vtr_id, drv_id, vat_id, vtr_amount, vtr_value) VALUES (307, 154, 1, 831.5, 136.26588);
INSERT INTO t_vat_revenue (vtr_id, drv_id, vat_id, vtr_amount, vtr_value) VALUES (308, 154, 2, 0, 0);
INSERT INTO t_day_revenue (drv_id, drv_revenue_date, drv_print_date, drv_closing_date, drv_cash, drv_ticket, drv_cheque, drv_card, drv_unpaid, drv_amount, drv_takeaway) VALUES (155, TO_DATE('20/09/2002', 'dd/MM/yyyy'), TO_DATE('20/09/2002', 'dd/MM/yyyy'), TO_DATE('26/09/2002', 'dd/MM/yyyy'), 0.0, 0.0, 0.0, 0.0, 0.0, 0.0, true);
INSERT INTO t_vat_revenue (vtr_id, drv_id, vat_id, vtr_amount, vtr_value) VALUES (309, 155, 1, 0, 0);
INSERT INTO t_vat_revenue (vtr_id, drv_id, vat_id, vtr_amount, vtr_value) VALUES (310, 155, 2, 0.0, 0.0);
INSERT INTO t_day_revenue (drv_id, drv_revenue_date, drv_print_date, drv_closing_date, drv_cash, drv_ticket, drv_cheque, drv_card, drv_unpaid, drv_amount, drv_takeaway) VALUES (156, TO_DATE('20/09/2002', 'dd/MM/yyyy'), TO_DATE('20/09/2002', 'dd/MM/yyyy'), TO_DATE('26/09/2002', 'dd/MM/yyyy'), 48.5, 145.5, 219.5, 1907.0, 0.0, 2320.5, false);
INSERT INTO t_vat_revenue (vtr_id, drv_id, vat_id, vtr_amount, vtr_value) VALUES (311, 156, 1, 2320.5, 380.28262);
INSERT INTO t_vat_revenue (vtr_id, drv_id, vat_id, vtr_amount, vtr_value) VALUES (312, 156, 2, 0, 0);
INSERT INTO t_day_revenue (drv_id, drv_revenue_date, drv_print_date, drv_closing_date, drv_cash, drv_ticket, drv_cheque, drv_card, drv_unpaid, drv_amount, drv_takeaway) VALUES (157, TO_DATE('21/09/2002', 'dd/MM/yyyy'), TO_DATE('21/09/2002', 'dd/MM/yyyy'), TO_DATE('26/09/2002', 'dd/MM/yyyy'), 13.0, 0.0, 0.0, 26.0, 0.0, 39.0, true);
INSERT INTO t_vat_revenue (vtr_id, drv_id, vat_id, vtr_amount, vtr_value) VALUES (313, 157, 1, 0, 0);
INSERT INTO t_vat_revenue (vtr_id, drv_id, vat_id, vtr_amount, vtr_value) VALUES (314, 157, 2, 39.0, 2.0331755);
INSERT INTO t_day_revenue (drv_id, drv_revenue_date, drv_print_date, drv_closing_date, drv_cash, drv_ticket, drv_cheque, drv_card, drv_unpaid, drv_amount, drv_takeaway) VALUES (158, TO_DATE('21/09/2002', 'dd/MM/yyyy'), TO_DATE('21/09/2002', 'dd/MM/yyyy'), TO_DATE('26/09/2002', 'dd/MM/yyyy'), -0.5, 0.0, 170.5, 1027.5, 0.0, 1197.5, false);
INSERT INTO t_vat_revenue (vtr_id, drv_id, vat_id, vtr_amount, vtr_value) VALUES (315, 158, 1, 1197.5, 196.24582);
INSERT INTO t_vat_revenue (vtr_id, drv_id, vat_id, vtr_amount, vtr_value) VALUES (316, 158, 2, 0, 0);
INSERT INTO t_day_revenue (drv_id, drv_revenue_date, drv_print_date, drv_closing_date, drv_cash, drv_ticket, drv_cheque, drv_card, drv_unpaid, drv_amount, drv_takeaway) VALUES (159, TO_DATE('22/09/2002', 'dd/MM/yyyy'), TO_DATE('22/09/2002', 'dd/MM/yyyy'), TO_DATE('26/09/2002', 'dd/MM/yyyy'), 0.0, 0.0, 0.0, 61.5, 0.0, 61.5, true);
INSERT INTO t_vat_revenue (vtr_id, drv_id, vat_id, vtr_amount, vtr_value) VALUES (317, 159, 1, 0, 0);
INSERT INTO t_vat_revenue (vtr_id, drv_id, vat_id, vtr_amount, vtr_value) VALUES (318, 159, 2, 61.5, 3.206161);
INSERT INTO t_day_revenue (drv_id, drv_revenue_date, drv_print_date, drv_closing_date, drv_cash, drv_ticket, drv_cheque, drv_card, drv_unpaid, drv_amount, drv_takeaway) VALUES (160, TO_DATE('22/09/2002', 'dd/MM/yyyy'), TO_DATE('22/09/2002', 'dd/MM/yyyy'), TO_DATE('26/09/2002', 'dd/MM/yyyy'), 0.0, 7.5, 84.5, 690.0, 0.0, 782.0, false);
INSERT INTO t_vat_revenue (vtr_id, drv_id, vat_id, vtr_amount, vtr_value) VALUES (319, 160, 1, 782.0, 128.15385);
INSERT INTO t_vat_revenue (vtr_id, drv_id, vat_id, vtr_amount, vtr_value) VALUES (320, 160, 2, 0, 0);
INSERT INTO t_day_revenue (drv_id, drv_revenue_date, drv_print_date, drv_closing_date, drv_cash, drv_ticket, drv_cheque, drv_card, drv_unpaid, drv_amount, drv_takeaway) VALUES (161, TO_DATE('23/09/2002', 'dd/MM/yyyy'), TO_DATE('23/09/2002', 'dd/MM/yyyy'), TO_DATE('26/09/2002', 'dd/MM/yyyy'), 0.0, 0.0, 0.0, 0.0, 0.0, 0.0, true);
INSERT INTO t_vat_revenue (vtr_id, drv_id, vat_id, vtr_amount, vtr_value) VALUES (321, 161, 1, 0, 0);
INSERT INTO t_vat_revenue (vtr_id, drv_id, vat_id, vtr_amount, vtr_value) VALUES (322, 161, 2, 0.0, 0.0);
INSERT INTO t_day_revenue (drv_id, drv_revenue_date, drv_print_date, drv_closing_date, drv_cash, drv_ticket, drv_cheque, drv_card, drv_unpaid, drv_amount, drv_takeaway) VALUES (162, TO_DATE('23/09/2002', 'dd/MM/yyyy'), TO_DATE('23/09/2002', 'dd/MM/yyyy'), TO_DATE('26/09/2002', 'dd/MM/yyyy'), 52.5, 11.5, 255.0, 281.5, 0.0, 600.5, false);
INSERT INTO t_vat_revenue (vtr_id, drv_id, vat_id, vtr_amount, vtr_value) VALUES (323, 162, 1, 600.5, 98.4097);
INSERT INTO t_vat_revenue (vtr_id, drv_id, vat_id, vtr_amount, vtr_value) VALUES (324, 162, 2, 0, 0);
INSERT INTO t_day_revenue (drv_id, drv_revenue_date, drv_print_date, drv_closing_date, drv_cash, drv_ticket, drv_cheque, drv_card, drv_unpaid, drv_amount, drv_takeaway) VALUES (163, TO_DATE('24/09/2002', 'dd/MM/yyyy'), TO_DATE('24/09/2002', 'dd/MM/yyyy'), TO_DATE('26/09/2002', 'dd/MM/yyyy'), 20.5, 0.0, 0.0, 74.0, 0.0, 94.5, true);
INSERT INTO t_vat_revenue (vtr_id, drv_id, vat_id, vtr_amount, vtr_value) VALUES (325, 163, 1, 0, 0);
INSERT INTO t_vat_revenue (vtr_id, drv_id, vat_id, vtr_amount, vtr_value) VALUES (326, 163, 2, 94.5, 4.9265404);
INSERT INTO t_day_revenue (drv_id, drv_revenue_date, drv_print_date, drv_closing_date, drv_cash, drv_ticket, drv_cheque, drv_card, drv_unpaid, drv_amount, drv_takeaway) VALUES (164, TO_DATE('24/09/2002', 'dd/MM/yyyy'), TO_DATE('24/09/2002', 'dd/MM/yyyy'), TO_DATE('26/09/2002', 'dd/MM/yyyy'), 11.5, 36.0, 495.5, 556.0, 0.0, 1099.0, false);
INSERT INTO t_vat_revenue (vtr_id, drv_id, vat_id, vtr_amount, vtr_value) VALUES (327, 164, 1, 1099.0, 180.10368);
INSERT INTO t_vat_revenue (vtr_id, drv_id, vat_id, vtr_amount, vtr_value) VALUES (328, 164, 2, 0, 0);
INSERT INTO t_day_revenue (drv_id, drv_revenue_date, drv_print_date, drv_closing_date, drv_cash, drv_ticket, drv_cheque, drv_card, drv_unpaid, drv_amount, drv_takeaway) VALUES (165, TO_DATE('25/09/2002', 'dd/MM/yyyy'), TO_DATE('25/09/2002', 'dd/MM/yyyy'), TO_DATE('06/05/2003', 'dd/MM/yyyy'), 0.0, 20.1, 78.5, 64.9, 0.0, 163.5, true);
INSERT INTO t_vat_revenue (vtr_id, drv_id, vat_id, vtr_amount, vtr_value) VALUES (329, 165, 1, 0, 0);
INSERT INTO t_vat_revenue (vtr_id, drv_id, vat_id, vtr_amount, vtr_value) VALUES (330, 165, 2, 163.5, 8.523697);
INSERT INTO t_day_revenue (drv_id, drv_revenue_date, drv_print_date, drv_closing_date, drv_cash, drv_ticket, drv_cheque, drv_card, drv_unpaid, drv_amount, drv_takeaway) VALUES (166, TO_DATE('25/09/2002', 'dd/MM/yyyy'), TO_DATE('25/09/2002', 'dd/MM/yyyy'), TO_DATE('06/05/2003', 'dd/MM/yyyy'), 10.0, 13.0, 318.0, 203.5, 0.0, 544.5, false);
INSERT INTO t_vat_revenue (vtr_id, drv_id, vat_id, vtr_amount, vtr_value) VALUES (331, 166, 1, 544.5, 89.232445);
INSERT INTO t_vat_revenue (vtr_id, drv_id, vat_id, vtr_amount, vtr_value) VALUES (332, 166, 2, 0, 0);
INSERT INTO t_day_revenue (drv_id, drv_revenue_date, drv_print_date, drv_closing_date, drv_cash, drv_ticket, drv_cheque, drv_card, drv_unpaid, drv_amount, drv_takeaway) VALUES (167, TO_DATE('26/09/2002', 'dd/MM/yyyy'), TO_DATE('26/09/2002', 'dd/MM/yyyy'), TO_DATE('03/10/2002', 'dd/MM/yyyy'), 0.0, 0.0, 0.0, 95.5, 0.0, 95.5, true);
INSERT INTO t_vat_revenue (vtr_id, drv_id, vat_id, vtr_amount, vtr_value) VALUES (333, 167, 1, 0, 0);
INSERT INTO t_vat_revenue (vtr_id, drv_id, vat_id, vtr_amount, vtr_value) VALUES (334, 167, 2, 95.5, 4.978673);
INSERT INTO t_day_revenue (drv_id, drv_revenue_date, drv_print_date, drv_closing_date, drv_cash, drv_ticket, drv_cheque, drv_card, drv_unpaid, drv_amount, drv_takeaway) VALUES (168, TO_DATE('26/09/2002', 'dd/MM/yyyy'), TO_DATE('26/09/2002', 'dd/MM/yyyy'), TO_DATE('03/10/2002', 'dd/MM/yyyy'), 22.0, 15.0, 293.0, 624.5, 0.0, 954.5, false);
INSERT INTO t_vat_revenue (vtr_id, drv_id, vat_id, vtr_amount, vtr_value) VALUES (335, 168, 1, 954.5, 156.4231);
INSERT INTO t_vat_revenue (vtr_id, drv_id, vat_id, vtr_amount, vtr_value) VALUES (336, 168, 2, 0, 0);
INSERT INTO t_day_revenue (drv_id, drv_revenue_date, drv_print_date, drv_closing_date, drv_cash, drv_ticket, drv_cheque, drv_card, drv_unpaid, drv_amount, drv_takeaway) VALUES (169, TO_DATE('27/09/2002', 'dd/MM/yyyy'), TO_DATE('27/09/2002', 'dd/MM/yyyy'), TO_DATE('03/10/2002', 'dd/MM/yyyy'), 0.0, 0.0, 33.0, 36.5, 0.0, 69.5, true);
INSERT INTO t_vat_revenue (vtr_id, drv_id, vat_id, vtr_amount, vtr_value) VALUES (337, 169, 1, 0, 0);
INSERT INTO t_vat_revenue (vtr_id, drv_id, vat_id, vtr_amount, vtr_value) VALUES (338, 169, 2, 69.5, 3.6232228);
INSERT INTO t_day_revenue (drv_id, drv_revenue_date, drv_print_date, drv_closing_date, drv_cash, drv_ticket, drv_cheque, drv_card, drv_unpaid, drv_amount, drv_takeaway) VALUES (170, TO_DATE('27/09/2002', 'dd/MM/yyyy'), TO_DATE('27/09/2002', 'dd/MM/yyyy'), TO_DATE('03/10/2002', 'dd/MM/yyyy'), 67.5, 87.26, 257.16, 907.58, 0.0, 1319.5, false);
INSERT INTO t_vat_revenue (vtr_id, drv_id, vat_id, vtr_amount, vtr_value) VALUES (339, 170, 1, 1319.5, 216.23914);
INSERT INTO t_vat_revenue (vtr_id, drv_id, vat_id, vtr_amount, vtr_value) VALUES (340, 170, 2, 0, 0);
INSERT INTO t_day_revenue (drv_id, drv_revenue_date, drv_print_date, drv_closing_date, drv_cash, drv_ticket, drv_cheque, drv_card, drv_unpaid, drv_amount, drv_takeaway) VALUES (171, TO_DATE('28/09/2002', 'dd/MM/yyyy'), TO_DATE('10/10/2002', 'dd/MM/yyyy'), TO_DATE('10/10/2002', 'dd/MM/yyyy'), 0.0, 0.0, 0.0, 134.0, 0.0, 134.0, true);
INSERT INTO t_vat_revenue (vtr_id, drv_id, vat_id, vtr_amount, vtr_value) VALUES (341, 171, 1, 0, 0);
INSERT INTO t_vat_revenue (vtr_id, drv_id, vat_id, vtr_amount, vtr_value) VALUES (342, 171, 2, 134.0, 6.985782);
INSERT INTO t_day_revenue (drv_id, drv_revenue_date, drv_print_date, drv_closing_date, drv_cash, drv_ticket, drv_cheque, drv_card, drv_unpaid, drv_amount, drv_takeaway) VALUES (172, TO_DATE('28/09/2002', 'dd/MM/yyyy'), TO_DATE('10/10/2002', 'dd/MM/yyyy'), TO_DATE('10/10/2002', 'dd/MM/yyyy'), 20.43, 23.57, 509.5, 1327.5, 0.0, 1881.0, false);
INSERT INTO t_vat_revenue (vtr_id, drv_id, vat_id, vtr_amount, vtr_value) VALUES (343, 172, 1, 1881.0, 308.25754);
INSERT INTO t_vat_revenue (vtr_id, drv_id, vat_id, vtr_amount, vtr_value) VALUES (344, 172, 2, 0, 0);
INSERT INTO t_day_revenue (drv_id, drv_revenue_date, drv_print_date, drv_closing_date, drv_cash, drv_ticket, drv_cheque, drv_card, drv_unpaid, drv_amount, drv_takeaway) VALUES (173, TO_DATE('29/09/2002', 'dd/MM/yyyy'), TO_DATE('10/10/2002', 'dd/MM/yyyy'), TO_DATE('10/10/2002', 'dd/MM/yyyy'), 0.0, 0.0, 0.0, 45.5, 0.0, 45.5, true);
INSERT INTO t_vat_revenue (vtr_id, drv_id, vat_id, vtr_amount, vtr_value) VALUES (345, 173, 1, 0, 0);
INSERT INTO t_vat_revenue (vtr_id, drv_id, vat_id, vtr_amount, vtr_value) VALUES (346, 173, 2, 45.5, 2.372038);
INSERT INTO t_day_revenue (drv_id, drv_revenue_date, drv_print_date, drv_closing_date, drv_cash, drv_ticket, drv_cheque, drv_card, drv_unpaid, drv_amount, drv_takeaway) VALUES (174, TO_DATE('29/09/2002', 'dd/MM/yyyy'), TO_DATE('10/10/2002', 'dd/MM/yyyy'), TO_DATE('10/10/2002', 'dd/MM/yyyy'), 25.0, 14.08, 1008.0, 720.42, 0.0, 1767.5, false);
INSERT INTO t_vat_revenue (vtr_id, drv_id, vat_id, vtr_amount, vtr_value) VALUES (347, 174, 1, 1767.5, 289.6572);
INSERT INTO t_vat_revenue (vtr_id, drv_id, vat_id, vtr_amount, vtr_value) VALUES (348, 174, 2, 0, 0);
INSERT INTO t_day_revenue (drv_id, drv_revenue_date, drv_print_date, drv_closing_date, drv_cash, drv_ticket, drv_cheque, drv_card, drv_unpaid, drv_amount, drv_takeaway) VALUES (175, TO_DATE('30/09/2002', 'dd/MM/yyyy'), TO_DATE('10/10/2002', 'dd/MM/yyyy'), TO_DATE('10/10/2002', 'dd/MM/yyyy'), 0.0, 0.0, 17.3, 134.3, 0.0, 151.6, true);
INSERT INTO t_vat_revenue (vtr_id, drv_id, vat_id, vtr_amount, vtr_value) VALUES (349, 175, 1, 0, 0);
INSERT INTO t_vat_revenue (vtr_id, drv_id, vat_id, vtr_amount, vtr_value) VALUES (350, 175, 2, 151.6, 7.903318);
INSERT INTO t_day_revenue (drv_id, drv_revenue_date, drv_print_date, drv_closing_date, drv_cash, drv_ticket, drv_cheque, drv_card, drv_unpaid, drv_amount, drv_takeaway) VALUES (176, TO_DATE('30/09/2002', 'dd/MM/yyyy'), TO_DATE('10/10/2002', 'dd/MM/yyyy'), TO_DATE('10/10/2002', 'dd/MM/yyyy'), 34.0, 0.0, 0.0, 545.5, 0.0, 579.5, false);
INSERT INTO t_vat_revenue (vtr_id, drv_id, vat_id, vtr_amount, vtr_value) VALUES (351, 176, 1, 579.5, 94.96823);
INSERT INTO t_vat_revenue (vtr_id, drv_id, vat_id, vtr_amount, vtr_value) VALUES (352, 176, 2, 0, 0);
INSERT INTO t_day_revenue (drv_id, drv_revenue_date, drv_print_date, drv_closing_date, drv_cash, drv_ticket, drv_cheque, drv_card, drv_unpaid, drv_amount, drv_takeaway) VALUES (177, TO_DATE('01/10/2002', 'dd/MM/yyyy'), TO_DATE('01/10/2002', 'dd/MM/yyyy'), TO_DATE('10/10/2002', 'dd/MM/yyyy'), 0.0, 0.0, 145.5, 157.0, 0.0, 302.5, true);
INSERT INTO t_vat_revenue (vtr_id, drv_id, vat_id, vtr_amount, vtr_value) VALUES (353, 177, 1, 0, 0);
INSERT INTO t_vat_revenue (vtr_id, drv_id, vat_id, vtr_amount, vtr_value) VALUES (354, 177, 2, 302.5, 15.770143);
INSERT INTO t_day_revenue (drv_id, drv_revenue_date, drv_print_date, drv_closing_date, drv_cash, drv_ticket, drv_cheque, drv_card, drv_unpaid, drv_amount, drv_takeaway) VALUES (178, TO_DATE('01/10/2002', 'dd/MM/yyyy'), TO_DATE('01/10/2002', 'dd/MM/yyyy'), TO_DATE('10/10/2002', 'dd/MM/yyyy'), 0.0, 0.0, 295.5, 705.8, 0.0, 1001.3, false);
INSERT INTO t_vat_revenue (vtr_id, drv_id, vat_id, vtr_amount, vtr_value) VALUES (355, 178, 1, 1001.3, 164.09265);
INSERT INTO t_vat_revenue (vtr_id, drv_id, vat_id, vtr_amount, vtr_value) VALUES (356, 178, 2, 0, 0);
INSERT INTO t_day_revenue (drv_id, drv_revenue_date, drv_print_date, drv_closing_date, drv_cash, drv_ticket, drv_cheque, drv_card, drv_unpaid, drv_amount, drv_takeaway) VALUES (179, TO_DATE('02/10/2002', 'dd/MM/yyyy'), TO_DATE('10/10/2002', 'dd/MM/yyyy'), TO_DATE('10/10/2002', 'dd/MM/yyyy'), 8.0, 0.0, 84.0, 218.74, 0.0, 310.74, true);
INSERT INTO t_vat_revenue (vtr_id, drv_id, vat_id, vtr_amount, vtr_value) VALUES (357, 179, 1, 0, 0);
INSERT INTO t_vat_revenue (vtr_id, drv_id, vat_id, vtr_amount, vtr_value) VALUES (358, 179, 2, 310.74, 16.199715);
INSERT INTO t_day_revenue (drv_id, drv_revenue_date, drv_print_date, drv_closing_date, drv_cash, drv_ticket, drv_cheque, drv_card, drv_unpaid, drv_amount, drv_takeaway) VALUES (180, TO_DATE('02/10/2002', 'dd/MM/yyyy'), TO_DATE('10/10/2002', 'dd/MM/yyyy'), TO_DATE('10/10/2002', 'dd/MM/yyyy'), 10.0, 13.0, 139.0, 319.0, 0.0, 481.0, false);
INSERT INTO t_vat_revenue (vtr_id, drv_id, vat_id, vtr_amount, vtr_value) VALUES (359, 180, 1, 481.0, 78.826096);
INSERT INTO t_vat_revenue (vtr_id, drv_id, vat_id, vtr_amount, vtr_value) VALUES (360, 180, 2, 0, 0);
INSERT INTO t_day_revenue (drv_id, drv_revenue_date, drv_print_date, drv_closing_date, drv_cash, drv_ticket, drv_cheque, drv_card, drv_unpaid, drv_amount, drv_takeaway) VALUES (181, TO_DATE('03/10/2002', 'dd/MM/yyyy'), TO_DATE('15/10/2002', 'dd/MM/yyyy'), TO_DATE('31/10/2002', 'dd/MM/yyyy'), 0.0, 0.0, 80.5, 156.0, 0.0, 236.5, true);
INSERT INTO t_vat_revenue (vtr_id, drv_id, vat_id, vtr_amount, vtr_value) VALUES (361, 181, 1, 0, 0);
INSERT INTO t_vat_revenue (vtr_id, drv_id, vat_id, vtr_amount, vtr_value) VALUES (362, 181, 2, 236.5, 12.329384);
INSERT INTO t_day_revenue (drv_id, drv_revenue_date, drv_print_date, drv_closing_date, drv_cash, drv_ticket, drv_cheque, drv_card, drv_unpaid, drv_amount, drv_takeaway) VALUES (182, TO_DATE('03/10/2002', 'dd/MM/yyyy'), TO_DATE('15/10/2002', 'dd/MM/yyyy'), TO_DATE('31/10/2002', 'dd/MM/yyyy'), 34.83, 30.67, 82.0, 373.5, 0.0, 521.0, false);
INSERT INTO t_vat_revenue (vtr_id, drv_id, vat_id, vtr_amount, vtr_value) VALUES (363, 182, 1, 521.0, 85.38128);
INSERT INTO t_vat_revenue (vtr_id, drv_id, vat_id, vtr_amount, vtr_value) VALUES (364, 182, 2, 0, 0);
INSERT INTO t_day_revenue (drv_id, drv_revenue_date, drv_print_date, drv_closing_date, drv_cash, drv_ticket, drv_cheque, drv_card, drv_unpaid, drv_amount, drv_takeaway) VALUES (183, TO_DATE('04/10/2002', 'dd/MM/yyyy'), TO_DATE('10/10/2002', 'dd/MM/yyyy'), TO_DATE('10/10/2002', 'dd/MM/yyyy'), 0.0, 0.0, 0.0, 66.5, 0.0, 66.5, true);
INSERT INTO t_vat_revenue (vtr_id, drv_id, vat_id, vtr_amount, vtr_value) VALUES (365, 183, 1, 0, 0);
INSERT INTO t_vat_revenue (vtr_id, drv_id, vat_id, vtr_amount, vtr_value) VALUES (366, 183, 2, 66.5, 3.4668245);
INSERT INTO t_day_revenue (drv_id, drv_revenue_date, drv_print_date, drv_closing_date, drv_cash, drv_ticket, drv_cheque, drv_card, drv_unpaid, drv_amount, drv_takeaway) VALUES (184, TO_DATE('04/10/2002', 'dd/MM/yyyy'), TO_DATE('10/10/2002', 'dd/MM/yyyy'), TO_DATE('10/10/2002', 'dd/MM/yyyy'), 17.8, 122.0, 379.2, 687.25, 0.0, 1206.25, false);
INSERT INTO t_vat_revenue (vtr_id, drv_id, vat_id, vtr_amount, vtr_value) VALUES (367, 184, 1, 1206.25, 197.67976);
INSERT INTO t_vat_revenue (vtr_id, drv_id, vat_id, vtr_amount, vtr_value) VALUES (368, 184, 2, 0, 0);
INSERT INTO t_day_revenue (drv_id, drv_revenue_date, drv_print_date, drv_closing_date, drv_cash, drv_ticket, drv_cheque, drv_card, drv_unpaid, drv_amount, drv_takeaway) VALUES (185, TO_DATE('05/10/2002', 'dd/MM/yyyy'), TO_DATE('10/10/2002', 'dd/MM/yyyy'), TO_DATE('10/10/2002', 'dd/MM/yyyy'), 0.0, 6.86, 0.0, 102.64, 0.0, 109.5, true);
INSERT INTO t_vat_revenue (vtr_id, drv_id, vat_id, vtr_amount, vtr_value) VALUES (369, 185, 1, 0, 0);
INSERT INTO t_vat_revenue (vtr_id, drv_id, vat_id, vtr_amount, vtr_value) VALUES (370, 185, 2, 109.5, 5.708531);
INSERT INTO t_day_revenue (drv_id, drv_revenue_date, drv_print_date, drv_closing_date, drv_cash, drv_ticket, drv_cheque, drv_card, drv_unpaid, drv_amount, drv_takeaway) VALUES (186, TO_DATE('05/10/2002', 'dd/MM/yyyy'), TO_DATE('10/10/2002', 'dd/MM/yyyy'), TO_DATE('10/10/2002', 'dd/MM/yyyy'), 21.0, 20.88, 770.52, 1028.6, 0.0, 1841.0, false);
INSERT INTO t_vat_revenue (vtr_id, drv_id, vat_id, vtr_amount, vtr_value) VALUES (371, 186, 1, 1841.0, 301.70236);
INSERT INTO t_vat_revenue (vtr_id, drv_id, vat_id, vtr_amount, vtr_value) VALUES (372, 186, 2, 0, 0);
INSERT INTO t_day_revenue (drv_id, drv_revenue_date, drv_print_date, drv_closing_date, drv_cash, drv_ticket, drv_cheque, drv_card, drv_unpaid, drv_amount, drv_takeaway) VALUES (187, TO_DATE('06/10/2002', 'dd/MM/yyyy'), TO_DATE('10/10/2002', 'dd/MM/yyyy'), TO_DATE('10/10/2002', 'dd/MM/yyyy'), 0.0, 0.0, 0.0, 263.5, 0.0, 263.5, true);
INSERT INTO t_vat_revenue (vtr_id, drv_id, vat_id, vtr_amount, vtr_value) VALUES (373, 187, 1, 0, 0);
INSERT INTO t_vat_revenue (vtr_id, drv_id, vat_id, vtr_amount, vtr_value) VALUES (374, 187, 2, 263.5, 13.736967);
INSERT INTO t_day_revenue (drv_id, drv_revenue_date, drv_print_date, drv_closing_date, drv_cash, drv_ticket, drv_cheque, drv_card, drv_unpaid, drv_amount, drv_takeaway) VALUES (188, TO_DATE('06/10/2002', 'dd/MM/yyyy'), TO_DATE('10/10/2002', 'dd/MM/yyyy'), TO_DATE('10/10/2002', 'dd/MM/yyyy'), 13.1, 24.4, 354.0, 849.5, 0.0, 1241.0, false);
INSERT INTO t_vat_revenue (vtr_id, drv_id, vat_id, vtr_amount, vtr_value) VALUES (375, 188, 1, 1241.0, 203.37459);
INSERT INTO t_vat_revenue (vtr_id, drv_id, vat_id, vtr_amount, vtr_value) VALUES (376, 188, 2, 0, 0);
INSERT INTO t_day_revenue (drv_id, drv_revenue_date, drv_print_date, drv_closing_date, drv_cash, drv_ticket, drv_cheque, drv_card, drv_unpaid, drv_amount, drv_takeaway) VALUES (189, TO_DATE('07/10/2002', 'dd/MM/yyyy'), TO_DATE('10/10/2002', 'dd/MM/yyyy'), TO_DATE('10/10/2002', 'dd/MM/yyyy'), 0.0, 0.0, 0.0, 0.0, 0.0, 0.0, true);
INSERT INTO t_vat_revenue (vtr_id, drv_id, vat_id, vtr_amount, vtr_value) VALUES (377, 189, 1, 0, 0);
INSERT INTO t_vat_revenue (vtr_id, drv_id, vat_id, vtr_amount, vtr_value) VALUES (378, 189, 2, 0.0, 0.0);
INSERT INTO t_day_revenue (drv_id, drv_revenue_date, drv_print_date, drv_closing_date, drv_cash, drv_ticket, drv_cheque, drv_card, drv_unpaid, drv_amount, drv_takeaway) VALUES (190, TO_DATE('07/10/2002', 'dd/MM/yyyy'), TO_DATE('10/10/2002', 'dd/MM/yyyy'), TO_DATE('10/10/2002', 'dd/MM/yyyy'), 6.8, 23.7, 163.5, 202.0, 0.0, 396.0, false);
INSERT INTO t_vat_revenue (vtr_id, drv_id, vat_id, vtr_amount, vtr_value) VALUES (379, 190, 1, 396.0, 64.896324);
INSERT INTO t_vat_revenue (vtr_id, drv_id, vat_id, vtr_amount, vtr_value) VALUES (380, 190, 2, 0, 0);
INSERT INTO t_day_revenue (drv_id, drv_revenue_date, drv_print_date, drv_closing_date, drv_cash, drv_ticket, drv_cheque, drv_card, drv_unpaid, drv_amount, drv_takeaway) VALUES (191, TO_DATE('08/10/2002', 'dd/MM/yyyy'), TO_DATE('10/10/2002', 'dd/MM/yyyy'), TO_DATE('10/10/2002', 'dd/MM/yyyy'), 0.0, 0.0, 0.0, 11.5, 0.0, 11.5, true);
INSERT INTO t_vat_revenue (vtr_id, drv_id, vat_id, vtr_amount, vtr_value) VALUES (381, 191, 1, 0, 0);
INSERT INTO t_vat_revenue (vtr_id, drv_id, vat_id, vtr_amount, vtr_value) VALUES (382, 191, 2, 11.5, 0.59952605);
INSERT INTO t_day_revenue (drv_id, drv_revenue_date, drv_print_date, drv_closing_date, drv_cash, drv_ticket, drv_cheque, drv_card, drv_unpaid, drv_amount, drv_takeaway) VALUES (192, TO_DATE('08/10/2002', 'dd/MM/yyyy'), TO_DATE('10/10/2002', 'dd/MM/yyyy'), TO_DATE('10/10/2002', 'dd/MM/yyyy'), 12.0, 40.0, 146.5, 502.0, 0.0, 700.5, false);
INSERT INTO t_vat_revenue (vtr_id, drv_id, vat_id, vtr_amount, vtr_value) VALUES (383, 192, 1, 700.5, 114.79766);
INSERT INTO t_vat_revenue (vtr_id, drv_id, vat_id, vtr_amount, vtr_value) VALUES (384, 192, 2, 0, 0);
INSERT INTO t_day_revenue (drv_id, drv_revenue_date, drv_print_date, drv_closing_date, drv_cash, drv_ticket, drv_cheque, drv_card, drv_unpaid, drv_amount, drv_takeaway) VALUES (193, TO_DATE('09/10/2002', 'dd/MM/yyyy'), TO_DATE('10/10/2002', 'dd/MM/yyyy'), TO_DATE('10/10/2002', 'dd/MM/yyyy'), 0.0, 0.0, 40.0, 119.0, 0.0, 159.0, true);
INSERT INTO t_vat_revenue (vtr_id, drv_id, vat_id, vtr_amount, vtr_value) VALUES (385, 193, 1, 0, 0);
INSERT INTO t_vat_revenue (vtr_id, drv_id, vat_id, vtr_amount, vtr_value) VALUES (386, 193, 2, 159.0, 8.2891);
INSERT INTO t_day_revenue (drv_id, drv_revenue_date, drv_print_date, drv_closing_date, drv_cash, drv_ticket, drv_cheque, drv_card, drv_unpaid, drv_amount, drv_takeaway) VALUES (194, TO_DATE('09/10/2002', 'dd/MM/yyyy'), TO_DATE('10/10/2002', 'dd/MM/yyyy'), TO_DATE('10/10/2002', 'dd/MM/yyyy'), 25.2, 67.14, 292.16, 556.5, 0.0, 941.0, false);
INSERT INTO t_vat_revenue (vtr_id, drv_id, vat_id, vtr_amount, vtr_value) VALUES (387, 194, 1, 941.0, 154.21071);
INSERT INTO t_vat_revenue (vtr_id, drv_id, vat_id, vtr_amount, vtr_value) VALUES (388, 194, 2, 0, 0);
INSERT INTO t_day_revenue (drv_id, drv_revenue_date, drv_print_date, drv_closing_date, drv_cash, drv_ticket, drv_cheque, drv_card, drv_unpaid, drv_amount, drv_takeaway) VALUES (195, TO_DATE('10/10/2002', 'dd/MM/yyyy'), TO_DATE('17/10/2002', 'dd/MM/yyyy'), TO_DATE('17/10/2002', 'dd/MM/yyyy'), 0.0, 0.0, 0.0, 0.0, 0.0, 0.0, true);
INSERT INTO t_vat_revenue (vtr_id, drv_id, vat_id, vtr_amount, vtr_value) VALUES (389, 195, 1, 0, 0);
INSERT INTO t_vat_revenue (vtr_id, drv_id, vat_id, vtr_amount, vtr_value) VALUES (390, 195, 2, 0.0, 0.0);
INSERT INTO t_day_revenue (drv_id, drv_revenue_date, drv_print_date, drv_closing_date, drv_cash, drv_ticket, drv_cheque, drv_card, drv_unpaid, drv_amount, drv_takeaway) VALUES (196, TO_DATE('10/10/2002', 'dd/MM/yyyy'), TO_DATE('17/10/2002', 'dd/MM/yyyy'), TO_DATE('17/10/2002', 'dd/MM/yyyy'), 19.0, 16.0, 77.0, 742.5, 0.0, 854.5, false);
INSERT INTO t_vat_revenue (vtr_id, drv_id, vat_id, vtr_amount, vtr_value) VALUES (391, 196, 1, 854.5, 140.03513);
INSERT INTO t_vat_revenue (vtr_id, drv_id, vat_id, vtr_amount, vtr_value) VALUES (392, 196, 2, 0, 0);
INSERT INTO t_day_revenue (drv_id, drv_revenue_date, drv_print_date, drv_closing_date, drv_cash, drv_ticket, drv_cheque, drv_card, drv_unpaid, drv_amount, drv_takeaway) VALUES (197, TO_DATE('11/10/2002', 'dd/MM/yyyy'), TO_DATE('17/10/2002', 'dd/MM/yyyy'), TO_DATE('17/10/2002', 'dd/MM/yyyy'), 0.0, 0.0, 71.5, 155.0, 0.0, 226.5, true);
INSERT INTO t_vat_revenue (vtr_id, drv_id, vat_id, vtr_amount, vtr_value) VALUES (393, 197, 1, 0, 0);
INSERT INTO t_vat_revenue (vtr_id, drv_id, vat_id, vtr_amount, vtr_value) VALUES (394, 197, 2, 226.5, 11.808057);
INSERT INTO t_day_revenue (drv_id, drv_revenue_date, drv_print_date, drv_closing_date, drv_cash, drv_ticket, drv_cheque, drv_card, drv_unpaid, drv_amount, drv_takeaway) VALUES (198, TO_DATE('11/10/2002', 'dd/MM/yyyy'), TO_DATE('17/10/2002', 'dd/MM/yyyy'), TO_DATE('17/10/2002', 'dd/MM/yyyy'), 71.02, 0.0, 168.16, 1318.32, 0.0, 1557.5, false);
INSERT INTO t_vat_revenue (vtr_id, drv_id, vat_id, vtr_amount, vtr_value) VALUES (395, 198, 1, 1557.5, 255.24248);
INSERT INTO t_vat_revenue (vtr_id, drv_id, vat_id, vtr_amount, vtr_value) VALUES (396, 198, 2, 0, 0);
INSERT INTO t_day_revenue (drv_id, drv_revenue_date, drv_print_date, drv_closing_date, drv_cash, drv_ticket, drv_cheque, drv_card, drv_unpaid, drv_amount, drv_takeaway) VALUES (199, TO_DATE('12/10/2002', 'dd/MM/yyyy'), TO_DATE('17/10/2002', 'dd/MM/yyyy'), TO_DATE('17/10/2002', 'dd/MM/yyyy'), 0.0, 0.0, 0.0, 51.5, 0.0, 51.5, true);
INSERT INTO t_vat_revenue (vtr_id, drv_id, vat_id, vtr_amount, vtr_value) VALUES (397, 199, 1, 0, 0);
INSERT INTO t_vat_revenue (vtr_id, drv_id, vat_id, vtr_amount, vtr_value) VALUES (398, 199, 2, 51.5, 2.6848342);
INSERT INTO t_day_revenue (drv_id, drv_revenue_date, drv_print_date, drv_closing_date, drv_cash, drv_ticket, drv_cheque, drv_card, drv_unpaid, drv_amount, drv_takeaway) VALUES (200, TO_DATE('12/10/2002', 'dd/MM/yyyy'), TO_DATE('17/10/2002', 'dd/MM/yyyy'), TO_DATE('17/10/2002', 'dd/MM/yyyy'), 31.8, 67.2, 390.5, 875.5, 0.0, 1365.0, false);
INSERT INTO t_vat_revenue (vtr_id, drv_id, vat_id, vtr_amount, vtr_value) VALUES (399, 200, 1, 1365.0, 223.69565);
INSERT INTO t_vat_revenue (vtr_id, drv_id, vat_id, vtr_amount, vtr_value) VALUES (400, 200, 2, 0, 0);
INSERT INTO t_day_revenue (drv_id, drv_revenue_date, drv_print_date, drv_closing_date, drv_cash, drv_ticket, drv_cheque, drv_card, drv_unpaid, drv_amount, drv_takeaway) VALUES (201, TO_DATE('13/10/2002', 'dd/MM/yyyy'), TO_DATE('20/10/2002', 'dd/MM/yyyy'), TO_DATE('20/03/2003', 'dd/MM/yyyy'), 0.0, 0.0, 0.0, 51.0, 0.0, 51.0, true);
INSERT INTO t_vat_revenue (vtr_id, drv_id, vat_id, vtr_amount, vtr_value) VALUES (401, 201, 1, 0, 0);
INSERT INTO t_vat_revenue (vtr_id, drv_id, vat_id, vtr_amount, vtr_value) VALUES (402, 201, 2, 51.0, 2.6587677);
INSERT INTO t_day_revenue (drv_id, drv_revenue_date, drv_print_date, drv_closing_date, drv_cash, drv_ticket, drv_cheque, drv_card, drv_unpaid, drv_amount, drv_takeaway) VALUES (202, TO_DATE('13/10/2002', 'dd/MM/yyyy'), TO_DATE('20/10/2002', 'dd/MM/yyyy'), TO_DATE('20/03/2003', 'dd/MM/yyyy'), 8.5, 0.0, 306.0, 938.0, 24.5, 1277.0, false);
INSERT INTO t_vat_revenue (vtr_id, drv_id, vat_id, vtr_amount, vtr_value) VALUES (403, 202, 1, 1277.0, 209.27426);
INSERT INTO t_vat_revenue (vtr_id, drv_id, vat_id, vtr_amount, vtr_value) VALUES (404, 202, 2, 0, 0);
INSERT INTO t_day_revenue (drv_id, drv_revenue_date, drv_print_date, drv_closing_date, drv_cash, drv_ticket, drv_cheque, drv_card, drv_unpaid, drv_amount, drv_takeaway) VALUES (203, TO_DATE('14/10/2002', 'dd/MM/yyyy'), TO_DATE('17/10/2002', 'dd/MM/yyyy'), TO_DATE('18/10/2002', 'dd/MM/yyyy'), 0.0, 4.7, 15.8, 48.5, 0.0, 69.0, true);
INSERT INTO t_vat_revenue (vtr_id, drv_id, vat_id, vtr_amount, vtr_value) VALUES (405, 203, 1, 0, 0);
INSERT INTO t_vat_revenue (vtr_id, drv_id, vat_id, vtr_amount, vtr_value) VALUES (406, 203, 2, 69.0, 3.5971563);
INSERT INTO t_day_revenue (drv_id, drv_revenue_date, drv_print_date, drv_closing_date, drv_cash, drv_ticket, drv_cheque, drv_card, drv_unpaid, drv_amount, drv_takeaway) VALUES (204, TO_DATE('14/10/2002', 'dd/MM/yyyy'), TO_DATE('17/10/2002', 'dd/MM/yyyy'), TO_DATE('18/10/2002', 'dd/MM/yyyy'), 8.36, 17.6, 331.91, 294.13, 0.0, 652.0, false);
INSERT INTO t_vat_revenue (vtr_id, drv_id, vat_id, vtr_amount, vtr_value) VALUES (407, 204, 1, 652.0, 106.8495);
INSERT INTO t_vat_revenue (vtr_id, drv_id, vat_id, vtr_amount, vtr_value) VALUES (408, 204, 2, 0, 0);
INSERT INTO t_day_revenue (drv_id, drv_revenue_date, drv_print_date, drv_closing_date, drv_cash, drv_ticket, drv_cheque, drv_card, drv_unpaid, drv_amount, drv_takeaway) VALUES (205, TO_DATE('15/10/2002', 'dd/MM/yyyy'), TO_DATE('18/10/2002', 'dd/MM/yyyy'), TO_DATE('18/10/2002', 'dd/MM/yyyy'), 0.0, 0.0, 0.0, 106.0, 0.0, 106.0, true);
INSERT INTO t_vat_revenue (vtr_id, drv_id, vat_id, vtr_amount, vtr_value) VALUES (409, 205, 1, 0, 0);
INSERT INTO t_vat_revenue (vtr_id, drv_id, vat_id, vtr_amount, vtr_value) VALUES (410, 205, 2, 106.0, 5.5260663);
INSERT INTO t_day_revenue (drv_id, drv_revenue_date, drv_print_date, drv_closing_date, drv_cash, drv_ticket, drv_cheque, drv_card, drv_unpaid, drv_amount, drv_takeaway) VALUES (206, TO_DATE('15/10/2002', 'dd/MM/yyyy'), TO_DATE('18/10/2002', 'dd/MM/yyyy'), TO_DATE('18/10/2002', 'dd/MM/yyyy'), 50.1, 24.4, 147.0, 461.5, 0.0, 683.0, false);
INSERT INTO t_vat_revenue (vtr_id, drv_id, vat_id, vtr_amount, vtr_value) VALUES (411, 206, 1, 683.0, 111.92976);
INSERT INTO t_vat_revenue (vtr_id, drv_id, vat_id, vtr_amount, vtr_value) VALUES (412, 206, 2, 0, 0);
INSERT INTO t_day_revenue (drv_id, drv_revenue_date, drv_print_date, drv_closing_date, drv_cash, drv_ticket, drv_cheque, drv_card, drv_unpaid, drv_amount, drv_takeaway) VALUES (207, TO_DATE('16/10/2002', 'dd/MM/yyyy'), TO_DATE('18/10/2002', 'dd/MM/yyyy'), TO_DATE('18/10/2002', 'dd/MM/yyyy'), 0.0, 0.0, 60.5, 337.5, 0.0, 398.0, true);
INSERT INTO t_vat_revenue (vtr_id, drv_id, vat_id, vtr_amount, vtr_value) VALUES (413, 207, 1, 0, 0);
INSERT INTO t_vat_revenue (vtr_id, drv_id, vat_id, vtr_amount, vtr_value) VALUES (414, 207, 2, 398.0, 20.748816);
INSERT INTO t_day_revenue (drv_id, drv_revenue_date, drv_print_date, drv_closing_date, drv_cash, drv_ticket, drv_cheque, drv_card, drv_unpaid, drv_amount, drv_takeaway) VALUES (208, TO_DATE('16/10/2002', 'dd/MM/yyyy'), TO_DATE('18/10/2002', 'dd/MM/yyyy'), TO_DATE('18/10/2002', 'dd/MM/yyyy'), 12.7, 13.8, 93.0, 359.5, 0.0, 479.0, false);
INSERT INTO t_vat_revenue (vtr_id, drv_id, vat_id, vtr_amount, vtr_value) VALUES (415, 208, 1, 479.0, 78.49833);
INSERT INTO t_vat_revenue (vtr_id, drv_id, vat_id, vtr_amount, vtr_value) VALUES (416, 208, 2, 0, 0);
INSERT INTO t_day_revenue (drv_id, drv_revenue_date, drv_print_date, drv_closing_date, drv_cash, drv_ticket, drv_cheque, drv_card, drv_unpaid, drv_amount, drv_takeaway) VALUES (209, TO_DATE('17/10/2002', 'dd/MM/yyyy'), TO_DATE('18/10/2002', 'dd/MM/yyyy'), TO_DATE('18/10/2002', 'dd/MM/yyyy'), 0.0, 0.0, 0.0, 40.5, 0.0, 40.5, true);
INSERT INTO t_vat_revenue (vtr_id, drv_id, vat_id, vtr_amount, vtr_value) VALUES (417, 209, 1, 0, 0);
INSERT INTO t_vat_revenue (vtr_id, drv_id, vat_id, vtr_amount, vtr_value) VALUES (418, 209, 2, 40.5, 2.1113744);
INSERT INTO t_day_revenue (drv_id, drv_revenue_date, drv_print_date, drv_closing_date, drv_cash, drv_ticket, drv_cheque, drv_card, drv_unpaid, drv_amount, drv_takeaway) VALUES (210, TO_DATE('17/10/2002', 'dd/MM/yyyy'), TO_DATE('18/10/2002', 'dd/MM/yyyy'), TO_DATE('18/10/2002', 'dd/MM/yyyy'), 18.0, 10.0, 380.0, 694.5, 0.0, 1102.5, false);
INSERT INTO t_vat_revenue (vtr_id, drv_id, vat_id, vtr_amount, vtr_value) VALUES (419, 210, 1, 1102.5, 180.67726);
INSERT INTO t_vat_revenue (vtr_id, drv_id, vat_id, vtr_amount, vtr_value) VALUES (420, 210, 2, 0, 0);
INSERT INTO t_day_revenue (drv_id, drv_revenue_date, drv_print_date, drv_closing_date, drv_cash, drv_ticket, drv_cheque, drv_card, drv_unpaid, drv_amount, drv_takeaway) VALUES (211, TO_DATE('18/10/2002', 'dd/MM/yyyy'), TO_DATE('24/10/2002', 'dd/MM/yyyy'), TO_DATE('24/10/2002', 'dd/MM/yyyy'), 0.0, 0.0, 0.0, 138.0, 0.0, 138.0, true);
INSERT INTO t_vat_revenue (vtr_id, drv_id, vat_id, vtr_amount, vtr_value) VALUES (421, 211, 1, 0, 0);
INSERT INTO t_vat_revenue (vtr_id, drv_id, vat_id, vtr_amount, vtr_value) VALUES (422, 211, 2, 138.0, 7.1943126);
INSERT INTO t_day_revenue (drv_id, drv_revenue_date, drv_print_date, drv_closing_date, drv_cash, drv_ticket, drv_cheque, drv_card, drv_unpaid, drv_amount, drv_takeaway) VALUES (212, TO_DATE('18/10/2002', 'dd/MM/yyyy'), TO_DATE('24/10/2002', 'dd/MM/yyyy'), TO_DATE('24/10/2002', 'dd/MM/yyyy'), 21.5, 16.5, 552.0, 841.5, 0.0, 1431.5, false);
INSERT INTO t_vat_revenue (vtr_id, drv_id, vat_id, vtr_amount, vtr_value) VALUES (423, 212, 1, 1431.5, 234.59366);
INSERT INTO t_vat_revenue (vtr_id, drv_id, vat_id, vtr_amount, vtr_value) VALUES (424, 212, 2, 0, 0);
INSERT INTO t_day_revenue (drv_id, drv_revenue_date, drv_print_date, drv_closing_date, drv_cash, drv_ticket, drv_cheque, drv_card, drv_unpaid, drv_amount, drv_takeaway) VALUES (213, TO_DATE('19/10/2002', 'dd/MM/yyyy'), TO_DATE('24/10/2002', 'dd/MM/yyyy'), TO_DATE('24/10/2002', 'dd/MM/yyyy'), 0.0, 6.1, 0.0, 303.4, 0.0, 309.5, true);
INSERT INTO t_vat_revenue (vtr_id, drv_id, vat_id, vtr_amount, vtr_value) VALUES (425, 213, 1, 0, 0);
INSERT INTO t_vat_revenue (vtr_id, drv_id, vat_id, vtr_amount, vtr_value) VALUES (426, 213, 2, 309.5, 16.13507);
INSERT INTO t_day_revenue (drv_id, drv_revenue_date, drv_print_date, drv_closing_date, drv_cash, drv_ticket, drv_cheque, drv_card, drv_unpaid, drv_amount, drv_takeaway) VALUES (214, TO_DATE('19/10/2002', 'dd/MM/yyyy'), TO_DATE('24/10/2002', 'dd/MM/yyyy'), TO_DATE('24/10/2002', 'dd/MM/yyyy'), 122.0, 57.35, 817.8, 966.85, 0.0, 1964.0, false);
INSERT INTO t_vat_revenue (vtr_id, drv_id, vat_id, vtr_amount, vtr_value) VALUES (427, 214, 1, 1964.0, 321.85956);
INSERT INTO t_vat_revenue (vtr_id, drv_id, vat_id, vtr_amount, vtr_value) VALUES (428, 214, 2, 0, 0);
INSERT INTO t_day_revenue (drv_id, drv_revenue_date, drv_print_date, drv_closing_date, drv_cash, drv_ticket, drv_cheque, drv_card, drv_unpaid, drv_amount, drv_takeaway) VALUES (215, TO_DATE('20/10/2002', 'dd/MM/yyyy'), TO_DATE('24/10/2002', 'dd/MM/yyyy'), TO_DATE('24/10/2002', 'dd/MM/yyyy'), 0.0, 0.0, 0.0, 68.0, 0.0, 68.0, true);
INSERT INTO t_vat_revenue (vtr_id, drv_id, vat_id, vtr_amount, vtr_value) VALUES (429, 215, 1, 0, 0);
INSERT INTO t_vat_revenue (vtr_id, drv_id, vat_id, vtr_amount, vtr_value) VALUES (430, 215, 2, 68.0, 3.5450237);
INSERT INTO t_day_revenue (drv_id, drv_revenue_date, drv_print_date, drv_closing_date, drv_cash, drv_ticket, drv_cheque, drv_card, drv_unpaid, drv_amount, drv_takeaway) VALUES (216, TO_DATE('20/10/2002', 'dd/MM/yyyy'), TO_DATE('24/10/2002', 'dd/MM/yyyy'), TO_DATE('24/10/2002', 'dd/MM/yyyy'), 15.5, 7.5, 372.5, 1016.5, 0.0, 1412.0, false);
INSERT INTO t_vat_revenue (vtr_id, drv_id, vat_id, vtr_amount, vtr_value) VALUES (431, 216, 1, 1412.0, 231.39801);
INSERT INTO t_vat_revenue (vtr_id, drv_id, vat_id, vtr_amount, vtr_value) VALUES (432, 216, 2, 0, 0);
INSERT INTO t_day_revenue (drv_id, drv_revenue_date, drv_print_date, drv_closing_date, drv_cash, drv_ticket, drv_cheque, drv_card, drv_unpaid, drv_amount, drv_takeaway) VALUES (217, TO_DATE('21/10/2002', 'dd/MM/yyyy'), TO_DATE('24/10/2002', 'dd/MM/yyyy'), TO_DATE('24/10/2002', 'dd/MM/yyyy'), 0.0, 0.0, 0.0, 0.0, 0.0, 0.0, true);
INSERT INTO t_vat_revenue (vtr_id, drv_id, vat_id, vtr_amount, vtr_value) VALUES (433, 217, 1, 0, 0);
INSERT INTO t_vat_revenue (vtr_id, drv_id, vat_id, vtr_amount, vtr_value) VALUES (434, 217, 2, 0.0, 0.0);
INSERT INTO t_day_revenue (drv_id, drv_revenue_date, drv_print_date, drv_closing_date, drv_cash, drv_ticket, drv_cheque, drv_card, drv_unpaid, drv_amount, drv_takeaway) VALUES (218, TO_DATE('21/10/2002', 'dd/MM/yyyy'), TO_DATE('24/10/2002', 'dd/MM/yyyy'), TO_DATE('24/10/2002', 'dd/MM/yyyy'), 0.0, 45.5, 333.0, 402.5, 0.0, 781.0, false);
INSERT INTO t_vat_revenue (vtr_id, drv_id, vat_id, vtr_amount, vtr_value) VALUES (435, 218, 1, 781.0, 127.989975);
INSERT INTO t_vat_revenue (vtr_id, drv_id, vat_id, vtr_amount, vtr_value) VALUES (436, 218, 2, 0, 0);
INSERT INTO t_day_revenue (drv_id, drv_revenue_date, drv_print_date, drv_closing_date, drv_cash, drv_ticket, drv_cheque, drv_card, drv_unpaid, drv_amount, drv_takeaway) VALUES (219, TO_DATE('22/10/2002', 'dd/MM/yyyy'), TO_DATE('24/10/2002', 'dd/MM/yyyy'), TO_DATE('24/10/2002', 'dd/MM/yyyy'), 0.0, 0.0, 0.0, 105.5, 0.0, 105.5, true);
INSERT INTO t_vat_revenue (vtr_id, drv_id, vat_id, vtr_amount, vtr_value) VALUES (437, 219, 1, 0, 0);
INSERT INTO t_vat_revenue (vtr_id, drv_id, vat_id, vtr_amount, vtr_value) VALUES (438, 219, 2, 105.5, 5.5);
INSERT INTO t_day_revenue (drv_id, drv_revenue_date, drv_print_date, drv_closing_date, drv_cash, drv_ticket, drv_cheque, drv_card, drv_unpaid, drv_amount, drv_takeaway) VALUES (220, TO_DATE('22/10/2002', 'dd/MM/yyyy'), TO_DATE('24/10/2002', 'dd/MM/yyyy'), TO_DATE('24/10/2002', 'dd/MM/yyyy'), 13.2, 13.8, 193.0, 396.0, 0.0, 616.0, false);
INSERT INTO t_vat_revenue (vtr_id, drv_id, vat_id, vtr_amount, vtr_value) VALUES (439, 220, 1, 616.0, 100.94984);
INSERT INTO t_vat_revenue (vtr_id, drv_id, vat_id, vtr_amount, vtr_value) VALUES (440, 220, 2, 0, 0);
INSERT INTO t_day_revenue (drv_id, drv_revenue_date, drv_print_date, drv_closing_date, drv_cash, drv_ticket, drv_cheque, drv_card, drv_unpaid, drv_amount, drv_takeaway) VALUES (221, TO_DATE('23/10/2002', 'dd/MM/yyyy'), TO_DATE('24/10/2002', 'dd/MM/yyyy'), TO_DATE('24/10/2002', 'dd/MM/yyyy'), 7.8, 0.0, 64.2, 291.5, 0.0, 363.5, true);
INSERT INTO t_vat_revenue (vtr_id, drv_id, vat_id, vtr_amount, vtr_value) VALUES (441, 221, 1, 0, 0);
INSERT INTO t_vat_revenue (vtr_id, drv_id, vat_id, vtr_amount, vtr_value) VALUES (442, 221, 2, 363.5, 18.950237);
INSERT INTO t_day_revenue (drv_id, drv_revenue_date, drv_print_date, drv_closing_date, drv_cash, drv_ticket, drv_cheque, drv_card, drv_unpaid, drv_amount, drv_takeaway) VALUES (222, TO_DATE('23/10/2002', 'dd/MM/yyyy'), TO_DATE('24/10/2002', 'dd/MM/yyyy'), TO_DATE('24/10/2002', 'dd/MM/yyyy'), 9.5, 27.44, 100.5, 710.73, 0.0, 848.17, false);
INSERT INTO t_vat_revenue (vtr_id, drv_id, vat_id, vtr_amount, vtr_value) VALUES (443, 222, 1, 848.17, 138.99777);
INSERT INTO t_vat_revenue (vtr_id, drv_id, vat_id, vtr_amount, vtr_value) VALUES (444, 222, 2, 0, 0);
INSERT INTO t_day_revenue (drv_id, drv_revenue_date, drv_print_date, drv_closing_date, drv_cash, drv_ticket, drv_cheque, drv_card, drv_unpaid, drv_amount, drv_takeaway) VALUES (223, TO_DATE('24/10/2002', 'dd/MM/yyyy'), TO_DATE('31/10/2002', 'dd/MM/yyyy'), TO_DATE('31/10/2002', 'dd/MM/yyyy'), 0.0, 0.0, 0.0, 24.5, 0.0, 24.5, true);
INSERT INTO t_vat_revenue (vtr_id, drv_id, vat_id, vtr_amount, vtr_value) VALUES (445, 223, 1, 0, 0);
INSERT INTO t_vat_revenue (vtr_id, drv_id, vat_id, vtr_amount, vtr_value) VALUES (446, 223, 2, 24.5, 1.2772512);
INSERT INTO t_day_revenue (drv_id, drv_revenue_date, drv_print_date, drv_closing_date, drv_cash, drv_ticket, drv_cheque, drv_card, drv_unpaid, drv_amount, drv_takeaway) VALUES (224, TO_DATE('24/10/2002', 'dd/MM/yyyy'), TO_DATE('31/10/2002', 'dd/MM/yyyy'), TO_DATE('31/10/2002', 'dd/MM/yyyy'), 37.0, 55.0, 273.5, 971.0, 0.0, 1336.5, false);
INSERT INTO t_vat_revenue (vtr_id, drv_id, vat_id, vtr_amount, vtr_value) VALUES (447, 224, 1, 1336.5, 219.02509);
INSERT INTO t_vat_revenue (vtr_id, drv_id, vat_id, vtr_amount, vtr_value) VALUES (448, 224, 2, 0, 0);
INSERT INTO t_day_revenue (drv_id, drv_revenue_date, drv_print_date, drv_closing_date, drv_cash, drv_ticket, drv_cheque, drv_card, drv_unpaid, drv_amount, drv_takeaway) VALUES (225, TO_DATE('25/10/2002', 'dd/MM/yyyy'), TO_DATE('31/10/2002', 'dd/MM/yyyy'), TO_DATE('31/10/2002', 'dd/MM/yyyy'), 0.0, 0.0, 131.5, 94.0, 0.0, 225.5, true);
INSERT INTO t_vat_revenue (vtr_id, drv_id, vat_id, vtr_amount, vtr_value) VALUES (449, 225, 1, 0, 0);
INSERT INTO t_vat_revenue (vtr_id, drv_id, vat_id, vtr_amount, vtr_value) VALUES (450, 225, 2, 225.5, 11.755924);
INSERT INTO t_day_revenue (drv_id, drv_revenue_date, drv_print_date, drv_closing_date, drv_cash, drv_ticket, drv_cheque, drv_card, drv_unpaid, drv_amount, drv_takeaway) VALUES (226, TO_DATE('25/10/2002', 'dd/MM/yyyy'), TO_DATE('31/10/2002', 'dd/MM/yyyy'), TO_DATE('31/10/2002', 'dd/MM/yyyy'), 11.05, 39.2, 549.25, 1331.5, 0.0, 1931.0, false);
INSERT INTO t_vat_revenue (vtr_id, drv_id, vat_id, vtr_amount, vtr_value) VALUES (451, 226, 1, 1931.0, 316.4515);
INSERT INTO t_vat_revenue (vtr_id, drv_id, vat_id, vtr_amount, vtr_value) VALUES (452, 226, 2, 0, 0);
INSERT INTO t_day_revenue (drv_id, drv_revenue_date, drv_print_date, drv_closing_date, drv_cash, drv_ticket, drv_cheque, drv_card, drv_unpaid, drv_amount, drv_takeaway) VALUES (227, TO_DATE('26/10/2002', 'dd/MM/yyyy'), TO_DATE('31/10/2002', 'dd/MM/yyyy'), TO_DATE('31/10/2002', 'dd/MM/yyyy'), 0.0, 0.0, 0.0, 149.0, 0.0, 149.0, true);
INSERT INTO t_vat_revenue (vtr_id, drv_id, vat_id, vtr_amount, vtr_value) VALUES (453, 227, 1, 0, 0);
INSERT INTO t_vat_revenue (vtr_id, drv_id, vat_id, vtr_amount, vtr_value) VALUES (454, 227, 2, 149.0, 7.7677727);
INSERT INTO t_day_revenue (drv_id, drv_revenue_date, drv_print_date, drv_closing_date, drv_cash, drv_ticket, drv_cheque, drv_card, drv_unpaid, drv_amount, drv_takeaway) VALUES (228, TO_DATE('26/10/2002', 'dd/MM/yyyy'), TO_DATE('31/10/2002', 'dd/MM/yyyy'), TO_DATE('31/10/2002', 'dd/MM/yyyy'), 32.86, 86.5, 656.15, 1143.49, 0.0, 1919.0, false);
INSERT INTO t_vat_revenue (vtr_id, drv_id, vat_id, vtr_amount, vtr_value) VALUES (455, 228, 1, 1919.0, 314.485);
INSERT INTO t_vat_revenue (vtr_id, drv_id, vat_id, vtr_amount, vtr_value) VALUES (456, 228, 2, 0, 0);
INSERT INTO t_day_revenue (drv_id, drv_revenue_date, drv_print_date, drv_closing_date, drv_cash, drv_ticket, drv_cheque, drv_card, drv_unpaid, drv_amount, drv_takeaway) VALUES (229, TO_DATE('27/10/2002', 'dd/MM/yyyy'), TO_DATE('31/10/2002', 'dd/MM/yyyy'), TO_DATE('31/10/2002', 'dd/MM/yyyy'), 0.0, 0.0, 0.0, 22.0, 0.0, 22.0, true);
INSERT INTO t_vat_revenue (vtr_id, drv_id, vat_id, vtr_amount, vtr_value) VALUES (457, 229, 1, 0, 0);
INSERT INTO t_vat_revenue (vtr_id, drv_id, vat_id, vtr_amount, vtr_value) VALUES (458, 229, 2, 22.0, 1.1469195);
INSERT INTO t_day_revenue (drv_id, drv_revenue_date, drv_print_date, drv_closing_date, drv_cash, drv_ticket, drv_cheque, drv_card, drv_unpaid, drv_amount, drv_takeaway) VALUES (230, TO_DATE('27/10/2002', 'dd/MM/yyyy'), TO_DATE('31/10/2002', 'dd/MM/yyyy'), TO_DATE('31/10/2002', 'dd/MM/yyyy'), 24.0, 14.0, 746.5, 1064.5, 0.0, 1849.0, false);
INSERT INTO t_vat_revenue (vtr_id, drv_id, vat_id, vtr_amount, vtr_value) VALUES (459, 230, 1, 1849.0, 303.0134);
INSERT INTO t_vat_revenue (vtr_id, drv_id, vat_id, vtr_amount, vtr_value) VALUES (460, 230, 2, 0, 0);
INSERT INTO t_day_revenue (drv_id, drv_revenue_date, drv_print_date, drv_closing_date, drv_cash, drv_ticket, drv_cheque, drv_card, drv_unpaid, drv_amount, drv_takeaway) VALUES (231, TO_DATE('28/10/2002', 'dd/MM/yyyy'), TO_DATE('31/10/2002', 'dd/MM/yyyy'), TO_DATE('31/10/2002', 'dd/MM/yyyy'), 0.0, 0.0, 0.0, 38.0, 0.0, 38.0, true);
INSERT INTO t_vat_revenue (vtr_id, drv_id, vat_id, vtr_amount, vtr_value) VALUES (461, 231, 1, 0, 0);
INSERT INTO t_vat_revenue (vtr_id, drv_id, vat_id, vtr_amount, vtr_value) VALUES (462, 231, 2, 38.0, 1.9810426);
INSERT INTO t_day_revenue (drv_id, drv_revenue_date, drv_print_date, drv_closing_date, drv_cash, drv_ticket, drv_cheque, drv_card, drv_unpaid, drv_amount, drv_takeaway) VALUES (232, TO_DATE('28/10/2002', 'dd/MM/yyyy'), TO_DATE('31/10/2002', 'dd/MM/yyyy'), TO_DATE('31/10/2002', 'dd/MM/yyyy'), 0.0, 14.5, 60.5, 551.5, 0.0, 626.5, false);
INSERT INTO t_vat_revenue (vtr_id, drv_id, vat_id, vtr_amount, vtr_value) VALUES (463, 232, 1, 626.5, 102.67057);
INSERT INTO t_vat_revenue (vtr_id, drv_id, vat_id, vtr_amount, vtr_value) VALUES (464, 232, 2, 0, 0);
INSERT INTO t_day_revenue (drv_id, drv_revenue_date, drv_print_date, drv_closing_date, drv_cash, drv_ticket, drv_cheque, drv_card, drv_unpaid, drv_amount, drv_takeaway) VALUES (233, TO_DATE('29/10/2002', 'dd/MM/yyyy'), TO_DATE('31/10/2002', 'dd/MM/yyyy'), TO_DATE('31/10/2002', 'dd/MM/yyyy'), 0.0, 0.0, 0.0, 124.5, 0.0, 124.5, true);
INSERT INTO t_vat_revenue (vtr_id, drv_id, vat_id, vtr_amount, vtr_value) VALUES (465, 233, 1, 0, 0);
INSERT INTO t_vat_revenue (vtr_id, drv_id, vat_id, vtr_amount, vtr_value) VALUES (466, 233, 2, 124.5, 6.4905214);
INSERT INTO t_day_revenue (drv_id, drv_revenue_date, drv_print_date, drv_closing_date, drv_cash, drv_ticket, drv_cheque, drv_card, drv_unpaid, drv_amount, drv_takeaway) VALUES (234, TO_DATE('29/10/2002', 'dd/MM/yyyy'), TO_DATE('31/10/2002', 'dd/MM/yyyy'), TO_DATE('31/10/2002', 'dd/MM/yyyy'), 7.2, 18.3, 247.5, 861.0, 0.0, 1134.0, false);
INSERT INTO t_vat_revenue (vtr_id, drv_id, vat_id, vtr_amount, vtr_value) VALUES (467, 234, 1, 1134.0, 185.83948);
INSERT INTO t_vat_revenue (vtr_id, drv_id, vat_id, vtr_amount, vtr_value) VALUES (468, 234, 2, 0, 0);
INSERT INTO t_day_revenue (drv_id, drv_revenue_date, drv_print_date, drv_closing_date, drv_cash, drv_ticket, drv_cheque, drv_card, drv_unpaid, drv_amount, drv_takeaway) VALUES (235, TO_DATE('30/10/2002', 'dd/MM/yyyy'), TO_DATE('31/10/2002', 'dd/MM/yyyy'), TO_DATE('06/05/2003', 'dd/MM/yyyy'), 0.0, 0.0, 0.0, 154.0, 0.0, 154.0, true);
INSERT INTO t_vat_revenue (vtr_id, drv_id, vat_id, vtr_amount, vtr_value) VALUES (469, 235, 1, 0, 0);
INSERT INTO t_vat_revenue (vtr_id, drv_id, vat_id, vtr_amount, vtr_value) VALUES (470, 235, 2, 154.0, 8.028436);
INSERT INTO t_day_revenue (drv_id, drv_revenue_date, drv_print_date, drv_closing_date, drv_cash, drv_ticket, drv_cheque, drv_card, drv_unpaid, drv_amount, drv_takeaway) VALUES (236, TO_DATE('30/10/2002', 'dd/MM/yyyy'), TO_DATE('31/10/2002', 'dd/MM/yyyy'), TO_DATE('06/05/2003', 'dd/MM/yyyy'), 49.5, 48.15, 333.7, 571.15, 0.0, 1002.5, false);
INSERT INTO t_vat_revenue (vtr_id, drv_id, vat_id, vtr_amount, vtr_value) VALUES (471, 236, 1, 1002.5, 164.2893);
INSERT INTO t_vat_revenue (vtr_id, drv_id, vat_id, vtr_amount, vtr_value) VALUES (472, 236, 2, 0, 0);
INSERT INTO t_day_revenue (drv_id, drv_revenue_date, drv_print_date, drv_closing_date, drv_cash, drv_ticket, drv_cheque, drv_card, drv_unpaid, drv_amount, drv_takeaway) VALUES (237, TO_DATE('31/10/2002', 'dd/MM/yyyy'), TO_DATE('05/11/2002', 'dd/MM/yyyy'), TO_DATE('05/11/2002', 'dd/MM/yyyy'), 0.0, 0.0, 0.0, 32.0, 0.0, 32.0, true);
INSERT INTO t_vat_revenue (vtr_id, drv_id, vat_id, vtr_amount, vtr_value) VALUES (473, 237, 1, 0, 0);
INSERT INTO t_vat_revenue (vtr_id, drv_id, vat_id, vtr_amount, vtr_value) VALUES (474, 237, 2, 32.0, 1.6682464);
INSERT INTO t_day_revenue (drv_id, drv_revenue_date, drv_print_date, drv_closing_date, drv_cash, drv_ticket, drv_cheque, drv_card, drv_unpaid, drv_amount, drv_takeaway) VALUES (238, TO_DATE('31/10/2002', 'dd/MM/yyyy'), TO_DATE('05/11/2002', 'dd/MM/yyyy'), TO_DATE('05/11/2002', 'dd/MM/yyyy'), 108.02, 9.15, 586.33, 1286.0, 0.0, 1989.5, false);
INSERT INTO t_vat_revenue (vtr_id, drv_id, vat_id, vtr_amount, vtr_value) VALUES (475, 238, 1, 1989.5, 326.03845);
INSERT INTO t_vat_revenue (vtr_id, drv_id, vat_id, vtr_amount, vtr_value) VALUES (476, 238, 2, 0, 0);
INSERT INTO t_day_revenue (drv_id, drv_revenue_date, drv_print_date, drv_closing_date, drv_cash, drv_ticket, drv_cheque, drv_card, drv_unpaid, drv_amount, drv_takeaway) VALUES (239, TO_DATE('01/11/2002', 'dd/MM/yyyy'), TO_DATE('05/11/2002', 'dd/MM/yyyy'), TO_DATE('05/11/2002', 'dd/MM/yyyy'), 0.0, 0.0, 0.0, 70.0, 0.0, 70.0, true);
INSERT INTO t_vat_revenue (vtr_id, drv_id, vat_id, vtr_amount, vtr_value) VALUES (477, 239, 1, 0, 0);
INSERT INTO t_vat_revenue (vtr_id, drv_id, vat_id, vtr_amount, vtr_value) VALUES (478, 239, 2, 70.0, 3.6492891);
INSERT INTO t_day_revenue (drv_id, drv_revenue_date, drv_print_date, drv_closing_date, drv_cash, drv_ticket, drv_cheque, drv_card, drv_unpaid, drv_amount, drv_takeaway) VALUES (240, TO_DATE('01/11/2002', 'dd/MM/yyyy'), TO_DATE('05/11/2002', 'dd/MM/yyyy'), TO_DATE('05/11/2002', 'dd/MM/yyyy'), 14.5, 0.0, 235.0, 984.0, 0.0, 1233.5, false);
INSERT INTO t_vat_revenue (vtr_id, drv_id, vat_id, vtr_amount, vtr_value) VALUES (479, 240, 1, 1233.5, 202.14548);
INSERT INTO t_vat_revenue (vtr_id, drv_id, vat_id, vtr_amount, vtr_value) VALUES (480, 240, 2, 0, 0);
INSERT INTO t_day_revenue (drv_id, drv_revenue_date, drv_print_date, drv_closing_date, drv_cash, drv_ticket, drv_cheque, drv_card, drv_unpaid, drv_amount, drv_takeaway) VALUES (241, TO_DATE('02/11/2002', 'dd/MM/yyyy'), TO_DATE('05/11/2002', 'dd/MM/yyyy'), TO_DATE('05/11/2002', 'dd/MM/yyyy'), 0.0, 0.0, 32.5, 117.0, 0.0, 149.5, true);
INSERT INTO t_vat_revenue (vtr_id, drv_id, vat_id, vtr_amount, vtr_value) VALUES (481, 241, 1, 0, 0);
INSERT INTO t_vat_revenue (vtr_id, drv_id, vat_id, vtr_amount, vtr_value) VALUES (482, 241, 2, 149.5, 7.793839);
INSERT INTO t_day_revenue (drv_id, drv_revenue_date, drv_print_date, drv_closing_date, drv_cash, drv_ticket, drv_cheque, drv_card, drv_unpaid, drv_amount, drv_takeaway) VALUES (242, TO_DATE('02/11/2002', 'dd/MM/yyyy'), TO_DATE('05/11/2002', 'dd/MM/yyyy'), TO_DATE('05/11/2002', 'dd/MM/yyyy'), 14.5, 7.0, 428.5, 1366.5, 0.0, 1816.5, false);
INSERT INTO t_vat_revenue (vtr_id, drv_id, vat_id, vtr_amount, vtr_value) VALUES (483, 242, 1, 1816.5, 297.68732);
INSERT INTO t_vat_revenue (vtr_id, drv_id, vat_id, vtr_amount, vtr_value) VALUES (484, 242, 2, 0, 0);
INSERT INTO t_day_revenue (drv_id, drv_revenue_date, drv_print_date, drv_closing_date, drv_cash, drv_ticket, drv_cheque, drv_card, drv_unpaid, drv_amount, drv_takeaway) VALUES (243, TO_DATE('03/11/2002', 'dd/MM/yyyy'), TO_DATE('05/11/2002', 'dd/MM/yyyy'), TO_DATE('05/11/2002', 'dd/MM/yyyy'), 0.0, 0.0, 71.0, 200.0, 0.0, 271.0, true);
INSERT INTO t_vat_revenue (vtr_id, drv_id, vat_id, vtr_amount, vtr_value) VALUES (485, 243, 1, 0, 0);
INSERT INTO t_vat_revenue (vtr_id, drv_id, vat_id, vtr_amount, vtr_value) VALUES (486, 243, 2, 271.0, 14.127962);
INSERT INTO t_day_revenue (drv_id, drv_revenue_date, drv_print_date, drv_closing_date, drv_cash, drv_ticket, drv_cheque, drv_card, drv_unpaid, drv_amount, drv_takeaway) VALUES (244, TO_DATE('03/11/2002', 'dd/MM/yyyy'), TO_DATE('05/11/2002', 'dd/MM/yyyy'), TO_DATE('05/11/2002', 'dd/MM/yyyy'), 16.0, 7.0, 213.0, 739.0, 0.0, 975.0, false);
INSERT INTO t_vat_revenue (vtr_id, drv_id, vat_id, vtr_amount, vtr_value) VALUES (487, 244, 1, 975.0, 159.78261);
INSERT INTO t_vat_revenue (vtr_id, drv_id, vat_id, vtr_amount, vtr_value) VALUES (488, 244, 2, 0, 0);
INSERT INTO t_day_revenue (drv_id, drv_revenue_date, drv_print_date, drv_closing_date, drv_cash, drv_ticket, drv_cheque, drv_card, drv_unpaid, drv_amount, drv_takeaway) VALUES (245, TO_DATE('04/11/2002', 'dd/MM/yyyy'), TO_DATE('05/11/2002', 'dd/MM/yyyy'), TO_DATE('05/11/2002', 'dd/MM/yyyy'), 0.0, 0.0, 0.0, 20.0, 0.0, 20.0, true);
INSERT INTO t_vat_revenue (vtr_id, drv_id, vat_id, vtr_amount, vtr_value) VALUES (489, 245, 1, 0, 0);
INSERT INTO t_vat_revenue (vtr_id, drv_id, vat_id, vtr_amount, vtr_value) VALUES (490, 245, 2, 20.0, 1.042654);
INSERT INTO t_day_revenue (drv_id, drv_revenue_date, drv_print_date, drv_closing_date, drv_cash, drv_ticket, drv_cheque, drv_card, drv_unpaid, drv_amount, drv_takeaway) VALUES (246, TO_DATE('04/11/2002', 'dd/MM/yyyy'), TO_DATE('05/11/2002', 'dd/MM/yyyy'), TO_DATE('05/11/2002', 'dd/MM/yyyy'), 6.0, 25.5, 307.0, 473.5, 0.0, 812.0, false);
INSERT INTO t_vat_revenue (vtr_id, drv_id, vat_id, vtr_amount, vtr_value) VALUES (491, 246, 1, 812.0, 133.07024);
INSERT INTO t_vat_revenue (vtr_id, drv_id, vat_id, vtr_amount, vtr_value) VALUES (492, 246, 2, 0, 0);
INSERT INTO t_day_revenue (drv_id, drv_revenue_date, drv_print_date, drv_closing_date, drv_cash, drv_ticket, drv_cheque, drv_card, drv_unpaid, drv_amount, drv_takeaway) VALUES (247, TO_DATE('05/11/2002', 'dd/MM/yyyy'), TO_DATE('14/11/2002', 'dd/MM/yyyy'), TO_DATE('14/11/2002', 'dd/MM/yyyy'), 11.5, 0.0, 0.0, 0.0, 0.0, 11.5, true);
INSERT INTO t_vat_revenue (vtr_id, drv_id, vat_id, vtr_amount, vtr_value) VALUES (493, 247, 1, 0, 0);
INSERT INTO t_vat_revenue (vtr_id, drv_id, vat_id, vtr_amount, vtr_value) VALUES (494, 247, 2, 11.5, 0.59952605);
INSERT INTO t_day_revenue (drv_id, drv_revenue_date, drv_print_date, drv_closing_date, drv_cash, drv_ticket, drv_cheque, drv_card, drv_unpaid, drv_amount, drv_takeaway) VALUES (248, TO_DATE('05/11/2002', 'dd/MM/yyyy'), TO_DATE('14/11/2002', 'dd/MM/yyyy'), TO_DATE('14/11/2002', 'dd/MM/yyyy'), 1.7, 27.3, 215.0, 681.5, 0.0, 925.5, false);
INSERT INTO t_vat_revenue (vtr_id, drv_id, vat_id, vtr_amount, vtr_value) VALUES (495, 248, 1, 925.5, 151.67058);
INSERT INTO t_vat_revenue (vtr_id, drv_id, vat_id, vtr_amount, vtr_value) VALUES (496, 248, 2, 0, 0);
INSERT INTO t_day_revenue (drv_id, drv_revenue_date, drv_print_date, drv_closing_date, drv_cash, drv_ticket, drv_cheque, drv_card, drv_unpaid, drv_amount, drv_takeaway) VALUES (249, TO_DATE('06/11/2002', 'dd/MM/yyyy'), TO_DATE('14/11/2002', 'dd/MM/yyyy'), TO_DATE('14/11/2002', 'dd/MM/yyyy'), 0.0, 0.0, 0.0, 173.5, 0.0, 173.5, true);
INSERT INTO t_vat_revenue (vtr_id, drv_id, vat_id, vtr_amount, vtr_value) VALUES (497, 249, 1, 0, 0);
INSERT INTO t_vat_revenue (vtr_id, drv_id, vat_id, vtr_amount, vtr_value) VALUES (498, 249, 2, 173.5, 9.045024);
INSERT INTO t_day_revenue (drv_id, drv_revenue_date, drv_print_date, drv_closing_date, drv_cash, drv_ticket, drv_cheque, drv_card, drv_unpaid, drv_amount, drv_takeaway) VALUES (250, TO_DATE('06/11/2002', 'dd/MM/yyyy'), TO_DATE('14/11/2002', 'dd/MM/yyyy'), TO_DATE('14/11/2002', 'dd/MM/yyyy'), 12.0, 0.0, 38.5, 583.0, 0.0, 633.5, false);
INSERT INTO t_vat_revenue (vtr_id, drv_id, vat_id, vtr_amount, vtr_value) VALUES (499, 250, 1, 633.5, 103.81773);
INSERT INTO t_vat_revenue (vtr_id, drv_id, vat_id, vtr_amount, vtr_value) VALUES (500, 250, 2, 0, 0);
INSERT INTO t_day_revenue (drv_id, drv_revenue_date, drv_print_date, drv_closing_date, drv_cash, drv_ticket, drv_cheque, drv_card, drv_unpaid, drv_amount, drv_takeaway) VALUES (251, TO_DATE('07/11/2002', 'dd/MM/yyyy'), TO_DATE('14/11/2002', 'dd/MM/yyyy'), TO_DATE('14/11/2002', 'dd/MM/yyyy'), 0.0, 0.0, 0.0, 67.0, 0.0, 67.0, true);
INSERT INTO t_vat_revenue (vtr_id, drv_id, vat_id, vtr_amount, vtr_value) VALUES (501, 251, 1, 0, 0);
INSERT INTO t_vat_revenue (vtr_id, drv_id, vat_id, vtr_amount, vtr_value) VALUES (502, 251, 2, 67.0, 3.492891);
INSERT INTO t_day_revenue (drv_id, drv_revenue_date, drv_print_date, drv_closing_date, drv_cash, drv_ticket, drv_cheque, drv_card, drv_unpaid, drv_amount, drv_takeaway) VALUES (252, TO_DATE('07/11/2002', 'dd/MM/yyyy'), TO_DATE('14/11/2002', 'dd/MM/yyyy'), TO_DATE('14/11/2002', 'dd/MM/yyyy'), 25.26, 13.8, 312.44, 351.5, 0.0, 703.0, false);
INSERT INTO t_vat_revenue (vtr_id, drv_id, vat_id, vtr_amount, vtr_value) VALUES (503, 252, 1, 703.0, 115.20736);
INSERT INTO t_vat_revenue (vtr_id, drv_id, vat_id, vtr_amount, vtr_value) VALUES (504, 252, 2, 0, 0);
INSERT INTO t_day_revenue (drv_id, drv_revenue_date, drv_print_date, drv_closing_date, drv_cash, drv_ticket, drv_cheque, drv_card, drv_unpaid, drv_amount, drv_takeaway) VALUES (253, TO_DATE('08/11/2002', 'dd/MM/yyyy'), TO_DATE('14/11/2002', 'dd/MM/yyyy'), TO_DATE('14/11/2002', 'dd/MM/yyyy'), 0.0, 0.0, 0.0, 93.0, 0.0, 93.0, true);
INSERT INTO t_vat_revenue (vtr_id, drv_id, vat_id, vtr_amount, vtr_value) VALUES (505, 253, 1, 0, 0);
INSERT INTO t_vat_revenue (vtr_id, drv_id, vat_id, vtr_amount, vtr_value) VALUES (506, 253, 2, 93.0, 4.8483415);
INSERT INTO t_day_revenue (drv_id, drv_revenue_date, drv_print_date, drv_closing_date, drv_cash, drv_ticket, drv_cheque, drv_card, drv_unpaid, drv_amount, drv_takeaway) VALUES (254, TO_DATE('08/11/2002', 'dd/MM/yyyy'), TO_DATE('14/11/2002', 'dd/MM/yyyy'), TO_DATE('14/11/2002', 'dd/MM/yyyy'), 128.5, 14.5, 534.0, 783.5, 0.0, 1460.5, false);
INSERT INTO t_vat_revenue (vtr_id, drv_id, vat_id, vtr_amount, vtr_value) VALUES (507, 254, 1, 1460.5, 239.34616);
INSERT INTO t_vat_revenue (vtr_id, drv_id, vat_id, vtr_amount, vtr_value) VALUES (508, 254, 2, 0, 0);
INSERT INTO t_day_revenue (drv_id, drv_revenue_date, drv_print_date, drv_closing_date, drv_cash, drv_ticket, drv_cheque, drv_card, drv_unpaid, drv_amount, drv_takeaway) VALUES (255, TO_DATE('09/11/2002', 'dd/MM/yyyy'), TO_DATE('14/11/2002', 'dd/MM/yyyy'), TO_DATE('14/11/2002', 'dd/MM/yyyy'), 0.0, 0.0, 16.0, 108.5, 0.0, 124.5, true);
INSERT INTO t_vat_revenue (vtr_id, drv_id, vat_id, vtr_amount, vtr_value) VALUES (509, 255, 1, 0, 0);
INSERT INTO t_vat_revenue (vtr_id, drv_id, vat_id, vtr_amount, vtr_value) VALUES (510, 255, 2, 124.5, 6.4905214);
INSERT INTO t_day_revenue (drv_id, drv_revenue_date, drv_print_date, drv_closing_date, drv_cash, drv_ticket, drv_cheque, drv_card, drv_unpaid, drv_amount, drv_takeaway) VALUES (256, TO_DATE('09/11/2002', 'dd/MM/yyyy'), TO_DATE('14/11/2002', 'dd/MM/yyyy'), TO_DATE('14/11/2002', 'dd/MM/yyyy'), 32.5, 44.61, 140.5, 1351.89, 0.0, 1569.5, false);
INSERT INTO t_vat_revenue (vtr_id, drv_id, vat_id, vtr_amount, vtr_value) VALUES (511, 256, 1, 1569.5, 257.20905);
INSERT INTO t_vat_revenue (vtr_id, drv_id, vat_id, vtr_amount, vtr_value) VALUES (512, 256, 2, 0, 0);
INSERT INTO t_day_revenue (drv_id, drv_revenue_date, drv_print_date, drv_closing_date, drv_cash, drv_ticket, drv_cheque, drv_card, drv_unpaid, drv_amount, drv_takeaway) VALUES (257, TO_DATE('10/11/2002', 'dd/MM/yyyy'), TO_DATE('14/11/2002', 'dd/MM/yyyy'), TO_DATE('14/11/2002', 'dd/MM/yyyy'), 0.0, 0.0, 0.0, 214.5, 0.0, 214.5, true);
INSERT INTO t_vat_revenue (vtr_id, drv_id, vat_id, vtr_amount, vtr_value) VALUES (513, 257, 1, 0, 0);
INSERT INTO t_vat_revenue (vtr_id, drv_id, vat_id, vtr_amount, vtr_value) VALUES (514, 257, 2, 214.5, 11.182465);
INSERT INTO t_day_revenue (drv_id, drv_revenue_date, drv_print_date, drv_closing_date, drv_cash, drv_ticket, drv_cheque, drv_card, drv_unpaid, drv_amount, drv_takeaway) VALUES (258, TO_DATE('10/11/2002', 'dd/MM/yyyy'), TO_DATE('14/11/2002', 'dd/MM/yyyy'), TO_DATE('14/11/2002', 'dd/MM/yyyy'), 31.65, 43.75, 504.6, 1749.0, 0.0, 2329.0, false);
INSERT INTO t_vat_revenue (vtr_id, drv_id, vat_id, vtr_amount, vtr_value) VALUES (515, 258, 1, 2329.0, 381.6756);
INSERT INTO t_vat_revenue (vtr_id, drv_id, vat_id, vtr_amount, vtr_value) VALUES (516, 258, 2, 0, 0);
INSERT INTO t_day_revenue (drv_id, drv_revenue_date, drv_print_date, drv_closing_date, drv_cash, drv_ticket, drv_cheque, drv_card, drv_unpaid, drv_amount, drv_takeaway) VALUES (259, TO_DATE('11/11/2002', 'dd/MM/yyyy'), TO_DATE('14/11/2002', 'dd/MM/yyyy'), TO_DATE('14/11/2002', 'dd/MM/yyyy'), 0.0, 0.0, 0.0, 17.5, 0.0, 17.5, true);
INSERT INTO t_vat_revenue (vtr_id, drv_id, vat_id, vtr_amount, vtr_value) VALUES (517, 259, 1, 0, 0);
INSERT INTO t_vat_revenue (vtr_id, drv_id, vat_id, vtr_amount, vtr_value) VALUES (518, 259, 2, 17.5, 0.9123223);
INSERT INTO t_day_revenue (drv_id, drv_revenue_date, drv_print_date, drv_closing_date, drv_cash, drv_ticket, drv_cheque, drv_card, drv_unpaid, drv_amount, drv_takeaway) VALUES (260, TO_DATE('11/11/2002', 'dd/MM/yyyy'), TO_DATE('14/11/2002', 'dd/MM/yyyy'), TO_DATE('14/11/2002', 'dd/MM/yyyy'), 8.6, 24.4, 414.6, 467.9, 0.0, 915.5, false);
INSERT INTO t_vat_revenue (vtr_id, drv_id, vat_id, vtr_amount, vtr_value) VALUES (519, 260, 1, 915.5, 150.03178);
INSERT INTO t_vat_revenue (vtr_id, drv_id, vat_id, vtr_amount, vtr_value) VALUES (520, 260, 2, 0, 0);
INSERT INTO t_day_revenue (drv_id, drv_revenue_date, drv_print_date, drv_closing_date, drv_cash, drv_ticket, drv_cheque, drv_card, drv_unpaid, drv_amount, drv_takeaway) VALUES (261, TO_DATE('12/11/2002', 'dd/MM/yyyy'), TO_DATE('14/11/2002', 'dd/MM/yyyy'), TO_DATE('14/11/2002', 'dd/MM/yyyy'), 0.0, 0.0, 0.0, 29.0, 0.0, 29.0, true);
INSERT INTO t_vat_revenue (vtr_id, drv_id, vat_id, vtr_amount, vtr_value) VALUES (521, 261, 1, 0, 0);
INSERT INTO t_vat_revenue (vtr_id, drv_id, vat_id, vtr_amount, vtr_value) VALUES (522, 261, 2, 29.0, 1.5118483);
INSERT INTO t_day_revenue (drv_id, drv_revenue_date, drv_print_date, drv_closing_date, drv_cash, drv_ticket, drv_cheque, drv_card, drv_unpaid, drv_amount, drv_takeaway) VALUES (262, TO_DATE('12/11/2002', 'dd/MM/yyyy'), TO_DATE('14/11/2002', 'dd/MM/yyyy'), TO_DATE('14/11/2002', 'dd/MM/yyyy'), 49.6, 32.4, 139.5, 385.0, 0.0, 606.5, false);
INSERT INTO t_vat_revenue (vtr_id, drv_id, vat_id, vtr_amount, vtr_value) VALUES (523, 262, 1, 606.5, 99.39298);
INSERT INTO t_vat_revenue (vtr_id, drv_id, vat_id, vtr_amount, vtr_value) VALUES (524, 262, 2, 0, 0);
INSERT INTO t_day_revenue (drv_id, drv_revenue_date, drv_print_date, drv_closing_date, drv_cash, drv_ticket, drv_cheque, drv_card, drv_unpaid, drv_amount, drv_takeaway) VALUES (263, TO_DATE('13/11/2002', 'dd/MM/yyyy'), TO_DATE('14/11/2002', 'dd/MM/yyyy'), TO_DATE('06/05/2003', 'dd/MM/yyyy'), 0.0, 0.0, 12.0, 99.0, 0.0, 111.0, true);
INSERT INTO t_vat_revenue (vtr_id, drv_id, vat_id, vtr_amount, vtr_value) VALUES (525, 263, 1, 0, 0);
INSERT INTO t_vat_revenue (vtr_id, drv_id, vat_id, vtr_amount, vtr_value) VALUES (526, 263, 2, 111.0, 5.78673);
INSERT INTO t_day_revenue (drv_id, drv_revenue_date, drv_print_date, drv_closing_date, drv_cash, drv_ticket, drv_cheque, drv_card, drv_unpaid, drv_amount, drv_takeaway) VALUES (264, TO_DATE('13/11/2002', 'dd/MM/yyyy'), TO_DATE('14/11/2002', 'dd/MM/yyyy'), TO_DATE('06/05/2003', 'dd/MM/yyyy'), 11.0, 13.5, 158.5, 186.5, 0.0, 369.5, false);
INSERT INTO t_vat_revenue (vtr_id, drv_id, vat_id, vtr_amount, vtr_value) VALUES (527, 264, 1, 369.5, 60.553513);
INSERT INTO t_vat_revenue (vtr_id, drv_id, vat_id, vtr_amount, vtr_value) VALUES (528, 264, 2, 0, 0);
INSERT INTO t_day_revenue (drv_id, drv_revenue_date, drv_print_date, drv_closing_date, drv_cash, drv_ticket, drv_cheque, drv_card, drv_unpaid, drv_amount, drv_takeaway) VALUES (265, TO_DATE('14/11/2002', 'dd/MM/yyyy'), TO_DATE('28/11/2002', 'dd/MM/yyyy'), TO_DATE('28/11/2002', 'dd/MM/yyyy'), 11.5, 0.0, 0.0, 0.0, 0.0, 11.5, true);
INSERT INTO t_vat_revenue (vtr_id, drv_id, vat_id, vtr_amount, vtr_value) VALUES (529, 265, 1, 0, 0);
INSERT INTO t_vat_revenue (vtr_id, drv_id, vat_id, vtr_amount, vtr_value) VALUES (530, 265, 2, 11.5, 0.59952605);
INSERT INTO t_day_revenue (drv_id, drv_revenue_date, drv_print_date, drv_closing_date, drv_cash, drv_ticket, drv_cheque, drv_card, drv_unpaid, drv_amount, drv_takeaway) VALUES (266, TO_DATE('14/11/2002', 'dd/MM/yyyy'), TO_DATE('28/11/2002', 'dd/MM/yyyy'), TO_DATE('28/11/2002', 'dd/MM/yyyy'), 4.3, 87.25, 290.0, 734.45, 0.0, 1116.0, false);
INSERT INTO t_vat_revenue (vtr_id, drv_id, vat_id, vtr_amount, vtr_value) VALUES (531, 266, 1, 1116.0, 182.88963);
INSERT INTO t_vat_revenue (vtr_id, drv_id, vat_id, vtr_amount, vtr_value) VALUES (532, 266, 2, 0, 0);
INSERT INTO t_day_revenue (drv_id, drv_revenue_date, drv_print_date, drv_closing_date, drv_cash, drv_ticket, drv_cheque, drv_card, drv_unpaid, drv_amount, drv_takeaway) VALUES (267, TO_DATE('15/11/2002', 'dd/MM/yyyy'), TO_DATE('28/11/2002', 'dd/MM/yyyy'), TO_DATE('28/11/2002', 'dd/MM/yyyy'), 0.0, 0.0, 14.5, 38.5, 0.0, 53.0, true);
INSERT INTO t_vat_revenue (vtr_id, drv_id, vat_id, vtr_amount, vtr_value) VALUES (533, 267, 1, 0, 0);
INSERT INTO t_vat_revenue (vtr_id, drv_id, vat_id, vtr_amount, vtr_value) VALUES (534, 267, 2, 53.0, 2.7630332);
INSERT INTO t_day_revenue (drv_id, drv_revenue_date, drv_print_date, drv_closing_date, drv_cash, drv_ticket, drv_cheque, drv_card, drv_unpaid, drv_amount, drv_takeaway) VALUES (268, TO_DATE('15/11/2002', 'dd/MM/yyyy'), TO_DATE('28/11/2002', 'dd/MM/yyyy'), TO_DATE('28/11/2002', 'dd/MM/yyyy'), 20.0, 28.0, 402.5, 1448.5, 0.0, 1899.0, false);
INSERT INTO t_vat_revenue (vtr_id, drv_id, vat_id, vtr_amount, vtr_value) VALUES (535, 268, 1, 1899.0, 311.20737);
INSERT INTO t_vat_revenue (vtr_id, drv_id, vat_id, vtr_amount, vtr_value) VALUES (536, 268, 2, 0, 0);
INSERT INTO t_day_revenue (drv_id, drv_revenue_date, drv_print_date, drv_closing_date, drv_cash, drv_ticket, drv_cheque, drv_card, drv_unpaid, drv_amount, drv_takeaway) VALUES (269, TO_DATE('16/11/2002', 'dd/MM/yyyy'), TO_DATE('28/11/2002', 'dd/MM/yyyy'), TO_DATE('28/11/2002', 'dd/MM/yyyy'), 0.0, 14.02, 0.0, 147.98, 0.0, 162.0, true);
INSERT INTO t_vat_revenue (vtr_id, drv_id, vat_id, vtr_amount, vtr_value) VALUES (537, 269, 1, 0, 0);
INSERT INTO t_vat_revenue (vtr_id, drv_id, vat_id, vtr_amount, vtr_value) VALUES (538, 269, 2, 162.0, 8.4454975);
INSERT INTO t_day_revenue (drv_id, drv_revenue_date, drv_print_date, drv_closing_date, drv_cash, drv_ticket, drv_cheque, drv_card, drv_unpaid, drv_amount, drv_takeaway) VALUES (270, TO_DATE('16/11/2002', 'dd/MM/yyyy'), TO_DATE('28/11/2002', 'dd/MM/yyyy'), TO_DATE('28/11/2002', 'dd/MM/yyyy'), 15.9, 14.1, 379.0, 1133.75, 0.0, 1542.75, false);
INSERT INTO t_vat_revenue (vtr_id, drv_id, vat_id, vtr_amount, vtr_value) VALUES (539, 270, 1, 1542.75, 252.82526);
INSERT INTO t_vat_revenue (vtr_id, drv_id, vat_id, vtr_amount, vtr_value) VALUES (540, 270, 2, 0, 0);
INSERT INTO t_day_revenue (drv_id, drv_revenue_date, drv_print_date, drv_closing_date, drv_cash, drv_ticket, drv_cheque, drv_card, drv_unpaid, drv_amount, drv_takeaway) VALUES (271, TO_DATE('17/11/2002', 'dd/MM/yyyy'), TO_DATE('28/11/2002', 'dd/MM/yyyy'), TO_DATE('28/11/2002', 'dd/MM/yyyy'), 0.0, 0.0, 0.0, 36.5, 0.0, 36.5, true);
INSERT INTO t_vat_revenue (vtr_id, drv_id, vat_id, vtr_amount, vtr_value) VALUES (541, 271, 1, 0, 0);
INSERT INTO t_vat_revenue (vtr_id, drv_id, vat_id, vtr_amount, vtr_value) VALUES (542, 271, 2, 36.5, 1.9028436);
INSERT INTO t_day_revenue (drv_id, drv_revenue_date, drv_print_date, drv_closing_date, drv_cash, drv_ticket, drv_cheque, drv_card, drv_unpaid, drv_amount, drv_takeaway) VALUES (272, TO_DATE('17/11/2002', 'dd/MM/yyyy'), TO_DATE('28/11/2002', 'dd/MM/yyyy'), TO_DATE('28/11/2002', 'dd/MM/yyyy'), 0.0, 16.5, 230.5, 538.5, 0.0, 785.5, false);
INSERT INTO t_vat_revenue (vtr_id, drv_id, vat_id, vtr_amount, vtr_value) VALUES (543, 272, 1, 785.5, 128.72743);
INSERT INTO t_vat_revenue (vtr_id, drv_id, vat_id, vtr_amount, vtr_value) VALUES (544, 272, 2, 0, 0);
INSERT INTO t_day_revenue (drv_id, drv_revenue_date, drv_print_date, drv_closing_date, drv_cash, drv_ticket, drv_cheque, drv_card, drv_unpaid, drv_amount, drv_takeaway) VALUES (273, TO_DATE('18/11/2002', 'dd/MM/yyyy'), TO_DATE('28/11/2002', 'dd/MM/yyyy'), TO_DATE('28/11/2002', 'dd/MM/yyyy'), 0.0, 0.0, 0.0, 0.0, 0.0, 0.0, true);
INSERT INTO t_vat_revenue (vtr_id, drv_id, vat_id, vtr_amount, vtr_value) VALUES (545, 273, 1, 0, 0);
INSERT INTO t_vat_revenue (vtr_id, drv_id, vat_id, vtr_amount, vtr_value) VALUES (546, 273, 2, 0.0, 0.0);
INSERT INTO t_day_revenue (drv_id, drv_revenue_date, drv_print_date, drv_closing_date, drv_cash, drv_ticket, drv_cheque, drv_card, drv_unpaid, drv_amount, drv_takeaway) VALUES (274, TO_DATE('18/11/2002', 'dd/MM/yyyy'), TO_DATE('28/11/2002', 'dd/MM/yyyy'), TO_DATE('28/11/2002', 'dd/MM/yyyy'), 57.5, 0.0, 16.5, 396.0, 0.0, 470.0, false);
INSERT INTO t_vat_revenue (vtr_id, drv_id, vat_id, vtr_amount, vtr_value) VALUES (547, 274, 1, 470.0, 77.023415);
INSERT INTO t_vat_revenue (vtr_id, drv_id, vat_id, vtr_amount, vtr_value) VALUES (548, 274, 2, 0, 0);
INSERT INTO t_day_revenue (drv_id, drv_revenue_date, drv_print_date, drv_closing_date, drv_cash, drv_ticket, drv_cheque, drv_card, drv_unpaid, drv_amount, drv_takeaway) VALUES (275, TO_DATE('19/11/2002', 'dd/MM/yyyy'), TO_DATE('28/11/2002', 'dd/MM/yyyy'), TO_DATE('28/11/2002', 'dd/MM/yyyy'), 0.0, 0.0, 0.0, 0.0, 0.0, 0.0, true);
INSERT INTO t_vat_revenue (vtr_id, drv_id, vat_id, vtr_amount, vtr_value) VALUES (549, 275, 1, 0, 0);
INSERT INTO t_vat_revenue (vtr_id, drv_id, vat_id, vtr_amount, vtr_value) VALUES (550, 275, 2, 0.0, 0.0);
INSERT INTO t_day_revenue (drv_id, drv_revenue_date, drv_print_date, drv_closing_date, drv_cash, drv_ticket, drv_cheque, drv_card, drv_unpaid, drv_amount, drv_takeaway) VALUES (276, TO_DATE('19/11/2002', 'dd/MM/yyyy'), TO_DATE('28/11/2002', 'dd/MM/yyyy'), TO_DATE('28/11/2002', 'dd/MM/yyyy'), 44.0, 0.0, 244.0, 328.5, 0.0, 616.5, false);
INSERT INTO t_vat_revenue (vtr_id, drv_id, vat_id, vtr_amount, vtr_value) VALUES (551, 276, 1, 616.5, 101.03178);
INSERT INTO t_vat_revenue (vtr_id, drv_id, vat_id, vtr_amount, vtr_value) VALUES (552, 276, 2, 0, 0);
INSERT INTO t_day_revenue (drv_id, drv_revenue_date, drv_print_date, drv_closing_date, drv_cash, drv_ticket, drv_cheque, drv_card, drv_unpaid, drv_amount, drv_takeaway) VALUES (277, TO_DATE('20/11/2002', 'dd/MM/yyyy'), TO_DATE('28/11/2002', 'dd/MM/yyyy'), TO_DATE('28/11/2002', 'dd/MM/yyyy'), 0.0, 0.0, 63.5, 141.0, 0.0, 204.5, true);
INSERT INTO t_vat_revenue (vtr_id, drv_id, vat_id, vtr_amount, vtr_value) VALUES (553, 277, 1, 0, 0);
INSERT INTO t_vat_revenue (vtr_id, drv_id, vat_id, vtr_amount, vtr_value) VALUES (554, 277, 2, 204.5, 10.661138);
INSERT INTO t_day_revenue (drv_id, drv_revenue_date, drv_print_date, drv_closing_date, drv_cash, drv_ticket, drv_cheque, drv_card, drv_unpaid, drv_amount, drv_takeaway) VALUES (278, TO_DATE('20/11/2002', 'dd/MM/yyyy'), TO_DATE('28/11/2002', 'dd/MM/yyyy'), TO_DATE('28/11/2002', 'dd/MM/yyyy'), 12.0, 0.0, 38.0, 573.4, 0.0, 623.4, false);
INSERT INTO t_vat_revenue (vtr_id, drv_id, vat_id, vtr_amount, vtr_value) VALUES (555, 278, 1, 623.4, 102.16255);
INSERT INTO t_vat_revenue (vtr_id, drv_id, vat_id, vtr_amount, vtr_value) VALUES (556, 278, 2, 0, 0);
INSERT INTO t_day_revenue (drv_id, drv_revenue_date, drv_print_date, drv_closing_date, drv_cash, drv_ticket, drv_cheque, drv_card, drv_unpaid, drv_amount, drv_takeaway) VALUES (279, TO_DATE('21/11/2002', 'dd/MM/yyyy'), TO_DATE('28/11/2002', 'dd/MM/yyyy'), TO_DATE('28/11/2002', 'dd/MM/yyyy'), 0.0, 0.0, 0.0, 19.5, 0.0, 19.5, true);
INSERT INTO t_vat_revenue (vtr_id, drv_id, vat_id, vtr_amount, vtr_value) VALUES (557, 279, 1, 0, 0);
INSERT INTO t_vat_revenue (vtr_id, drv_id, vat_id, vtr_amount, vtr_value) VALUES (558, 279, 2, 19.5, 1.0165877);
INSERT INTO t_day_revenue (drv_id, drv_revenue_date, drv_print_date, drv_closing_date, drv_cash, drv_ticket, drv_cheque, drv_card, drv_unpaid, drv_amount, drv_takeaway) VALUES (280, TO_DATE('21/11/2002', 'dd/MM/yyyy'), TO_DATE('28/11/2002', 'dd/MM/yyyy'), TO_DATE('28/11/2002', 'dd/MM/yyyy'), 0.0, 0.0, 150.0, 322.0, 0.0, 472.0, false);
INSERT INTO t_vat_revenue (vtr_id, drv_id, vat_id, vtr_amount, vtr_value) VALUES (559, 280, 1, 472.0, 77.35117);
INSERT INTO t_vat_revenue (vtr_id, drv_id, vat_id, vtr_amount, vtr_value) VALUES (560, 280, 2, 0, 0);
INSERT INTO t_day_revenue (drv_id, drv_revenue_date, drv_print_date, drv_closing_date, drv_cash, drv_ticket, drv_cheque, drv_card, drv_unpaid, drv_amount, drv_takeaway) VALUES (281, TO_DATE('22/11/2002', 'dd/MM/yyyy'), TO_DATE('28/11/2002', 'dd/MM/yyyy'), TO_DATE('28/11/2002', 'dd/MM/yyyy'), 0.0, 0.0, 0.0, 176.0, 0.0, 176.0, true);
INSERT INTO t_vat_revenue (vtr_id, drv_id, vat_id, vtr_amount, vtr_value) VALUES (561, 281, 1, 0, 0);
INSERT INTO t_vat_revenue (vtr_id, drv_id, vat_id, vtr_amount, vtr_value) VALUES (562, 281, 2, 176.0, 9.175356);
INSERT INTO t_day_revenue (drv_id, drv_revenue_date, drv_print_date, drv_closing_date, drv_cash, drv_ticket, drv_cheque, drv_card, drv_unpaid, drv_amount, drv_takeaway) VALUES (282, TO_DATE('22/11/2002', 'dd/MM/yyyy'), TO_DATE('28/11/2002', 'dd/MM/yyyy'), TO_DATE('28/11/2002', 'dd/MM/yyyy'), 24.95, 24.0, 273.55, 762.5, 0.0, 1085.0, false);
INSERT INTO t_vat_revenue (vtr_id, drv_id, vat_id, vtr_amount, vtr_value) VALUES (563, 282, 1, 1085.0, 177.80937);
INSERT INTO t_vat_revenue (vtr_id, drv_id, vat_id, vtr_amount, vtr_value) VALUES (564, 282, 2, 0, 0);
INSERT INTO t_day_revenue (drv_id, drv_revenue_date, drv_print_date, drv_closing_date, drv_cash, drv_ticket, drv_cheque, drv_card, drv_unpaid, drv_amount, drv_takeaway) VALUES (283, TO_DATE('23/11/2002', 'dd/MM/yyyy'), TO_DATE('28/11/2002', 'dd/MM/yyyy'), TO_DATE('28/11/2002', 'dd/MM/yyyy'), 0.0, 7.47, 0.0, 65.03, 0.0, 72.5, true);
INSERT INTO t_vat_revenue (vtr_id, drv_id, vat_id, vtr_amount, vtr_value) VALUES (565, 283, 1, 0, 0);
INSERT INTO t_vat_revenue (vtr_id, drv_id, vat_id, vtr_amount, vtr_value) VALUES (566, 283, 2, 72.5, 3.779621);
INSERT INTO t_day_revenue (drv_id, drv_revenue_date, drv_print_date, drv_closing_date, drv_cash, drv_ticket, drv_cheque, drv_card, drv_unpaid, drv_amount, drv_takeaway) VALUES (284, TO_DATE('23/11/2002', 'dd/MM/yyyy'), TO_DATE('28/11/2002', 'dd/MM/yyyy'), TO_DATE('28/11/2002', 'dd/MM/yyyy'), 19.5, 6.25, 443.75, 788.0, 0.0, 1257.5, false);
INSERT INTO t_vat_revenue (vtr_id, drv_id, vat_id, vtr_amount, vtr_value) VALUES (567, 284, 1, 1257.5, 206.0786);
INSERT INTO t_vat_revenue (vtr_id, drv_id, vat_id, vtr_amount, vtr_value) VALUES (568, 284, 2, 0, 0);
INSERT INTO t_day_revenue (drv_id, drv_revenue_date, drv_print_date, drv_closing_date, drv_cash, drv_ticket, drv_cheque, drv_card, drv_unpaid, drv_amount, drv_takeaway) VALUES (285, TO_DATE('24/11/2002', 'dd/MM/yyyy'), TO_DATE('28/11/2002', 'dd/MM/yyyy'), TO_DATE('28/11/2002', 'dd/MM/yyyy'), 0.0, 0.0, 0.0, 25.0, 0.0, 25.0, true);
INSERT INTO t_vat_revenue (vtr_id, drv_id, vat_id, vtr_amount, vtr_value) VALUES (569, 285, 1, 0, 0);
INSERT INTO t_vat_revenue (vtr_id, drv_id, vat_id, vtr_amount, vtr_value) VALUES (570, 285, 2, 25.0, 1.3033175);
INSERT INTO t_day_revenue (drv_id, drv_revenue_date, drv_print_date, drv_closing_date, drv_cash, drv_ticket, drv_cheque, drv_card, drv_unpaid, drv_amount, drv_takeaway) VALUES (286, TO_DATE('24/11/2002', 'dd/MM/yyyy'), TO_DATE('28/11/2002', 'dd/MM/yyyy'), TO_DATE('28/11/2002', 'dd/MM/yyyy'), 29.0, 7.5, 606.0, 763.5, 0.0, 1406.0, false);
INSERT INTO t_vat_revenue (vtr_id, drv_id, vat_id, vtr_amount, vtr_value) VALUES (571, 286, 1, 1406.0, 230.41472);
INSERT INTO t_vat_revenue (vtr_id, drv_id, vat_id, vtr_amount, vtr_value) VALUES (572, 286, 2, 0, 0);
INSERT INTO t_day_revenue (drv_id, drv_revenue_date, drv_print_date, drv_closing_date, drv_cash, drv_ticket, drv_cheque, drv_card, drv_unpaid, drv_amount, drv_takeaway) VALUES (287, TO_DATE('25/11/2002', 'dd/MM/yyyy'), TO_DATE('28/11/2002', 'dd/MM/yyyy'), TO_DATE('28/11/2002', 'dd/MM/yyyy'), 0.0, 0.0, 0.0, 8.0, 0.0, 8.0, true);
INSERT INTO t_vat_revenue (vtr_id, drv_id, vat_id, vtr_amount, vtr_value) VALUES (573, 287, 1, 0, 0);
INSERT INTO t_vat_revenue (vtr_id, drv_id, vat_id, vtr_amount, vtr_value) VALUES (574, 287, 2, 8.0, 0.4170616);
INSERT INTO t_day_revenue (drv_id, drv_revenue_date, drv_print_date, drv_closing_date, drv_cash, drv_ticket, drv_cheque, drv_card, drv_unpaid, drv_amount, drv_takeaway) VALUES (288, TO_DATE('25/11/2002', 'dd/MM/yyyy'), TO_DATE('28/11/2002', 'dd/MM/yyyy'), TO_DATE('28/11/2002', 'dd/MM/yyyy'), 17.5, 21.5, 85.5, 500.0, 0.0, 624.5, false);
INSERT INTO t_vat_revenue (vtr_id, drv_id, vat_id, vtr_amount, vtr_value) VALUES (575, 288, 1, 624.5, 102.34281);
INSERT INTO t_vat_revenue (vtr_id, drv_id, vat_id, vtr_amount, vtr_value) VALUES (576, 288, 2, 0, 0);
INSERT INTO t_day_revenue (drv_id, drv_revenue_date, drv_print_date, drv_closing_date, drv_cash, drv_ticket, drv_cheque, drv_card, drv_unpaid, drv_amount, drv_takeaway) VALUES (289, TO_DATE('26/11/2002', 'dd/MM/yyyy'), TO_DATE('28/11/2002', 'dd/MM/yyyy'), TO_DATE('28/11/2002', 'dd/MM/yyyy'), 12.0, 0.0, 0.0, 101.5, 0.0, 113.5, true);
INSERT INTO t_vat_revenue (vtr_id, drv_id, vat_id, vtr_amount, vtr_value) VALUES (577, 289, 1, 0, 0);
INSERT INTO t_vat_revenue (vtr_id, drv_id, vat_id, vtr_amount, vtr_value) VALUES (578, 289, 2, 113.5, 5.917062);
INSERT INTO t_day_revenue (drv_id, drv_revenue_date, drv_print_date, drv_closing_date, drv_cash, drv_ticket, drv_cheque, drv_card, drv_unpaid, drv_amount, drv_takeaway) VALUES (290, TO_DATE('26/11/2002', 'dd/MM/yyyy'), TO_DATE('28/11/2002', 'dd/MM/yyyy'), TO_DATE('28/11/2002', 'dd/MM/yyyy'), 13.98, 16.02, 213.5, 511.5, 0.0, 755.0, false);
INSERT INTO t_vat_revenue (vtr_id, drv_id, vat_id, vtr_amount, vtr_value) VALUES (579, 290, 1, 755.0, 123.729095);
INSERT INTO t_vat_revenue (vtr_id, drv_id, vat_id, vtr_amount, vtr_value) VALUES (580, 290, 2, 0, 0);
INSERT INTO t_day_revenue (drv_id, drv_revenue_date, drv_print_date, drv_closing_date, drv_cash, drv_ticket, drv_cheque, drv_card, drv_unpaid, drv_amount, drv_takeaway) VALUES (291, TO_DATE('27/11/2002', 'dd/MM/yyyy'), TO_DATE('28/11/2002', 'dd/MM/yyyy'), TO_DATE('28/11/2002', 'dd/MM/yyyy'), 0.0, 0.0, 88.75, 99.36, 0.0, 188.11, true);
INSERT INTO t_vat_revenue (vtr_id, drv_id, vat_id, vtr_amount, vtr_value) VALUES (581, 291, 1, 0, 0);
INSERT INTO t_vat_revenue (vtr_id, drv_id, vat_id, vtr_amount, vtr_value) VALUES (582, 291, 2, 188.11, 9.806683);
INSERT INTO t_day_revenue (drv_id, drv_revenue_date, drv_print_date, drv_closing_date, drv_cash, drv_ticket, drv_cheque, drv_card, drv_unpaid, drv_amount, drv_takeaway) VALUES (292, TO_DATE('27/11/2002', 'dd/MM/yyyy'), TO_DATE('28/11/2002', 'dd/MM/yyyy'), TO_DATE('28/11/2002', 'dd/MM/yyyy'), 10.0, 0.0, 242.75, 573.75, 0.0, 826.5, false);
INSERT INTO t_vat_revenue (vtr_id, drv_id, vat_id, vtr_amount, vtr_value) VALUES (583, 292, 1, 826.5, 135.44649);
INSERT INTO t_vat_revenue (vtr_id, drv_id, vat_id, vtr_amount, vtr_value) VALUES (584, 292, 2, 0, 0);
INSERT INTO t_day_revenue (drv_id, drv_revenue_date, drv_print_date, drv_closing_date, drv_cash, drv_ticket, drv_cheque, drv_card, drv_unpaid, drv_amount, drv_takeaway) VALUES (293, TO_DATE('28/11/2002', 'dd/MM/yyyy'), TO_DATE('05/12/2002', 'dd/MM/yyyy'), TO_DATE('05/12/2002', 'dd/MM/yyyy'), 0.0, 0.0, 9.0, 0.0, 0.0, 9.0, true);
INSERT INTO t_vat_revenue (vtr_id, drv_id, vat_id, vtr_amount, vtr_value) VALUES (585, 293, 1, 0, 0);
INSERT INTO t_vat_revenue (vtr_id, drv_id, vat_id, vtr_amount, vtr_value) VALUES (586, 293, 2, 9.0, 0.46919432);
INSERT INTO t_day_revenue (drv_id, drv_revenue_date, drv_print_date, drv_closing_date, drv_cash, drv_ticket, drv_cheque, drv_card, drv_unpaid, drv_amount, drv_takeaway) VALUES (294, TO_DATE('28/11/2002', 'dd/MM/yyyy'), TO_DATE('05/12/2002', 'dd/MM/yyyy'), TO_DATE('05/12/2002', 'dd/MM/yyyy'), 0.0, 27.8, 137.2, 356.5, 0.0, 521.5, false);
INSERT INTO t_vat_revenue (vtr_id, drv_id, vat_id, vtr_amount, vtr_value) VALUES (587, 294, 1, 521.5, 85.46322);
INSERT INTO t_vat_revenue (vtr_id, drv_id, vat_id, vtr_amount, vtr_value) VALUES (588, 294, 2, 0, 0);
INSERT INTO t_day_revenue (drv_id, drv_revenue_date, drv_print_date, drv_closing_date, drv_cash, drv_ticket, drv_cheque, drv_card, drv_unpaid, drv_amount, drv_takeaway) VALUES (295, TO_DATE('29/11/2002', 'dd/MM/yyyy'), TO_DATE('05/12/2002', 'dd/MM/yyyy'), TO_DATE('05/12/2002', 'dd/MM/yyyy'), 15.0, 0.0, 0.0, 40.0, 0.0, 55.0, true);
INSERT INTO t_vat_revenue (vtr_id, drv_id, vat_id, vtr_amount, vtr_value) VALUES (589, 295, 1, 0, 0);
INSERT INTO t_vat_revenue (vtr_id, drv_id, vat_id, vtr_amount, vtr_value) VALUES (590, 295, 2, 55.0, 2.8672986);
INSERT INTO t_day_revenue (drv_id, drv_revenue_date, drv_print_date, drv_closing_date, drv_cash, drv_ticket, drv_cheque, drv_card, drv_unpaid, drv_amount, drv_takeaway) VALUES (296, TO_DATE('29/11/2002', 'dd/MM/yyyy'), TO_DATE('05/12/2002', 'dd/MM/yyyy'), TO_DATE('05/12/2002', 'dd/MM/yyyy'), 170.5, 17.5, 289.5, 1127.0, 0.0, 1604.5, false);
INSERT INTO t_vat_revenue (vtr_id, drv_id, vat_id, vtr_amount, vtr_value) VALUES (591, 296, 1, 1604.5, 262.94482);
INSERT INTO t_vat_revenue (vtr_id, drv_id, vat_id, vtr_amount, vtr_value) VALUES (592, 296, 2, 0, 0);
INSERT INTO t_day_revenue (drv_id, drv_revenue_date, drv_print_date, drv_closing_date, drv_cash, drv_ticket, drv_cheque, drv_card, drv_unpaid, drv_amount, drv_takeaway) VALUES (297, TO_DATE('30/11/2002', 'dd/MM/yyyy'), TO_DATE('05/12/2002', 'dd/MM/yyyy'), TO_DATE('05/12/2002', 'dd/MM/yyyy'), 0.0, 0.0, 49.0, 29.0, 0.0, 78.0, true);
INSERT INTO t_vat_revenue (vtr_id, drv_id, vat_id, vtr_amount, vtr_value) VALUES (593, 297, 1, 0, 0);
INSERT INTO t_vat_revenue (vtr_id, drv_id, vat_id, vtr_amount, vtr_value) VALUES (594, 297, 2, 78.0, 4.066351);
INSERT INTO t_day_revenue (drv_id, drv_revenue_date, drv_print_date, drv_closing_date, drv_cash, drv_ticket, drv_cheque, drv_card, drv_unpaid, drv_amount, drv_takeaway) VALUES (298, TO_DATE('30/11/2002', 'dd/MM/yyyy'), TO_DATE('05/12/2002', 'dd/MM/yyyy'), TO_DATE('05/12/2002', 'dd/MM/yyyy'), 57.5, 13.0, 624.0, 1403.5, 0.0, 2098.0, false);
INSERT INTO t_vat_revenue (vtr_id, drv_id, vat_id, vtr_amount, vtr_value) VALUES (595, 298, 1, 2098.0, 343.8194);
INSERT INTO t_vat_revenue (vtr_id, drv_id, vat_id, vtr_amount, vtr_value) VALUES (596, 298, 2, 0, 0);
INSERT INTO t_day_revenue (drv_id, drv_revenue_date, drv_print_date, drv_closing_date, drv_cash, drv_ticket, drv_cheque, drv_card, drv_unpaid, drv_amount, drv_takeaway) VALUES (299, TO_DATE('01/12/2002', 'dd/MM/yyyy'), TO_DATE('05/12/2002', 'dd/MM/yyyy'), TO_DATE('05/12/2002', 'dd/MM/yyyy'), 0.0, 0.0, 33.0, 29.0, 0.0, 62.0, true);
INSERT INTO t_vat_revenue (vtr_id, drv_id, vat_id, vtr_amount, vtr_value) VALUES (597, 299, 1, 0, 0);
INSERT INTO t_vat_revenue (vtr_id, drv_id, vat_id, vtr_amount, vtr_value) VALUES (598, 299, 2, 62.0, 3.2322276);
INSERT INTO t_day_revenue (drv_id, drv_revenue_date, drv_print_date, drv_closing_date, drv_cash, drv_ticket, drv_cheque, drv_card, drv_unpaid, drv_amount, drv_takeaway) VALUES (300, TO_DATE('01/12/2002', 'dd/MM/yyyy'), TO_DATE('05/12/2002', 'dd/MM/yyyy'), TO_DATE('05/12/2002', 'dd/MM/yyyy'), 45.0, 0.0, 236.0, 684.5, 0.0, 965.5, false);
INSERT INTO t_vat_revenue (vtr_id, drv_id, vat_id, vtr_amount, vtr_value) VALUES (599, 300, 1, 965.5, 158.22575);
INSERT INTO t_vat_revenue (vtr_id, drv_id, vat_id, vtr_amount, vtr_value) VALUES (600, 300, 2, 0, 0);
INSERT INTO t_day_revenue (drv_id, drv_revenue_date, drv_print_date, drv_closing_date, drv_cash, drv_ticket, drv_cheque, drv_card, drv_unpaid, drv_amount, drv_takeaway) VALUES (301, TO_DATE('02/12/2002', 'dd/MM/yyyy'), TO_DATE('05/12/2002', 'dd/MM/yyyy'), TO_DATE('05/12/2002', 'dd/MM/yyyy'), 0.0, 0.0, 0.0, 24.0, 0.0, 24.0, true);
INSERT INTO t_vat_revenue (vtr_id, drv_id, vat_id, vtr_amount, vtr_value) VALUES (601, 301, 1, 0, 0);
INSERT INTO t_vat_revenue (vtr_id, drv_id, vat_id, vtr_amount, vtr_value) VALUES (602, 301, 2, 24.0, 1.2511848);
INSERT INTO t_day_revenue (drv_id, drv_revenue_date, drv_print_date, drv_closing_date, drv_cash, drv_ticket, drv_cheque, drv_card, drv_unpaid, drv_amount, drv_takeaway) VALUES (302, TO_DATE('02/12/2002', 'dd/MM/yyyy'), TO_DATE('05/12/2002', 'dd/MM/yyyy'), TO_DATE('05/12/2002', 'dd/MM/yyyy'), 46.5, 63.5, 96.0, 189.0, 0.0, 395.0, false);
INSERT INTO t_vat_revenue (vtr_id, drv_id, vat_id, vtr_amount, vtr_value) VALUES (603, 302, 1, 395.0, 64.732445);
INSERT INTO t_vat_revenue (vtr_id, drv_id, vat_id, vtr_amount, vtr_value) VALUES (604, 302, 2, 0, 0);
INSERT INTO t_day_revenue (drv_id, drv_revenue_date, drv_print_date, drv_closing_date, drv_cash, drv_ticket, drv_cheque, drv_card, drv_unpaid, drv_amount, drv_takeaway) VALUES (303, TO_DATE('03/12/2002', 'dd/MM/yyyy'), TO_DATE('05/12/2002', 'dd/MM/yyyy'), TO_DATE('05/12/2002', 'dd/MM/yyyy'), 0.0, 0.0, 240.5, 0.0, 0.0, 240.5, true);
INSERT INTO t_vat_revenue (vtr_id, drv_id, vat_id, vtr_amount, vtr_value) VALUES (605, 303, 1, 0, 0);
INSERT INTO t_vat_revenue (vtr_id, drv_id, vat_id, vtr_amount, vtr_value) VALUES (606, 303, 2, 240.5, 12.537914);
INSERT INTO t_day_revenue (drv_id, drv_revenue_date, drv_print_date, drv_closing_date, drv_cash, drv_ticket, drv_cheque, drv_card, drv_unpaid, drv_amount, drv_takeaway) VALUES (304, TO_DATE('03/12/2002', 'dd/MM/yyyy'), TO_DATE('05/12/2002', 'dd/MM/yyyy'), TO_DATE('05/12/2002', 'dd/MM/yyyy'), 0.0, 0.0, 216.0, 307.5, 0.0, 523.5, false);
INSERT INTO t_vat_revenue (vtr_id, drv_id, vat_id, vtr_amount, vtr_value) VALUES (607, 304, 1, 523.5, 85.79098);
INSERT INTO t_vat_revenue (vtr_id, drv_id, vat_id, vtr_amount, vtr_value) VALUES (608, 304, 2, 0, 0);
INSERT INTO t_day_revenue (drv_id, drv_revenue_date, drv_print_date, drv_closing_date, drv_cash, drv_ticket, drv_cheque, drv_card, drv_unpaid, drv_amount, drv_takeaway) VALUES (305, TO_DATE('04/12/2002', 'dd/MM/yyyy'), TO_DATE('05/12/2002', 'dd/MM/yyyy'), TO_DATE('05/12/2002', 'dd/MM/yyyy'), 0.0, 0.0, 25.75, 47.5, 0.0, 73.25, true);
INSERT INTO t_vat_revenue (vtr_id, drv_id, vat_id, vtr_amount, vtr_value) VALUES (609, 305, 1, 0, 0);
INSERT INTO t_vat_revenue (vtr_id, drv_id, vat_id, vtr_amount, vtr_value) VALUES (610, 305, 2, 73.25, 3.8187203);
INSERT INTO t_day_revenue (drv_id, drv_revenue_date, drv_print_date, drv_closing_date, drv_cash, drv_ticket, drv_cheque, drv_card, drv_unpaid, drv_amount, drv_takeaway) VALUES (306, TO_DATE('04/12/2002', 'dd/MM/yyyy'), TO_DATE('05/12/2002', 'dd/MM/yyyy'), TO_DATE('05/12/2002', 'dd/MM/yyyy'), 30.69, 0.0, 214.31, 802.25, 0.0, 1047.25, false);
INSERT INTO t_vat_revenue (vtr_id, drv_id, vat_id, vtr_amount, vtr_value) VALUES (611, 306, 1, 1047.25, 171.62291);
INSERT INTO t_vat_revenue (vtr_id, drv_id, vat_id, vtr_amount, vtr_value) VALUES (612, 306, 2, 0, 0);
INSERT INTO t_day_revenue (drv_id, drv_revenue_date, drv_print_date, drv_closing_date, drv_cash, drv_ticket, drv_cheque, drv_card, drv_unpaid, drv_amount, drv_takeaway) VALUES (307, TO_DATE('05/12/2002', 'dd/MM/yyyy'), TO_DATE('13/12/2002', 'dd/MM/yyyy'), TO_DATE('13/12/2002', 'dd/MM/yyyy'), 0.0, 0.0, 0.0, 20.5, 0.0, 20.5, true);
INSERT INTO t_vat_revenue (vtr_id, drv_id, vat_id, vtr_amount, vtr_value) VALUES (613, 307, 1, 0, 0);
INSERT INTO t_vat_revenue (vtr_id, drv_id, vat_id, vtr_amount, vtr_value) VALUES (614, 307, 2, 20.5, 1.0687203);
INSERT INTO t_day_revenue (drv_id, drv_revenue_date, drv_print_date, drv_closing_date, drv_cash, drv_ticket, drv_cheque, drv_card, drv_unpaid, drv_amount, drv_takeaway) VALUES (308, TO_DATE('05/12/2002', 'dd/MM/yyyy'), TO_DATE('13/12/2002', 'dd/MM/yyyy'), TO_DATE('13/12/2002', 'dd/MM/yyyy'), 51.0, 24.5, 188.25, 586.75, 0.0, 850.5, false);
INSERT INTO t_vat_revenue (vtr_id, drv_id, vat_id, vtr_amount, vtr_value) VALUES (615, 308, 1, 850.5, 139.37961);
INSERT INTO t_vat_revenue (vtr_id, drv_id, vat_id, vtr_amount, vtr_value) VALUES (616, 308, 2, 0, 0);
INSERT INTO t_day_revenue (drv_id, drv_revenue_date, drv_print_date, drv_closing_date, drv_cash, drv_ticket, drv_cheque, drv_card, drv_unpaid, drv_amount, drv_takeaway) VALUES (309, TO_DATE('06/12/2002', 'dd/MM/yyyy'), TO_DATE('13/12/2002', 'dd/MM/yyyy'), TO_DATE('13/12/2002', 'dd/MM/yyyy'), 0.0, 0.0, 0.0, 83.0, 0.0, 83.0, true);
INSERT INTO t_vat_revenue (vtr_id, drv_id, vat_id, vtr_amount, vtr_value) VALUES (617, 309, 1, 0, 0);
INSERT INTO t_vat_revenue (vtr_id, drv_id, vat_id, vtr_amount, vtr_value) VALUES (618, 309, 2, 83.0, 4.3270144);
INSERT INTO t_day_revenue (drv_id, drv_revenue_date, drv_print_date, drv_closing_date, drv_cash, drv_ticket, drv_cheque, drv_card, drv_unpaid, drv_amount, drv_takeaway) VALUES (310, TO_DATE('06/12/2002', 'dd/MM/yyyy'), TO_DATE('13/12/2002', 'dd/MM/yyyy'), TO_DATE('13/12/2002', 'dd/MM/yyyy'), 77.0, 29.0, 110.0, 925.0, 0.0, 1141.0, false);
INSERT INTO t_vat_revenue (vtr_id, drv_id, vat_id, vtr_amount, vtr_value) VALUES (619, 310, 1, 1141.0, 186.98662);
INSERT INTO t_vat_revenue (vtr_id, drv_id, vat_id, vtr_amount, vtr_value) VALUES (620, 310, 2, 0, 0);
INSERT INTO t_day_revenue (drv_id, drv_revenue_date, drv_print_date, drv_closing_date, drv_cash, drv_ticket, drv_cheque, drv_card, drv_unpaid, drv_amount, drv_takeaway) VALUES (311, TO_DATE('07/12/2002', 'dd/MM/yyyy'), TO_DATE('13/12/2002', 'dd/MM/yyyy'), TO_DATE('13/12/2002', 'dd/MM/yyyy'), 0.0, 0.0, 0.0, 251.5, 0.0, 251.5, true);
INSERT INTO t_vat_revenue (vtr_id, drv_id, vat_id, vtr_amount, vtr_value) VALUES (621, 311, 1, 0, 0);
INSERT INTO t_vat_revenue (vtr_id, drv_id, vat_id, vtr_amount, vtr_value) VALUES (622, 311, 2, 251.5, 13.111375);
INSERT INTO t_day_revenue (drv_id, drv_revenue_date, drv_print_date, drv_closing_date, drv_cash, drv_ticket, drv_cheque, drv_card, drv_unpaid, drv_amount, drv_takeaway) VALUES (312, TO_DATE('07/12/2002', 'dd/MM/yyyy'), TO_DATE('13/12/2002', 'dd/MM/yyyy'), TO_DATE('13/12/2002', 'dd/MM/yyyy'), 44.8, 73.2, 754.5, 1312.25, 0.0, 2184.75, false);
INSERT INTO t_vat_revenue (vtr_id, drv_id, vat_id, vtr_amount, vtr_value) VALUES (623, 312, 1, 2184.75, 358.03598);
INSERT INTO t_vat_revenue (vtr_id, drv_id, vat_id, vtr_amount, vtr_value) VALUES (624, 312, 2, 0, 0);
INSERT INTO t_day_revenue (drv_id, drv_revenue_date, drv_print_date, drv_closing_date, drv_cash, drv_ticket, drv_cheque, drv_card, drv_unpaid, drv_amount, drv_takeaway) VALUES (313, TO_DATE('08/12/2002', 'dd/MM/yyyy'), TO_DATE('13/12/2002', 'dd/MM/yyyy'), TO_DATE('13/12/2002', 'dd/MM/yyyy'), 0.0, 0.0, 0.0, 0.0, 0.0, 0.0, true);
INSERT INTO t_vat_revenue (vtr_id, drv_id, vat_id, vtr_amount, vtr_value) VALUES (625, 313, 1, 0, 0);
INSERT INTO t_vat_revenue (vtr_id, drv_id, vat_id, vtr_amount, vtr_value) VALUES (626, 313, 2, 0.0, 0.0);
INSERT INTO t_day_revenue (drv_id, drv_revenue_date, drv_print_date, drv_closing_date, drv_cash, drv_ticket, drv_cheque, drv_card, drv_unpaid, drv_amount, drv_takeaway) VALUES (314, TO_DATE('08/12/2002', 'dd/MM/yyyy'), TO_DATE('13/12/2002', 'dd/MM/yyyy'), TO_DATE('13/12/2002', 'dd/MM/yyyy'), 14.5, 19.1, 269.0, 423.4, 0.0, 726.0, false);
INSERT INTO t_vat_revenue (vtr_id, drv_id, vat_id, vtr_amount, vtr_value) VALUES (627, 314, 1, 726.0, 118.97659);
INSERT INTO t_vat_revenue (vtr_id, drv_id, vat_id, vtr_amount, vtr_value) VALUES (628, 314, 2, 0, 0);
INSERT INTO t_day_revenue (drv_id, drv_revenue_date, drv_print_date, drv_closing_date, drv_cash, drv_ticket, drv_cheque, drv_card, drv_unpaid, drv_amount, drv_takeaway) VALUES (315, TO_DATE('09/12/2002', 'dd/MM/yyyy'), TO_DATE('13/12/2002', 'dd/MM/yyyy'), TO_DATE('13/12/2002', 'dd/MM/yyyy'), 0.0, 0.0, 24.0, 82.5, 0.0, 106.5, true);
INSERT INTO t_vat_revenue (vtr_id, drv_id, vat_id, vtr_amount, vtr_value) VALUES (629, 315, 1, 0, 0);
INSERT INTO t_vat_revenue (vtr_id, drv_id, vat_id, vtr_amount, vtr_value) VALUES (630, 315, 2, 106.5, 5.5521326);
INSERT INTO t_day_revenue (drv_id, drv_revenue_date, drv_print_date, drv_closing_date, drv_cash, drv_ticket, drv_cheque, drv_card, drv_unpaid, drv_amount, drv_takeaway) VALUES (316, TO_DATE('09/12/2002', 'dd/MM/yyyy'), TO_DATE('13/12/2002', 'dd/MM/yyyy'), TO_DATE('13/12/2002', 'dd/MM/yyyy'), 0.0, 12.5, 75.0, 507.0, 0.0, 594.5, false);
INSERT INTO t_vat_revenue (vtr_id, drv_id, vat_id, vtr_amount, vtr_value) VALUES (631, 316, 1, 594.5, 97.42642);
INSERT INTO t_vat_revenue (vtr_id, drv_id, vat_id, vtr_amount, vtr_value) VALUES (632, 316, 2, 0, 0);
INSERT INTO t_day_revenue (drv_id, drv_revenue_date, drv_print_date, drv_closing_date, drv_cash, drv_ticket, drv_cheque, drv_card, drv_unpaid, drv_amount, drv_takeaway) VALUES (317, TO_DATE('10/12/2002', 'dd/MM/yyyy'), TO_DATE('13/12/2002', 'dd/MM/yyyy'), TO_DATE('13/12/2002', 'dd/MM/yyyy'), 0.0, 0.0, 18.0, 321.5, 0.0, 339.5, true);
INSERT INTO t_vat_revenue (vtr_id, drv_id, vat_id, vtr_amount, vtr_value) VALUES (633, 317, 1, 0, 0);
INSERT INTO t_vat_revenue (vtr_id, drv_id, vat_id, vtr_amount, vtr_value) VALUES (634, 317, 2, 339.5, 17.699053);
INSERT INTO t_day_revenue (drv_id, drv_revenue_date, drv_print_date, drv_closing_date, drv_cash, drv_ticket, drv_cheque, drv_card, drv_unpaid, drv_amount, drv_takeaway) VALUES (318, TO_DATE('10/12/2002', 'dd/MM/yyyy'), TO_DATE('13/12/2002', 'dd/MM/yyyy'), TO_DATE('13/12/2002', 'dd/MM/yyyy'), 0.0, 16.0, 189.5, 607.5, 0.0, 813.0, false);
INSERT INTO t_vat_revenue (vtr_id, drv_id, vat_id, vtr_amount, vtr_value) VALUES (635, 318, 1, 813.0, 133.23412);
INSERT INTO t_vat_revenue (vtr_id, drv_id, vat_id, vtr_amount, vtr_value) VALUES (636, 318, 2, 0, 0);
INSERT INTO t_day_revenue (drv_id, drv_revenue_date, drv_print_date, drv_closing_date, drv_cash, drv_ticket, drv_cheque, drv_card, drv_unpaid, drv_amount, drv_takeaway) VALUES (319, TO_DATE('11/12/2002', 'dd/MM/yyyy'), TO_DATE('13/12/2002', 'dd/MM/yyyy'), TO_DATE('13/12/2002', 'dd/MM/yyyy'), 0.0, 0.0, 0.0, 199.5, 0.0, 199.5, true);
INSERT INTO t_vat_revenue (vtr_id, drv_id, vat_id, vtr_amount, vtr_value) VALUES (637, 319, 1, 0, 0);
INSERT INTO t_vat_revenue (vtr_id, drv_id, vat_id, vtr_amount, vtr_value) VALUES (638, 319, 2, 199.5, 10.400474);
INSERT INTO t_day_revenue (drv_id, drv_revenue_date, drv_print_date, drv_closing_date, drv_cash, drv_ticket, drv_cheque, drv_card, drv_unpaid, drv_amount, drv_takeaway) VALUES (320, TO_DATE('11/12/2002', 'dd/MM/yyyy'), TO_DATE('13/12/2002', 'dd/MM/yyyy'), TO_DATE('13/12/2002', 'dd/MM/yyyy'), 52.0, 45.0, 216.5, 312.5, 0.0, 626.0, false);
INSERT INTO t_vat_revenue (vtr_id, drv_id, vat_id, vtr_amount, vtr_value) VALUES (639, 320, 1, 626.0, 102.58864);
INSERT INTO t_vat_revenue (vtr_id, drv_id, vat_id, vtr_amount, vtr_value) VALUES (640, 320, 2, 0, 0);
INSERT INTO t_day_revenue (drv_id, drv_revenue_date, drv_print_date, drv_closing_date, drv_cash, drv_ticket, drv_cheque, drv_card, drv_unpaid, drv_amount, drv_takeaway) VALUES (321, TO_DATE('12/12/2002', 'dd/MM/yyyy'), TO_DATE('13/12/2002', 'dd/MM/yyyy'), TO_DATE('13/12/2002', 'dd/MM/yyyy'), 11.5, 0.0, 0.0, 57.0, 0.0, 68.5, true);
INSERT INTO t_vat_revenue (vtr_id, drv_id, vat_id, vtr_amount, vtr_value) VALUES (641, 321, 1, 0, 0);
INSERT INTO t_vat_revenue (vtr_id, drv_id, vat_id, vtr_amount, vtr_value) VALUES (642, 321, 2, 68.5, 3.57109);
INSERT INTO t_day_revenue (drv_id, drv_revenue_date, drv_print_date, drv_closing_date, drv_cash, drv_ticket, drv_cheque, drv_card, drv_unpaid, drv_amount, drv_takeaway) VALUES (322, TO_DATE('12/12/2002', 'dd/MM/yyyy'), TO_DATE('13/12/2002', 'dd/MM/yyyy'), TO_DATE('13/12/2002', 'dd/MM/yyyy'), 0.0, 12.5, 67.5, 611.0, 0.0, 691.0, false);
INSERT INTO t_vat_revenue (vtr_id, drv_id, vat_id, vtr_amount, vtr_value) VALUES (643, 322, 1, 691.0, 113.24081);
INSERT INTO t_vat_revenue (vtr_id, drv_id, vat_id, vtr_amount, vtr_value) VALUES (644, 322, 2, 0, 0);
INSERT INTO t_day_revenue (drv_id, drv_revenue_date, drv_print_date, drv_closing_date, drv_cash, drv_ticket, drv_cheque, drv_card, drv_unpaid, drv_amount, drv_takeaway) VALUES (323, TO_DATE('13/12/2002', 'dd/MM/yyyy'), TO_DATE('19/12/2002', 'dd/MM/yyyy'), TO_DATE('19/12/2002', 'dd/MM/yyyy'), 0.0, 0.0, 0.0, 146.0, 0.0, 146.0, true);
INSERT INTO t_vat_revenue (vtr_id, drv_id, vat_id, vtr_amount, vtr_value) VALUES (645, 323, 1, 0, 0);
INSERT INTO t_vat_revenue (vtr_id, drv_id, vat_id, vtr_amount, vtr_value) VALUES (646, 323, 2, 146.0, 7.6113744);
INSERT INTO t_day_revenue (drv_id, drv_revenue_date, drv_print_date, drv_closing_date, drv_cash, drv_ticket, drv_cheque, drv_card, drv_unpaid, drv_amount, drv_takeaway) VALUES (324, TO_DATE('13/12/2002', 'dd/MM/yyyy'), TO_DATE('19/12/2002', 'dd/MM/yyyy'), TO_DATE('19/12/2002', 'dd/MM/yyyy'), 103.9, 10.0, 579.1, 611.5, 0.0, 1304.5, false);
INSERT INTO t_vat_revenue (vtr_id, drv_id, vat_id, vtr_amount, vtr_value) VALUES (647, 324, 1, 1304.5, 213.78094);
INSERT INTO t_vat_revenue (vtr_id, drv_id, vat_id, vtr_amount, vtr_value) VALUES (648, 324, 2, 0, 0);
INSERT INTO t_day_revenue (drv_id, drv_revenue_date, drv_print_date, drv_closing_date, drv_cash, drv_ticket, drv_cheque, drv_card, drv_unpaid, drv_amount, drv_takeaway) VALUES (325, TO_DATE('14/12/2002', 'dd/MM/yyyy'), TO_DATE('19/12/2002', 'dd/MM/yyyy'), TO_DATE('19/12/2002', 'dd/MM/yyyy'), 0.0, 0.0, 0.0, 107.5, 0.0, 107.5, true);
INSERT INTO t_vat_revenue (vtr_id, drv_id, vat_id, vtr_amount, vtr_value) VALUES (649, 325, 1, 0, 0);
INSERT INTO t_vat_revenue (vtr_id, drv_id, vat_id, vtr_amount, vtr_value) VALUES (650, 325, 2, 107.5, 5.604265);
INSERT INTO t_day_revenue (drv_id, drv_revenue_date, drv_print_date, drv_closing_date, drv_cash, drv_ticket, drv_cheque, drv_card, drv_unpaid, drv_amount, drv_takeaway) VALUES (326, TO_DATE('14/12/2002', 'dd/MM/yyyy'), TO_DATE('19/12/2002', 'dd/MM/yyyy'), TO_DATE('19/12/2002', 'dd/MM/yyyy'), 18.0, 26.88, 873.0, 1073.62, 0.0, 1991.5, false);
INSERT INTO t_vat_revenue (vtr_id, drv_id, vat_id, vtr_amount, vtr_value) VALUES (651, 326, 1, 1991.5, 326.36624);
INSERT INTO t_vat_revenue (vtr_id, drv_id, vat_id, vtr_amount, vtr_value) VALUES (652, 326, 2, 0, 0);
INSERT INTO t_day_revenue (drv_id, drv_revenue_date, drv_print_date, drv_closing_date, drv_cash, drv_ticket, drv_cheque, drv_card, drv_unpaid, drv_amount, drv_takeaway) VALUES (327, TO_DATE('15/12/2002', 'dd/MM/yyyy'), TO_DATE('19/12/2002', 'dd/MM/yyyy'), TO_DATE('19/12/2002', 'dd/MM/yyyy'), 0.0, 0.0, 0.0, 131.0, 0.0, 131.0, true);
INSERT INTO t_vat_revenue (vtr_id, drv_id, vat_id, vtr_amount, vtr_value) VALUES (653, 327, 1, 0, 0);
INSERT INTO t_vat_revenue (vtr_id, drv_id, vat_id, vtr_amount, vtr_value) VALUES (654, 327, 2, 131.0, 6.829384);
INSERT INTO t_day_revenue (drv_id, drv_revenue_date, drv_print_date, drv_closing_date, drv_cash, drv_ticket, drv_cheque, drv_card, drv_unpaid, drv_amount, drv_takeaway) VALUES (328, TO_DATE('15/12/2002', 'dd/MM/yyyy'), TO_DATE('19/12/2002', 'dd/MM/yyyy'), TO_DATE('19/12/2002', 'dd/MM/yyyy'), 24.7, 44.3, 236.0, 826.0, 0.0, 1131.0, false);
INSERT INTO t_vat_revenue (vtr_id, drv_id, vat_id, vtr_amount, vtr_value) VALUES (655, 328, 1, 1131.0, 185.34782);
INSERT INTO t_vat_revenue (vtr_id, drv_id, vat_id, vtr_amount, vtr_value) VALUES (656, 328, 2, 0, 0);
INSERT INTO t_day_revenue (drv_id, drv_revenue_date, drv_print_date, drv_closing_date, drv_cash, drv_ticket, drv_cheque, drv_card, drv_unpaid, drv_amount, drv_takeaway) VALUES (329, TO_DATE('16/12/2002', 'dd/MM/yyyy'), TO_DATE('19/12/2002', 'dd/MM/yyyy'), TO_DATE('19/12/2002', 'dd/MM/yyyy'), 0.0, 0.0, 39.0, 35.0, 0.0, 74.0, true);
INSERT INTO t_vat_revenue (vtr_id, drv_id, vat_id, vtr_amount, vtr_value) VALUES (657, 329, 1, 0, 0);
INSERT INTO t_vat_revenue (vtr_id, drv_id, vat_id, vtr_amount, vtr_value) VALUES (658, 329, 2, 74.0, 3.8578198);
INSERT INTO t_day_revenue (drv_id, drv_revenue_date, drv_print_date, drv_closing_date, drv_cash, drv_ticket, drv_cheque, drv_card, drv_unpaid, drv_amount, drv_takeaway) VALUES (330, TO_DATE('16/12/2002', 'dd/MM/yyyy'), TO_DATE('19/12/2002', 'dd/MM/yyyy'), TO_DATE('19/12/2002', 'dd/MM/yyyy'), 0.0, 12.5, 75.5, 286.5, 0.0, 374.5, false);
INSERT INTO t_vat_revenue (vtr_id, drv_id, vat_id, vtr_amount, vtr_value) VALUES (659, 330, 1, 374.5, 61.372913);
INSERT INTO t_vat_revenue (vtr_id, drv_id, vat_id, vtr_amount, vtr_value) VALUES (660, 330, 2, 0, 0);
INSERT INTO t_day_revenue (drv_id, drv_revenue_date, drv_print_date, drv_closing_date, drv_cash, drv_ticket, drv_cheque, drv_card, drv_unpaid, drv_amount, drv_takeaway) VALUES (331, TO_DATE('17/12/2002', 'dd/MM/yyyy'), TO_DATE('18/12/2002', 'dd/MM/yyyy'), TO_DATE('18/12/2002', 'dd/MM/yyyy'), 0.0, 0.0, 17.0, 154.0, 0.0, 171.0, true);
INSERT INTO t_vat_revenue (vtr_id, drv_id, vat_id, vtr_amount, vtr_value) VALUES (661, 331, 1, 0, 0);
INSERT INTO t_vat_revenue (vtr_id, drv_id, vat_id, vtr_amount, vtr_value) VALUES (662, 331, 2, 171.0, 8.914692);
INSERT INTO t_day_revenue (drv_id, drv_revenue_date, drv_print_date, drv_closing_date, drv_cash, drv_ticket, drv_cheque, drv_card, drv_unpaid, drv_amount, drv_takeaway) VALUES (332, TO_DATE('17/12/2002', 'dd/MM/yyyy'), TO_DATE('18/12/2002', 'dd/MM/yyyy'), TO_DATE('18/12/2002', 'dd/MM/yyyy'), 10.0, 13.7, 224.1, 602.2, 0.0, 850.0, false);
INSERT INTO t_vat_revenue (vtr_id, drv_id, vat_id, vtr_amount, vtr_value) VALUES (663, 332, 1, 850.0, 139.29765);
INSERT INTO t_vat_revenue (vtr_id, drv_id, vat_id, vtr_amount, vtr_value) VALUES (664, 332, 2, 0, 0);
INSERT INTO t_day_revenue (drv_id, drv_revenue_date, drv_print_date, drv_closing_date, drv_cash, drv_ticket, drv_cheque, drv_card, drv_unpaid, drv_amount, drv_takeaway) VALUES (333, TO_DATE('18/12/2002', 'dd/MM/yyyy'), TO_DATE('18/12/2002', 'dd/MM/yyyy'), TO_DATE('18/12/2002', 'dd/MM/yyyy'), 0.0, 0.0, 0.0, 61.0, 0.0, 61.0, true);
INSERT INTO t_vat_revenue (vtr_id, drv_id, vat_id, vtr_amount, vtr_value) VALUES (665, 333, 1, 0, 0);
INSERT INTO t_vat_revenue (vtr_id, drv_id, vat_id, vtr_amount, vtr_value) VALUES (666, 333, 2, 61.0, 3.1800947);
INSERT INTO t_day_revenue (drv_id, drv_revenue_date, drv_print_date, drv_closing_date, drv_cash, drv_ticket, drv_cheque, drv_card, drv_unpaid, drv_amount, drv_takeaway) VALUES (334, TO_DATE('18/12/2002', 'dd/MM/yyyy'), TO_DATE('18/12/2002', 'dd/MM/yyyy'), TO_DATE('18/12/2002', 'dd/MM/yyyy'), 0.0, 0.0, 243.0, 403.5, 0.0, 646.5, false);
INSERT INTO t_vat_revenue (vtr_id, drv_id, vat_id, vtr_amount, vtr_value) VALUES (667, 334, 1, 646.5, 105.948166);
INSERT INTO t_vat_revenue (vtr_id, drv_id, vat_id, vtr_amount, vtr_value) VALUES (668, 334, 2, 0, 0);
INSERT INTO t_day_revenue (drv_id, drv_revenue_date, drv_print_date, drv_closing_date, drv_cash, drv_ticket, drv_cheque, drv_card, drv_unpaid, drv_amount, drv_takeaway) VALUES (335, TO_DATE('19/12/2002', 'dd/MM/yyyy'), TO_DATE('26/12/2002', 'dd/MM/yyyy'), TO_DATE('26/12/2002', 'dd/MM/yyyy'), 0.0, 0.0, 0.0, 32.5, 0.0, 32.5, true);
INSERT INTO t_vat_revenue (vtr_id, drv_id, vat_id, vtr_amount, vtr_value) VALUES (669, 335, 1, 0, 0);
INSERT INTO t_vat_revenue (vtr_id, drv_id, vat_id, vtr_amount, vtr_value) VALUES (670, 335, 2, 32.5, 1.6943128);
INSERT INTO t_day_revenue (drv_id, drv_revenue_date, drv_print_date, drv_closing_date, drv_cash, drv_ticket, drv_cheque, drv_card, drv_unpaid, drv_amount, drv_takeaway) VALUES (336, TO_DATE('19/12/2002', 'dd/MM/yyyy'), TO_DATE('26/12/2002', 'dd/MM/yyyy'), TO_DATE('26/12/2002', 'dd/MM/yyyy'), 61.92, 45.34, 193.38, 508.86, 0.0, 809.5, false);
INSERT INTO t_vat_revenue (vtr_id, drv_id, vat_id, vtr_amount, vtr_value) VALUES (671, 336, 1, 809.5, 132.66054);
INSERT INTO t_vat_revenue (vtr_id, drv_id, vat_id, vtr_amount, vtr_value) VALUES (672, 336, 2, 0, 0);
INSERT INTO t_day_revenue (drv_id, drv_revenue_date, drv_print_date, drv_closing_date, drv_cash, drv_ticket, drv_cheque, drv_card, drv_unpaid, drv_amount, drv_takeaway) VALUES (337, TO_DATE('20/12/2002', 'dd/MM/yyyy'), TO_DATE('26/12/2002', 'dd/MM/yyyy'), TO_DATE('26/12/2002', 'dd/MM/yyyy'), 0.0, 0.0, 0.0, 63.5, 0.0, 63.5, true);
INSERT INTO t_vat_revenue (vtr_id, drv_id, vat_id, vtr_amount, vtr_value) VALUES (673, 337, 1, 0, 0);
INSERT INTO t_vat_revenue (vtr_id, drv_id, vat_id, vtr_amount, vtr_value) VALUES (674, 337, 2, 63.5, 3.3104265);
INSERT INTO t_day_revenue (drv_id, drv_revenue_date, drv_print_date, drv_closing_date, drv_cash, drv_ticket, drv_cheque, drv_card, drv_unpaid, drv_amount, drv_takeaway) VALUES (338, TO_DATE('20/12/2002', 'dd/MM/yyyy'), TO_DATE('26/12/2002', 'dd/MM/yyyy'), TO_DATE('26/12/2002', 'dd/MM/yyyy'), 5.0, 26.38, 609.62, 1741.5, 0.0, 2382.5, false);
INSERT INTO t_vat_revenue (vtr_id, drv_id, vat_id, vtr_amount, vtr_value) VALUES (675, 338, 1, 2382.5, 390.44315);
INSERT INTO t_vat_revenue (vtr_id, drv_id, vat_id, vtr_amount, vtr_value) VALUES (676, 338, 2, 0, 0);
INSERT INTO t_day_revenue (drv_id, drv_revenue_date, drv_print_date, drv_closing_date, drv_cash, drv_ticket, drv_cheque, drv_card, drv_unpaid, drv_amount, drv_takeaway) VALUES (339, TO_DATE('21/12/2002', 'dd/MM/yyyy'), TO_DATE('26/12/2002', 'dd/MM/yyyy'), TO_DATE('26/12/2002', 'dd/MM/yyyy'), 0.0, 0.0, 0.0, 32.0, 0.0, 32.0, true);
INSERT INTO t_vat_revenue (vtr_id, drv_id, vat_id, vtr_amount, vtr_value) VALUES (677, 339, 1, 0, 0);
INSERT INTO t_vat_revenue (vtr_id, drv_id, vat_id, vtr_amount, vtr_value) VALUES (678, 339, 2, 32.0, 1.6682464);
INSERT INTO t_day_revenue (drv_id, drv_revenue_date, drv_print_date, drv_closing_date, drv_cash, drv_ticket, drv_cheque, drv_card, drv_unpaid, drv_amount, drv_takeaway) VALUES (340, TO_DATE('21/12/2002', 'dd/MM/yyyy'), TO_DATE('26/12/2002', 'dd/MM/yyyy'), TO_DATE('26/12/2002', 'dd/MM/yyyy'), 71.5, 14.5, 194.5, 1211.0, 0.0, 1491.5, false);
INSERT INTO t_vat_revenue (vtr_id, drv_id, vat_id, vtr_amount, vtr_value) VALUES (679, 340, 1, 1491.5, 244.42642);
INSERT INTO t_vat_revenue (vtr_id, drv_id, vat_id, vtr_amount, vtr_value) VALUES (680, 340, 2, 0, 0);
INSERT INTO t_day_revenue (drv_id, drv_revenue_date, drv_print_date, drv_closing_date, drv_cash, drv_ticket, drv_cheque, drv_card, drv_unpaid, drv_amount, drv_takeaway) VALUES (341, TO_DATE('22/12/2002', 'dd/MM/yyyy'), TO_DATE('26/12/2002', 'dd/MM/yyyy'), TO_DATE('26/12/2002', 'dd/MM/yyyy'), 0.0, 0.0, 0.0, 0.0, 0.0, 0.0, true);
INSERT INTO t_vat_revenue (vtr_id, drv_id, vat_id, vtr_amount, vtr_value) VALUES (681, 341, 1, 0, 0);
INSERT INTO t_vat_revenue (vtr_id, drv_id, vat_id, vtr_amount, vtr_value) VALUES (682, 341, 2, 0.0, 0.0);
INSERT INTO t_day_revenue (drv_id, drv_revenue_date, drv_print_date, drv_closing_date, drv_cash, drv_ticket, drv_cheque, drv_card, drv_unpaid, drv_amount, drv_takeaway) VALUES (342, TO_DATE('22/12/2002', 'dd/MM/yyyy'), TO_DATE('26/12/2002', 'dd/MM/yyyy'), TO_DATE('26/12/2002', 'dd/MM/yyyy'), 9.0, 21.8, 218.5, 614.7, 0.0, 864.0, false);
INSERT INTO t_vat_revenue (vtr_id, drv_id, vat_id, vtr_amount, vtr_value) VALUES (683, 342, 1, 864.0, 141.59198);
INSERT INTO t_vat_revenue (vtr_id, drv_id, vat_id, vtr_amount, vtr_value) VALUES (684, 342, 2, 0, 0);
INSERT INTO t_day_revenue (drv_id, drv_revenue_date, drv_print_date, drv_closing_date, drv_cash, drv_ticket, drv_cheque, drv_card, drv_unpaid, drv_amount, drv_takeaway) VALUES (343, TO_DATE('23/12/2002', 'dd/MM/yyyy'), TO_DATE('26/12/2002', 'dd/MM/yyyy'), TO_DATE('26/12/2002', 'dd/MM/yyyy'), 0.0, 0.0, 0.0, 59.0, 0.0, 59.0, true);
INSERT INTO t_vat_revenue (vtr_id, drv_id, vat_id, vtr_amount, vtr_value) VALUES (685, 343, 1, 0, 0);
INSERT INTO t_vat_revenue (vtr_id, drv_id, vat_id, vtr_amount, vtr_value) VALUES (686, 343, 2, 59.0, 3.0758293);
INSERT INTO t_day_revenue (drv_id, drv_revenue_date, drv_print_date, drv_closing_date, drv_cash, drv_ticket, drv_cheque, drv_card, drv_unpaid, drv_amount, drv_takeaway) VALUES (344, TO_DATE('23/12/2002', 'dd/MM/yyyy'), TO_DATE('26/12/2002', 'dd/MM/yyyy'), TO_DATE('26/12/2002', 'dd/MM/yyyy'), 121.5, 0.0, 247.0, 968.0, 0.0, 1336.5, false);
INSERT INTO t_vat_revenue (vtr_id, drv_id, vat_id, vtr_amount, vtr_value) VALUES (687, 344, 1, 1336.5, 219.02509);
INSERT INTO t_vat_revenue (vtr_id, drv_id, vat_id, vtr_amount, vtr_value) VALUES (688, 344, 2, 0, 0);
INSERT INTO t_day_revenue (drv_id, drv_revenue_date, drv_print_date, drv_closing_date, drv_cash, drv_ticket, drv_cheque, drv_card, drv_unpaid, drv_amount, drv_takeaway) VALUES (345, TO_DATE('24/12/2002', 'dd/MM/yyyy'), TO_DATE('26/12/2002', 'dd/MM/yyyy'), TO_DATE('26/12/2002', 'dd/MM/yyyy'), 26.5, 0.0, 0.0, 0.0, 0.0, 26.5, true);
INSERT INTO t_vat_revenue (vtr_id, drv_id, vat_id, vtr_amount, vtr_value) VALUES (689, 345, 1, 0, 0);
INSERT INTO t_vat_revenue (vtr_id, drv_id, vat_id, vtr_amount, vtr_value) VALUES (690, 345, 2, 26.5, 1.3815166);
INSERT INTO t_day_revenue (drv_id, drv_revenue_date, drv_print_date, drv_closing_date, drv_cash, drv_ticket, drv_cheque, drv_card, drv_unpaid, drv_amount, drv_takeaway) VALUES (346, TO_DATE('24/12/2002', 'dd/MM/yyyy'), TO_DATE('26/12/2002', 'dd/MM/yyyy'), TO_DATE('26/12/2002', 'dd/MM/yyyy'), -1.0, 21.5, 273.7, 685.8, 0.0, 980.0, false);
INSERT INTO t_vat_revenue (vtr_id, drv_id, vat_id, vtr_amount, vtr_value) VALUES (691, 346, 1, 980.0, 160.602);
INSERT INTO t_vat_revenue (vtr_id, drv_id, vat_id, vtr_amount, vtr_value) VALUES (692, 346, 2, 0, 0);
INSERT INTO t_day_revenue (drv_id, drv_revenue_date, drv_print_date, drv_closing_date, drv_cash, drv_ticket, drv_cheque, drv_card, drv_unpaid, drv_amount, drv_takeaway) VALUES (347, TO_DATE('25/12/2002', 'dd/MM/yyyy'), TO_DATE('26/12/2002', 'dd/MM/yyyy'), TO_DATE('26/12/2002', 'dd/MM/yyyy'), 0.0, 0.0, 0.0, 17.0, 0.0, 17.0, true);
INSERT INTO t_vat_revenue (vtr_id, drv_id, vat_id, vtr_amount, vtr_value) VALUES (693, 347, 1, 0, 0);
INSERT INTO t_vat_revenue (vtr_id, drv_id, vat_id, vtr_amount, vtr_value) VALUES (694, 347, 2, 17.0, 0.8862559);
INSERT INTO t_day_revenue (drv_id, drv_revenue_date, drv_print_date, drv_closing_date, drv_cash, drv_ticket, drv_cheque, drv_card, drv_unpaid, drv_amount, drv_takeaway) VALUES (348, TO_DATE('25/12/2002', 'dd/MM/yyyy'), TO_DATE('26/12/2002', 'dd/MM/yyyy'), TO_DATE('26/12/2002', 'dd/MM/yyyy'), -2.0, 35.0, 248.0, 802.0, 0.0, 1083.0, false);
INSERT INTO t_vat_revenue (vtr_id, drv_id, vat_id, vtr_amount, vtr_value) VALUES (695, 348, 1, 1083.0, 177.48161);
INSERT INTO t_vat_revenue (vtr_id, drv_id, vat_id, vtr_amount, vtr_value) VALUES (696, 348, 2, 0, 0);
INSERT INTO t_day_revenue (drv_id, drv_revenue_date, drv_print_date, drv_closing_date, drv_cash, drv_ticket, drv_cheque, drv_card, drv_unpaid, drv_amount, drv_takeaway) VALUES (349, TO_DATE('26/12/2002', 'dd/MM/yyyy'), TO_DATE('02/01/2003', 'dd/MM/yyyy'), TO_DATE('02/01/2003', 'dd/MM/yyyy'), 0.0, 0.0, 20.0, 106.0, 0.0, 126.0, true);
INSERT INTO t_vat_revenue (vtr_id, drv_id, vat_id, vtr_amount, vtr_value) VALUES (697, 349, 1, 0, 0);
INSERT INTO t_vat_revenue (vtr_id, drv_id, vat_id, vtr_amount, vtr_value) VALUES (698, 349, 2, 126.0, 6.5687203);
INSERT INTO t_day_revenue (drv_id, drv_revenue_date, drv_print_date, drv_closing_date, drv_cash, drv_ticket, drv_cheque, drv_card, drv_unpaid, drv_amount, drv_takeaway) VALUES (350, TO_DATE('26/12/2002', 'dd/MM/yyyy'), TO_DATE('02/01/2003', 'dd/MM/yyyy'), TO_DATE('02/01/2003', 'dd/MM/yyyy'), 0.0, 24.0, 158.5, 532.0, 0.0, 714.5, false);
INSERT INTO t_vat_revenue (vtr_id, drv_id, vat_id, vtr_amount, vtr_value) VALUES (699, 350, 1, 714.5, 117.09198);
INSERT INTO t_vat_revenue (vtr_id, drv_id, vat_id, vtr_amount, vtr_value) VALUES (700, 350, 2, 0, 0);
INSERT INTO t_day_revenue (drv_id, drv_revenue_date, drv_print_date, drv_closing_date, drv_cash, drv_ticket, drv_cheque, drv_card, drv_unpaid, drv_amount, drv_takeaway) VALUES (351, TO_DATE('27/12/2002', 'dd/MM/yyyy'), TO_DATE('02/01/2003', 'dd/MM/yyyy'), TO_DATE('02/01/2003', 'dd/MM/yyyy'), 0.0, 0.0, 0.0, 28.0, 0.0, 28.0, true);
INSERT INTO t_vat_revenue (vtr_id, drv_id, vat_id, vtr_amount, vtr_value) VALUES (701, 351, 1, 0, 0);
INSERT INTO t_vat_revenue (vtr_id, drv_id, vat_id, vtr_amount, vtr_value) VALUES (702, 351, 2, 28.0, 1.4597156);
INSERT INTO t_day_revenue (drv_id, drv_revenue_date, drv_print_date, drv_closing_date, drv_cash, drv_ticket, drv_cheque, drv_card, drv_unpaid, drv_amount, drv_takeaway) VALUES (352, TO_DATE('27/12/2002', 'dd/MM/yyyy'), TO_DATE('02/01/2003', 'dd/MM/yyyy'), TO_DATE('02/01/2003', 'dd/MM/yyyy'), 28.0, 100.18, 628.0, 557.32, 0.0, 1313.5, false);
INSERT INTO t_vat_revenue (vtr_id, drv_id, vat_id, vtr_amount, vtr_value) VALUES (703, 352, 1, 1313.5, 215.25586);
INSERT INTO t_vat_revenue (vtr_id, drv_id, vat_id, vtr_amount, vtr_value) VALUES (704, 352, 2, 0, 0);
INSERT INTO t_day_revenue (drv_id, drv_revenue_date, drv_print_date, drv_closing_date, drv_cash, drv_ticket, drv_cheque, drv_card, drv_unpaid, drv_amount, drv_takeaway) VALUES (353, TO_DATE('28/12/2002', 'dd/MM/yyyy'), TO_DATE('02/01/2003', 'dd/MM/yyyy'), TO_DATE('02/01/2003', 'dd/MM/yyyy'), 0.0, 0.0, 0.0, 54.5, 0.0, 54.5, true);
INSERT INTO t_vat_revenue (vtr_id, drv_id, vat_id, vtr_amount, vtr_value) VALUES (705, 353, 1, 0, 0);
INSERT INTO t_vat_revenue (vtr_id, drv_id, vat_id, vtr_amount, vtr_value) VALUES (706, 353, 2, 54.5, 2.8412323);
INSERT INTO t_day_revenue (drv_id, drv_revenue_date, drv_print_date, drv_closing_date, drv_cash, drv_ticket, drv_cheque, drv_card, drv_unpaid, drv_amount, drv_takeaway) VALUES (354, TO_DATE('28/12/2002', 'dd/MM/yyyy'), TO_DATE('02/01/2003', 'dd/MM/yyyy'), TO_DATE('02/01/2003', 'dd/MM/yyyy'), 8.0, 40.0, 213.0, 517.0, 0.0, 778.0, false);
INSERT INTO t_vat_revenue (vtr_id, drv_id, vat_id, vtr_amount, vtr_value) VALUES (707, 354, 1, 778.0, 127.49834);
INSERT INTO t_vat_revenue (vtr_id, drv_id, vat_id, vtr_amount, vtr_value) VALUES (708, 354, 2, 0, 0);
INSERT INTO t_day_revenue (drv_id, drv_revenue_date, drv_print_date, drv_closing_date, drv_cash, drv_ticket, drv_cheque, drv_card, drv_unpaid, drv_amount, drv_takeaway) VALUES (355, TO_DATE('29/12/2002', 'dd/MM/yyyy'), TO_DATE('02/01/2003', 'dd/MM/yyyy'), TO_DATE('02/01/2003', 'dd/MM/yyyy'), 0.0, 0.0, 33.0, 120.5, 0.0, 153.5, true);
INSERT INTO t_vat_revenue (vtr_id, drv_id, vat_id, vtr_amount, vtr_value) VALUES (709, 355, 1, 0, 0);
INSERT INTO t_vat_revenue (vtr_id, drv_id, vat_id, vtr_amount, vtr_value) VALUES (710, 355, 2, 153.5, 8.00237);
INSERT INTO t_day_revenue (drv_id, drv_revenue_date, drv_print_date, drv_closing_date, drv_cash, drv_ticket, drv_cheque, drv_card, drv_unpaid, drv_amount, drv_takeaway) VALUES (356, TO_DATE('29/12/2002', 'dd/MM/yyyy'), TO_DATE('02/01/2003', 'dd/MM/yyyy'), TO_DATE('02/01/2003', 'dd/MM/yyyy'), 19.0, 86.0, 263.0, 771.5, 0.0, 1139.5, false);
INSERT INTO t_vat_revenue (vtr_id, drv_id, vat_id, vtr_amount, vtr_value) VALUES (711, 356, 1, 1139.5, 186.74081);
INSERT INTO t_vat_revenue (vtr_id, drv_id, vat_id, vtr_amount, vtr_value) VALUES (712, 356, 2, 0, 0);
INSERT INTO t_day_revenue (drv_id, drv_revenue_date, drv_print_date, drv_closing_date, drv_cash, drv_ticket, drv_cheque, drv_card, drv_unpaid, drv_amount, drv_takeaway) VALUES (357, TO_DATE('30/12/2002', 'dd/MM/yyyy'), TO_DATE('02/01/2003', 'dd/MM/yyyy'), TO_DATE('02/01/2003', 'dd/MM/yyyy'), 0.0, 0.0, 0.0, 48.0, 0.0, 48.0, true);
INSERT INTO t_vat_revenue (vtr_id, drv_id, vat_id, vtr_amount, vtr_value) VALUES (713, 357, 1, 0, 0);
INSERT INTO t_vat_revenue (vtr_id, drv_id, vat_id, vtr_amount, vtr_value) VALUES (714, 357, 2, 48.0, 2.5023696);
INSERT INTO t_day_revenue (drv_id, drv_revenue_date, drv_print_date, drv_closing_date, drv_cash, drv_ticket, drv_cheque, drv_card, drv_unpaid, drv_amount, drv_takeaway) VALUES (358, TO_DATE('30/12/2002', 'dd/MM/yyyy'), TO_DATE('02/01/2003', 'dd/MM/yyyy'), TO_DATE('02/01/2003', 'dd/MM/yyyy'), 68.0, 21.5, 376.0, 812.5, 0.0, 1278.0, false);
INSERT INTO t_vat_revenue (vtr_id, drv_id, vat_id, vtr_amount, vtr_value) VALUES (715, 358, 1, 1278.0, 209.43814);
INSERT INTO t_vat_revenue (vtr_id, drv_id, vat_id, vtr_amount, vtr_value) VALUES (716, 358, 2, 0, 0);
INSERT INTO t_day_revenue (drv_id, drv_revenue_date, drv_print_date, drv_closing_date, drv_cash, drv_ticket, drv_cheque, drv_card, drv_unpaid, drv_amount, drv_takeaway) VALUES (359, TO_DATE('31/12/2002', 'dd/MM/yyyy'), TO_DATE('02/01/2003', 'dd/MM/yyyy'), TO_DATE('02/01/2003', 'dd/MM/yyyy'), 11.5, 0.0, 40.5, 30.5, 0.0, 82.5, true);
INSERT INTO t_vat_revenue (vtr_id, drv_id, vat_id, vtr_amount, vtr_value) VALUES (717, 359, 1, 0, 0);
INSERT INTO t_vat_revenue (vtr_id, drv_id, vat_id, vtr_amount, vtr_value) VALUES (718, 359, 2, 82.5, 4.3009477);
INSERT INTO t_day_revenue (drv_id, drv_revenue_date, drv_print_date, drv_closing_date, drv_cash, drv_ticket, drv_cheque, drv_card, drv_unpaid, drv_amount, drv_takeaway) VALUES (360, TO_DATE('31/12/2002', 'dd/MM/yyyy'), TO_DATE('02/01/2003', 'dd/MM/yyyy'), TO_DATE('02/01/2003', 'dd/MM/yyyy'), 10.0, 82.0, 466.0, 977.5, 0.0, 1535.5, false);
INSERT INTO t_vat_revenue (vtr_id, drv_id, vat_id, vtr_amount, vtr_value) VALUES (719, 360, 1, 1535.5, 251.63713);
INSERT INTO t_vat_revenue (vtr_id, drv_id, vat_id, vtr_amount, vtr_value) VALUES (720, 360, 2, 0, 0);
INSERT INTO t_day_revenue (drv_id, drv_revenue_date, drv_print_date, drv_closing_date, drv_cash, drv_ticket, drv_cheque, drv_card, drv_unpaid, drv_amount, drv_takeaway) VALUES (361, TO_DATE('01/01/2003', 'dd/MM/yyyy'), TO_DATE('02/01/2003', 'dd/MM/yyyy'), TO_DATE('02/01/2003', 'dd/MM/yyyy'), 0.0, 0.0, 0.0, 79.0, 0.0, 79.0, true);
INSERT INTO t_vat_revenue (vtr_id, drv_id, vat_id, vtr_amount, vtr_value) VALUES (721, 361, 1, 0, 0);
INSERT INTO t_vat_revenue (vtr_id, drv_id, vat_id, vtr_amount, vtr_value) VALUES (722, 361, 2, 79.0, 4.1184835);
INSERT INTO t_day_revenue (drv_id, drv_revenue_date, drv_print_date, drv_closing_date, drv_cash, drv_ticket, drv_cheque, drv_card, drv_unpaid, drv_amount, drv_takeaway) VALUES (362, TO_DATE('01/01/2003', 'dd/MM/yyyy'), TO_DATE('02/01/2003', 'dd/MM/yyyy'), TO_DATE('02/01/2003', 'dd/MM/yyyy'), 26.0, 6.5, 268.5, 917.5, 0.0, 1218.5, false);
INSERT INTO t_vat_revenue (vtr_id, drv_id, vat_id, vtr_amount, vtr_value) VALUES (723, 362, 1, 1218.5, 199.68729);
INSERT INTO t_vat_revenue (vtr_id, drv_id, vat_id, vtr_amount, vtr_value) VALUES (724, 362, 2, 0, 0);
INSERT INTO t_day_revenue (drv_id, drv_revenue_date, drv_print_date, drv_closing_date, drv_cash, drv_ticket, drv_cheque, drv_card, drv_unpaid, drv_amount, drv_takeaway) VALUES (363, TO_DATE('02/01/2003', 'dd/MM/yyyy'), TO_DATE('09/01/2003', 'dd/MM/yyyy'), TO_DATE('09/01/2003', 'dd/MM/yyyy'), 0.0, 0.0, 112.5, 80.0, 0.0, 192.5, true);
INSERT INTO t_vat_revenue (vtr_id, drv_id, vat_id, vtr_amount, vtr_value) VALUES (725, 363, 1, 0, 0);
INSERT INTO t_vat_revenue (vtr_id, drv_id, vat_id, vtr_amount, vtr_value) VALUES (726, 363, 2, 192.5, 10.035545);
INSERT INTO t_day_revenue (drv_id, drv_revenue_date, drv_print_date, drv_closing_date, drv_cash, drv_ticket, drv_cheque, drv_card, drv_unpaid, drv_amount, drv_takeaway) VALUES (364, TO_DATE('02/01/2003', 'dd/MM/yyyy'), TO_DATE('09/01/2003', 'dd/MM/yyyy'), TO_DATE('09/01/2003', 'dd/MM/yyyy'), 11.7, 25.3, 204.5, 468.5, 0.0, 710.0, false);
INSERT INTO t_vat_revenue (vtr_id, drv_id, vat_id, vtr_amount, vtr_value) VALUES (727, 364, 1, 710.0, 116.354515);
INSERT INTO t_vat_revenue (vtr_id, drv_id, vat_id, vtr_amount, vtr_value) VALUES (728, 364, 2, 0, 0);
INSERT INTO t_day_revenue (drv_id, drv_revenue_date, drv_print_date, drv_closing_date, drv_cash, drv_ticket, drv_cheque, drv_card, drv_unpaid, drv_amount, drv_takeaway) VALUES (365, TO_DATE('03/01/2003', 'dd/MM/yyyy'), TO_DATE('09/01/2003', 'dd/MM/yyyy'), TO_DATE('09/01/2003', 'dd/MM/yyyy'), 15.0, 0.0, 0.0, 64.0, 0.0, 79.0, true);
INSERT INTO t_vat_revenue (vtr_id, drv_id, vat_id, vtr_amount, vtr_value) VALUES (729, 365, 1, 0, 0);
INSERT INTO t_vat_revenue (vtr_id, drv_id, vat_id, vtr_amount, vtr_value) VALUES (730, 365, 2, 79.0, 4.1184835);
INSERT INTO t_day_revenue (drv_id, drv_revenue_date, drv_print_date, drv_closing_date, drv_cash, drv_ticket, drv_cheque, drv_card, drv_unpaid, drv_amount, drv_takeaway) VALUES (366, TO_DATE('03/01/2003', 'dd/MM/yyyy'), TO_DATE('09/01/2003', 'dd/MM/yyyy'), TO_DATE('09/01/2003', 'dd/MM/yyyy'), 0.0, 0.0, 623.9, 825.6, 0.0, 1449.5, false);
INSERT INTO t_vat_revenue (vtr_id, drv_id, vat_id, vtr_amount, vtr_value) VALUES (731, 366, 1, 1449.5, 237.54349);
INSERT INTO t_vat_revenue (vtr_id, drv_id, vat_id, vtr_amount, vtr_value) VALUES (732, 366, 2, 0, 0);
INSERT INTO t_day_revenue (drv_id, drv_revenue_date, drv_print_date, drv_closing_date, drv_cash, drv_ticket, drv_cheque, drv_card, drv_unpaid, drv_amount, drv_takeaway) VALUES (367, TO_DATE('04/01/2003', 'dd/MM/yyyy'), TO_DATE('09/01/2003', 'dd/MM/yyyy'), TO_DATE('09/01/2003', 'dd/MM/yyyy'), 0.0, 0.0, 0.0, 23.5, 0.0, 23.5, true);
INSERT INTO t_vat_revenue (vtr_id, drv_id, vat_id, vtr_amount, vtr_value) VALUES (733, 367, 1, 0, 0);
INSERT INTO t_vat_revenue (vtr_id, drv_id, vat_id, vtr_amount, vtr_value) VALUES (734, 367, 2, 23.5, 1.2251185);
INSERT INTO t_day_revenue (drv_id, drv_revenue_date, drv_print_date, drv_closing_date, drv_cash, drv_ticket, drv_cheque, drv_card, drv_unpaid, drv_amount, drv_takeaway) VALUES (368, TO_DATE('04/01/2003', 'dd/MM/yyyy'), TO_DATE('09/01/2003', 'dd/MM/yyyy'), TO_DATE('09/01/2003', 'dd/MM/yyyy'), 56.0, 35.81, 265.8, 673.39, 0.0, 1031.0, false);
INSERT INTO t_vat_revenue (vtr_id, drv_id, vat_id, vtr_amount, vtr_value) VALUES (735, 368, 1, 1031.0, 168.95987);
INSERT INTO t_vat_revenue (vtr_id, drv_id, vat_id, vtr_amount, vtr_value) VALUES (736, 368, 2, 0, 0);
INSERT INTO t_day_revenue (drv_id, drv_revenue_date, drv_print_date, drv_closing_date, drv_cash, drv_ticket, drv_cheque, drv_card, drv_unpaid, drv_amount, drv_takeaway) VALUES (369, TO_DATE('05/01/2003', 'dd/MM/yyyy'), TO_DATE('09/01/2003', 'dd/MM/yyyy'), TO_DATE('09/01/2003', 'dd/MM/yyyy'), 0.0, 0.0, 0.0, 34.0, 0.0, 34.0, true);
INSERT INTO t_vat_revenue (vtr_id, drv_id, vat_id, vtr_amount, vtr_value) VALUES (737, 369, 1, 0, 0);
INSERT INTO t_vat_revenue (vtr_id, drv_id, vat_id, vtr_amount, vtr_value) VALUES (738, 369, 2, 34.0, 1.7725118);
INSERT INTO t_day_revenue (drv_id, drv_revenue_date, drv_print_date, drv_closing_date, drv_cash, drv_ticket, drv_cheque, drv_card, drv_unpaid, drv_amount, drv_takeaway) VALUES (370, TO_DATE('05/01/2003', 'dd/MM/yyyy'), TO_DATE('09/01/2003', 'dd/MM/yyyy'), TO_DATE('09/01/2003', 'dd/MM/yyyy'), 0.0, 0.0, 107.0, 554.0, 0.0, 661.0, false);
INSERT INTO t_vat_revenue (vtr_id, drv_id, vat_id, vtr_amount, vtr_value) VALUES (739, 370, 1, 661.0, 108.324425);
INSERT INTO t_vat_revenue (vtr_id, drv_id, vat_id, vtr_amount, vtr_value) VALUES (740, 370, 2, 0, 0);
INSERT INTO t_day_revenue (drv_id, drv_revenue_date, drv_print_date, drv_closing_date, drv_cash, drv_ticket, drv_cheque, drv_card, drv_unpaid, drv_amount, drv_takeaway) VALUES (371, TO_DATE('06/01/2003', 'dd/MM/yyyy'), TO_DATE('09/01/2003', 'dd/MM/yyyy'), TO_DATE('09/01/2003', 'dd/MM/yyyy'), 0.0, 0.0, 0.0, 0.0, 0.0, 0.0, true);
INSERT INTO t_vat_revenue (vtr_id, drv_id, vat_id, vtr_amount, vtr_value) VALUES (741, 371, 1, 0, 0);
INSERT INTO t_vat_revenue (vtr_id, drv_id, vat_id, vtr_amount, vtr_value) VALUES (742, 371, 2, 0.0, 0.0);
INSERT INTO t_day_revenue (drv_id, drv_revenue_date, drv_print_date, drv_closing_date, drv_cash, drv_ticket, drv_cheque, drv_card, drv_unpaid, drv_amount, drv_takeaway) VALUES (372, TO_DATE('06/01/2003', 'dd/MM/yyyy'), TO_DATE('09/01/2003', 'dd/MM/yyyy'), TO_DATE('09/01/2003', 'dd/MM/yyyy'), 117.5, 79.0, 153.0, 262.0, 0.0, 611.5, false);
INSERT INTO t_vat_revenue (vtr_id, drv_id, vat_id, vtr_amount, vtr_value) VALUES (743, 372, 1, 611.5, 100.21238);
INSERT INTO t_vat_revenue (vtr_id, drv_id, vat_id, vtr_amount, vtr_value) VALUES (744, 372, 2, 0, 0);
INSERT INTO t_day_revenue (drv_id, drv_revenue_date, drv_print_date, drv_closing_date, drv_cash, drv_ticket, drv_cheque, drv_card, drv_unpaid, drv_amount, drv_takeaway) VALUES (373, TO_DATE('07/01/2003', 'dd/MM/yyyy'), TO_DATE('09/01/2003', 'dd/MM/yyyy'), TO_DATE('09/01/2003', 'dd/MM/yyyy'), 0.0, 0.0, 0.0, 0.0, 0.0, 0.0, true);
INSERT INTO t_vat_revenue (vtr_id, drv_id, vat_id, vtr_amount, vtr_value) VALUES (745, 373, 1, 0, 0);
INSERT INTO t_vat_revenue (vtr_id, drv_id, vat_id, vtr_amount, vtr_value) VALUES (746, 373, 2, 0.0, 0.0);
INSERT INTO t_day_revenue (drv_id, drv_revenue_date, drv_print_date, drv_closing_date, drv_cash, drv_ticket, drv_cheque, drv_card, drv_unpaid, drv_amount, drv_takeaway) VALUES (374, TO_DATE('07/01/2003', 'dd/MM/yyyy'), TO_DATE('09/01/2003', 'dd/MM/yyyy'), TO_DATE('09/01/2003', 'dd/MM/yyyy'), 0.0, 0.0, 260.5, 796.0, 0.0, 1056.5, false);
INSERT INTO t_vat_revenue (vtr_id, drv_id, vat_id, vtr_amount, vtr_value) VALUES (747, 374, 1, 1056.5, 173.1388);
INSERT INTO t_vat_revenue (vtr_id, drv_id, vat_id, vtr_amount, vtr_value) VALUES (748, 374, 2, 0, 0);
INSERT INTO t_day_revenue (drv_id, drv_revenue_date, drv_print_date, drv_closing_date, drv_cash, drv_ticket, drv_cheque, drv_card, drv_unpaid, drv_amount, drv_takeaway) VALUES (375, TO_DATE('08/01/2003', 'dd/MM/yyyy'), TO_DATE('09/01/2003', 'dd/MM/yyyy'), TO_DATE('16/01/2003', 'dd/MM/yyyy'), 0.0, 0.0, 59.65, 43.0, 0.0, 102.65, true);
INSERT INTO t_vat_revenue (vtr_id, drv_id, vat_id, vtr_amount, vtr_value) VALUES (749, 375, 1, 0, 0);
INSERT INTO t_vat_revenue (vtr_id, drv_id, vat_id, vtr_amount, vtr_value) VALUES (750, 375, 2, 102.65, 5.351422);
INSERT INTO t_day_revenue (drv_id, drv_revenue_date, drv_print_date, drv_closing_date, drv_cash, drv_ticket, drv_cheque, drv_card, drv_unpaid, drv_amount, drv_takeaway) VALUES (376, TO_DATE('08/01/2003', 'dd/MM/yyyy'), TO_DATE('09/01/2003', 'dd/MM/yyyy'), TO_DATE('16/01/2003', 'dd/MM/yyyy'), 26.3, 42.2, 406.5, 504.0, 0.0, 979.0, false);
INSERT INTO t_vat_revenue (vtr_id, drv_id, vat_id, vtr_amount, vtr_value) VALUES (751, 376, 1, 979.0, 160.43813);
INSERT INTO t_vat_revenue (vtr_id, drv_id, vat_id, vtr_amount, vtr_value) VALUES (752, 376, 2, 0, 0);
INSERT INTO t_day_revenue (drv_id, drv_revenue_date, drv_print_date, drv_closing_date, drv_cash, drv_ticket, drv_cheque, drv_card, drv_unpaid, drv_amount, drv_takeaway) VALUES (377, TO_DATE('09/01/2003', 'dd/MM/yyyy'), TO_DATE('16/01/2003', 'dd/MM/yyyy'), TO_DATE('16/01/2003', 'dd/MM/yyyy'), 0.0, 0.0, 0.0, 0.0, 0.0, 0.0, true);
INSERT INTO t_vat_revenue (vtr_id, drv_id, vat_id, vtr_amount, vtr_value) VALUES (753, 377, 1, 0, 0);
INSERT INTO t_vat_revenue (vtr_id, drv_id, vat_id, vtr_amount, vtr_value) VALUES (754, 377, 2, 0.0, 0.0);
INSERT INTO t_day_revenue (drv_id, drv_revenue_date, drv_print_date, drv_closing_date, drv_cash, drv_ticket, drv_cheque, drv_card, drv_unpaid, drv_amount, drv_takeaway) VALUES (378, TO_DATE('09/01/2003', 'dd/MM/yyyy'), TO_DATE('16/01/2003', 'dd/MM/yyyy'), TO_DATE('16/01/2003', 'dd/MM/yyyy'), 28.0, 105.5, 340.0, 488.5, 0.0, 962.0, false);
INSERT INTO t_vat_revenue (vtr_id, drv_id, vat_id, vtr_amount, vtr_value) VALUES (755, 378, 1, 962.0, 157.65219);
INSERT INTO t_vat_revenue (vtr_id, drv_id, vat_id, vtr_amount, vtr_value) VALUES (756, 378, 2, 0, 0);
INSERT INTO t_day_revenue (drv_id, drv_revenue_date, drv_print_date, drv_closing_date, drv_cash, drv_ticket, drv_cheque, drv_card, drv_unpaid, drv_amount, drv_takeaway) VALUES (379, TO_DATE('10/01/2003', 'dd/MM/yyyy'), TO_DATE('16/01/2003', 'dd/MM/yyyy'), TO_DATE('16/01/2003', 'dd/MM/yyyy'), 15.0, 0.0, 0.0, 0.0, 0.0, 15.0, true);
INSERT INTO t_vat_revenue (vtr_id, drv_id, vat_id, vtr_amount, vtr_value) VALUES (757, 379, 1, 0, 0);
INSERT INTO t_vat_revenue (vtr_id, drv_id, vat_id, vtr_amount, vtr_value) VALUES (758, 379, 2, 15.0, 0.7819905);
INSERT INTO t_day_revenue (drv_id, drv_revenue_date, drv_print_date, drv_closing_date, drv_cash, drv_ticket, drv_cheque, drv_card, drv_unpaid, drv_amount, drv_takeaway) VALUES (380, TO_DATE('10/01/2003', 'dd/MM/yyyy'), TO_DATE('16/01/2003', 'dd/MM/yyyy'), TO_DATE('16/01/2003', 'dd/MM/yyyy'), 17.5, 22.2, 1075.7, 1159.1, 0.0, 2274.5, false);
INSERT INTO t_vat_revenue (vtr_id, drv_id, vat_id, vtr_amount, vtr_value) VALUES (759, 380, 1, 2274.5, 372.74414);
INSERT INTO t_vat_revenue (vtr_id, drv_id, vat_id, vtr_amount, vtr_value) VALUES (760, 380, 2, 0, 0);
INSERT INTO t_day_revenue (drv_id, drv_revenue_date, drv_print_date, drv_closing_date, drv_cash, drv_ticket, drv_cheque, drv_card, drv_unpaid, drv_amount, drv_takeaway) VALUES (381, TO_DATE('11/01/2003', 'dd/MM/yyyy'), TO_DATE('16/01/2003', 'dd/MM/yyyy'), TO_DATE('16/01/2003', 'dd/MM/yyyy'), 0.0, 0.0, 0.0, 188.5, 0.0, 188.5, true);
INSERT INTO t_vat_revenue (vtr_id, drv_id, vat_id, vtr_amount, vtr_value) VALUES (761, 381, 1, 0, 0);
INSERT INTO t_vat_revenue (vtr_id, drv_id, vat_id, vtr_amount, vtr_value) VALUES (762, 381, 2, 188.5, 9.827014);
INSERT INTO t_day_revenue (drv_id, drv_revenue_date, drv_print_date, drv_closing_date, drv_cash, drv_ticket, drv_cheque, drv_card, drv_unpaid, drv_amount, drv_takeaway) VALUES (382, TO_DATE('11/01/2003', 'dd/MM/yyyy'), TO_DATE('16/01/2003', 'dd/MM/yyyy'), TO_DATE('16/01/2003', 'dd/MM/yyyy'), 14.6, 196.1, 423.3, 1326.0, 0.0, 1960.0, false);
INSERT INTO t_vat_revenue (vtr_id, drv_id, vat_id, vtr_amount, vtr_value) VALUES (763, 382, 1, 1960.0, 321.204);
INSERT INTO t_vat_revenue (vtr_id, drv_id, vat_id, vtr_amount, vtr_value) VALUES (764, 382, 2, 0, 0);
INSERT INTO t_day_revenue (drv_id, drv_revenue_date, drv_print_date, drv_closing_date, drv_cash, drv_ticket, drv_cheque, drv_card, drv_unpaid, drv_amount, drv_takeaway) VALUES (383, TO_DATE('12/01/2003', 'dd/MM/yyyy'), TO_DATE('16/01/2003', 'dd/MM/yyyy'), TO_DATE('16/01/2003', 'dd/MM/yyyy'), 0.0, 0.0, 0.0, 14.0, 0.0, 14.0, true);
INSERT INTO t_vat_revenue (vtr_id, drv_id, vat_id, vtr_amount, vtr_value) VALUES (765, 383, 1, 0, 0);
INSERT INTO t_vat_revenue (vtr_id, drv_id, vat_id, vtr_amount, vtr_value) VALUES (766, 383, 2, 14.0, 0.7298578);
INSERT INTO t_day_revenue (drv_id, drv_revenue_date, drv_print_date, drv_closing_date, drv_cash, drv_ticket, drv_cheque, drv_card, drv_unpaid, drv_amount, drv_takeaway) VALUES (384, TO_DATE('12/01/2003', 'dd/MM/yyyy'), TO_DATE('16/01/2003', 'dd/MM/yyyy'), TO_DATE('16/01/2003', 'dd/MM/yyyy'), 29.08, 157.42, 334.5, 387.5, 0.0, 908.5, false);
INSERT INTO t_vat_revenue (vtr_id, drv_id, vat_id, vtr_amount, vtr_value) VALUES (767, 384, 1, 908.5, 148.88461);
INSERT INTO t_vat_revenue (vtr_id, drv_id, vat_id, vtr_amount, vtr_value) VALUES (768, 384, 2, 0, 0);
INSERT INTO t_day_revenue (drv_id, drv_revenue_date, drv_print_date, drv_closing_date, drv_cash, drv_ticket, drv_cheque, drv_card, drv_unpaid, drv_amount, drv_takeaway) VALUES (385, TO_DATE('13/01/2003', 'dd/MM/yyyy'), TO_DATE('16/01/2003', 'dd/MM/yyyy'), TO_DATE('16/01/2003', 'dd/MM/yyyy'), 0.0, 0.0, 0.0, 31.0, 0.0, 31.0, true);
INSERT INTO t_vat_revenue (vtr_id, drv_id, vat_id, vtr_amount, vtr_value) VALUES (769, 385, 1, 0, 0);
INSERT INTO t_vat_revenue (vtr_id, drv_id, vat_id, vtr_amount, vtr_value) VALUES (770, 385, 2, 31.0, 1.6161138);
INSERT INTO t_day_revenue (drv_id, drv_revenue_date, drv_print_date, drv_closing_date, drv_cash, drv_ticket, drv_cheque, drv_card, drv_unpaid, drv_amount, drv_takeaway) VALUES (386, TO_DATE('13/01/2003', 'dd/MM/yyyy'), TO_DATE('16/01/2003', 'dd/MM/yyyy'), TO_DATE('16/01/2003', 'dd/MM/yyyy'), 30.0, 51.5, 177.5, 567.5, 0.0, 826.5, false);
INSERT INTO t_vat_revenue (vtr_id, drv_id, vat_id, vtr_amount, vtr_value) VALUES (771, 386, 1, 826.5, 135.44649);
INSERT INTO t_vat_revenue (vtr_id, drv_id, vat_id, vtr_amount, vtr_value) VALUES (772, 386, 2, 0, 0);
INSERT INTO t_day_revenue (drv_id, drv_revenue_date, drv_print_date, drv_closing_date, drv_cash, drv_ticket, drv_cheque, drv_card, drv_unpaid, drv_amount, drv_takeaway) VALUES (387, TO_DATE('14/01/2003', 'dd/MM/yyyy'), TO_DATE('14/01/2003', 'dd/MM/yyyy'), TO_DATE('14/01/2003', 'dd/MM/yyyy'), 30.5, 0.0, 0.0, 82.5, 0.0, 113.0, true);
INSERT INTO t_vat_revenue (vtr_id, drv_id, vat_id, vtr_amount, vtr_value) VALUES (773, 387, 1, 0, 0);
INSERT INTO t_vat_revenue (vtr_id, drv_id, vat_id, vtr_amount, vtr_value) VALUES (774, 387, 2, 113.0, 5.890995);
INSERT INTO t_day_revenue (drv_id, drv_revenue_date, drv_print_date, drv_closing_date, drv_cash, drv_ticket, drv_cheque, drv_card, drv_unpaid, drv_amount, drv_takeaway) VALUES (388, TO_DATE('14/01/2003', 'dd/MM/yyyy'), TO_DATE('14/01/2003', 'dd/MM/yyyy'), TO_DATE('14/01/2003', 'dd/MM/yyyy'), 43.5, 58.0, 292.0, 465.0, 0.0, 858.5, false);
INSERT INTO t_vat_revenue (vtr_id, drv_id, vat_id, vtr_amount, vtr_value) VALUES (775, 388, 1, 858.5, 140.69063);
INSERT INTO t_vat_revenue (vtr_id, drv_id, vat_id, vtr_amount, vtr_value) VALUES (776, 388, 2, 0, 0);
INSERT INTO t_day_revenue (drv_id, drv_revenue_date, drv_print_date, drv_closing_date, drv_cash, drv_ticket, drv_cheque, drv_card, drv_unpaid, drv_amount, drv_takeaway) VALUES (389, TO_DATE('15/01/2003', 'dd/MM/yyyy'), TO_DATE('16/01/2003', 'dd/MM/yyyy'), TO_DATE('16/01/2003', 'dd/MM/yyyy'), 0.0, 0.0, 131.0, 283.25, 0.0, 414.25, true);
INSERT INTO t_vat_revenue (vtr_id, drv_id, vat_id, vtr_amount, vtr_value) VALUES (777, 389, 1, 0, 0);
INSERT INTO t_vat_revenue (vtr_id, drv_id, vat_id, vtr_amount, vtr_value) VALUES (778, 389, 2, 414.25, 21.595972);
INSERT INTO t_day_revenue (drv_id, drv_revenue_date, drv_print_date, drv_closing_date, drv_cash, drv_ticket, drv_cheque, drv_card, drv_unpaid, drv_amount, drv_takeaway) VALUES (390, TO_DATE('15/01/2003', 'dd/MM/yyyy'), TO_DATE('16/01/2003', 'dd/MM/yyyy'), TO_DATE('16/01/2003', 'dd/MM/yyyy'), 42.7, 27.8, 16.0, 602.0, 0.0, 688.5, false);
INSERT INTO t_vat_revenue (vtr_id, drv_id, vat_id, vtr_amount, vtr_value) VALUES (779, 390, 1, 688.5, 112.83111);
INSERT INTO t_vat_revenue (vtr_id, drv_id, vat_id, vtr_amount, vtr_value) VALUES (780, 390, 2, 0, 0);
INSERT INTO t_day_revenue (drv_id, drv_revenue_date, drv_print_date, drv_closing_date, drv_cash, drv_ticket, drv_cheque, drv_card, drv_unpaid, drv_amount, drv_takeaway) VALUES (391, TO_DATE('16/01/2003', 'dd/MM/yyyy'), TO_DATE('30/01/2003', 'dd/MM/yyyy'), TO_DATE('30/01/2003', 'dd/MM/yyyy'), 0.0, 0.0, 26.5, 96.5, 0.0, 123.0, true);
INSERT INTO t_vat_revenue (vtr_id, drv_id, vat_id, vtr_amount, vtr_value) VALUES (781, 391, 1, 0, 0);
INSERT INTO t_vat_revenue (vtr_id, drv_id, vat_id, vtr_amount, vtr_value) VALUES (782, 391, 2, 123.0, 6.412322);
INSERT INTO t_day_revenue (drv_id, drv_revenue_date, drv_print_date, drv_closing_date, drv_cash, drv_ticket, drv_cheque, drv_card, drv_unpaid, drv_amount, drv_takeaway) VALUES (392, TO_DATE('16/01/2003', 'dd/MM/yyyy'), TO_DATE('30/01/2003', 'dd/MM/yyyy'), TO_DATE('30/01/2003', 'dd/MM/yyyy'), 19.0, 12.9, 221.5, 493.1, 0.0, 746.5, false);
INSERT INTO t_vat_revenue (vtr_id, drv_id, vat_id, vtr_amount, vtr_value) VALUES (783, 392, 1, 746.5, 122.33613);
INSERT INTO t_vat_revenue (vtr_id, drv_id, vat_id, vtr_amount, vtr_value) VALUES (784, 392, 2, 0, 0);
INSERT INTO t_day_revenue (drv_id, drv_revenue_date, drv_print_date, drv_closing_date, drv_cash, drv_ticket, drv_cheque, drv_card, drv_unpaid, drv_amount, drv_takeaway) VALUES (393, TO_DATE('17/01/2003', 'dd/MM/yyyy'), TO_DATE('30/01/2003', 'dd/MM/yyyy'), TO_DATE('30/01/2003', 'dd/MM/yyyy'), 0.0, 0.0, 0.0, 94.0, 0.0, 94.0, true);
INSERT INTO t_vat_revenue (vtr_id, drv_id, vat_id, vtr_amount, vtr_value) VALUES (785, 393, 1, 0, 0);
INSERT INTO t_vat_revenue (vtr_id, drv_id, vat_id, vtr_amount, vtr_value) VALUES (786, 393, 2, 94.0, 4.900474);
INSERT INTO t_day_revenue (drv_id, drv_revenue_date, drv_print_date, drv_closing_date, drv_cash, drv_ticket, drv_cheque, drv_card, drv_unpaid, drv_amount, drv_takeaway) VALUES (394, TO_DATE('17/01/2003', 'dd/MM/yyyy'), TO_DATE('30/01/2003', 'dd/MM/yyyy'), TO_DATE('30/01/2003', 'dd/MM/yyyy'), 17.5, 15.24, 261.0, 1163.26, 0.0, 1457.0, false);
INSERT INTO t_vat_revenue (vtr_id, drv_id, vat_id, vtr_amount, vtr_value) VALUES (787, 394, 1, 1457.0, 238.77258);
INSERT INTO t_vat_revenue (vtr_id, drv_id, vat_id, vtr_amount, vtr_value) VALUES (788, 394, 2, 0, 0);
INSERT INTO t_day_revenue (drv_id, drv_revenue_date, drv_print_date, drv_closing_date, drv_cash, drv_ticket, drv_cheque, drv_card, drv_unpaid, drv_amount, drv_takeaway) VALUES (395, TO_DATE('18/01/2003', 'dd/MM/yyyy'), TO_DATE('30/01/2003', 'dd/MM/yyyy'), TO_DATE('30/01/2003', 'dd/MM/yyyy'), 26.5, 13.33, 144.67, 50.0, 0.0, 234.5, true);
INSERT INTO t_vat_revenue (vtr_id, drv_id, vat_id, vtr_amount, vtr_value) VALUES (789, 395, 1, 0, 0);
INSERT INTO t_vat_revenue (vtr_id, drv_id, vat_id, vtr_amount, vtr_value) VALUES (790, 395, 2, 234.5, 12.225119);
INSERT INTO t_day_revenue (drv_id, drv_revenue_date, drv_print_date, drv_closing_date, drv_cash, drv_ticket, drv_cheque, drv_card, drv_unpaid, drv_amount, drv_takeaway) VALUES (396, TO_DATE('18/01/2003', 'dd/MM/yyyy'), TO_DATE('30/01/2003', 'dd/MM/yyyy'), TO_DATE('30/01/2003', 'dd/MM/yyyy'), -0.5, 44.6, 1284.5, 1040.4, 0.0, 2369.0, false);
INSERT INTO t_vat_revenue (vtr_id, drv_id, vat_id, vtr_amount, vtr_value) VALUES (791, 396, 1, 2369.0, 388.2308);
INSERT INTO t_vat_revenue (vtr_id, drv_id, vat_id, vtr_amount, vtr_value) VALUES (792, 396, 2, 0, 0);
INSERT INTO t_day_revenue (drv_id, drv_revenue_date, drv_print_date, drv_closing_date, drv_cash, drv_ticket, drv_cheque, drv_card, drv_unpaid, drv_amount, drv_takeaway) VALUES (397, TO_DATE('19/01/2003', 'dd/MM/yyyy'), TO_DATE('30/01/2003', 'dd/MM/yyyy'), TO_DATE('30/01/2003', 'dd/MM/yyyy'), 0.0, 0.0, 0.0, 0.0, 0.0, 0.0, true);
INSERT INTO t_vat_revenue (vtr_id, drv_id, vat_id, vtr_amount, vtr_value) VALUES (793, 397, 1, 0, 0);
INSERT INTO t_vat_revenue (vtr_id, drv_id, vat_id, vtr_amount, vtr_value) VALUES (794, 397, 2, 0.0, 0.0);
INSERT INTO t_day_revenue (drv_id, drv_revenue_date, drv_print_date, drv_closing_date, drv_cash, drv_ticket, drv_cheque, drv_card, drv_unpaid, drv_amount, drv_takeaway) VALUES (398, TO_DATE('19/01/2003', 'dd/MM/yyyy'), TO_DATE('30/01/2003', 'dd/MM/yyyy'), TO_DATE('30/01/2003', 'dd/MM/yyyy'), 10.5, 13.0, 89.0, 906.0, 0.0, 1018.5, false);
INSERT INTO t_vat_revenue (vtr_id, drv_id, vat_id, vtr_amount, vtr_value) VALUES (795, 398, 1, 1018.5, 166.91138);
INSERT INTO t_vat_revenue (vtr_id, drv_id, vat_id, vtr_amount, vtr_value) VALUES (796, 398, 2, 0, 0);
INSERT INTO t_day_revenue (drv_id, drv_revenue_date, drv_print_date, drv_closing_date, drv_cash, drv_ticket, drv_cheque, drv_card, drv_unpaid, drv_amount, drv_takeaway) VALUES (399, TO_DATE('20/01/2003', 'dd/MM/yyyy'), TO_DATE('30/01/2003', 'dd/MM/yyyy'), TO_DATE('30/01/2003', 'dd/MM/yyyy'), 0.0, 0.0, 0.0, 44.5, 0.0, 44.5, true);
INSERT INTO t_vat_revenue (vtr_id, drv_id, vat_id, vtr_amount, vtr_value) VALUES (797, 399, 1, 0, 0);
INSERT INTO t_vat_revenue (vtr_id, drv_id, vat_id, vtr_amount, vtr_value) VALUES (798, 399, 2, 44.5, 2.3199053);
INSERT INTO t_day_revenue (drv_id, drv_revenue_date, drv_print_date, drv_closing_date, drv_cash, drv_ticket, drv_cheque, drv_card, drv_unpaid, drv_amount, drv_takeaway) VALUES (400, TO_DATE('20/01/2003', 'dd/MM/yyyy'), TO_DATE('30/01/2003', 'dd/MM/yyyy'), TO_DATE('30/01/2003', 'dd/MM/yyyy'), 0.0, 28.5, 168.5, 326.0, 0.0, 523.0, false);
INSERT INTO t_vat_revenue (vtr_id, drv_id, vat_id, vtr_amount, vtr_value) VALUES (799, 400, 1, 523.0, 85.70903);
INSERT INTO t_vat_revenue (vtr_id, drv_id, vat_id, vtr_amount, vtr_value) VALUES (800, 400, 2, 0, 0);
INSERT INTO t_day_revenue (drv_id, drv_revenue_date, drv_print_date, drv_closing_date, drv_cash, drv_ticket, drv_cheque, drv_card, drv_unpaid, drv_amount, drv_takeaway) VALUES (401, TO_DATE('21/01/2003', 'dd/MM/yyyy'), TO_DATE('30/01/2003', 'dd/MM/yyyy'), TO_DATE('30/01/2003', 'dd/MM/yyyy'), 0.0, 0.0, 0.0, 47.0, 0.0, 47.0, true);
INSERT INTO t_vat_revenue (vtr_id, drv_id, vat_id, vtr_amount, vtr_value) VALUES (801, 401, 1, 0, 0);
INSERT INTO t_vat_revenue (vtr_id, drv_id, vat_id, vtr_amount, vtr_value) VALUES (802, 401, 2, 47.0, 2.450237);
INSERT INTO t_day_revenue (drv_id, drv_revenue_date, drv_print_date, drv_closing_date, drv_cash, drv_ticket, drv_cheque, drv_card, drv_unpaid, drv_amount, drv_takeaway) VALUES (402, TO_DATE('21/01/2003', 'dd/MM/yyyy'), TO_DATE('30/01/2003', 'dd/MM/yyyy'), TO_DATE('30/01/2003', 'dd/MM/yyyy'), 10.0, 12.5, 182.0, 324.5, 0.0, 529.0, false);
INSERT INTO t_vat_revenue (vtr_id, drv_id, vat_id, vtr_amount, vtr_value) VALUES (803, 402, 1, 529.0, 86.692314);
INSERT INTO t_vat_revenue (vtr_id, drv_id, vat_id, vtr_amount, vtr_value) VALUES (804, 402, 2, 0, 0);
INSERT INTO t_day_revenue (drv_id, drv_revenue_date, drv_print_date, drv_closing_date, drv_cash, drv_ticket, drv_cheque, drv_card, drv_unpaid, drv_amount, drv_takeaway) VALUES (403, TO_DATE('22/01/2003', 'dd/MM/yyyy'), TO_DATE('30/01/2003', 'dd/MM/yyyy'), TO_DATE('30/01/2003', 'dd/MM/yyyy'), 0.0, 0.0, 213.1, 32.5, 0.0, 245.6, true);
INSERT INTO t_vat_revenue (vtr_id, drv_id, vat_id, vtr_amount, vtr_value) VALUES (805, 403, 1, 0, 0);
INSERT INTO t_vat_revenue (vtr_id, drv_id, vat_id, vtr_amount, vtr_value) VALUES (806, 403, 2, 245.6, 12.803792);
INSERT INTO t_day_revenue (drv_id, drv_revenue_date, drv_print_date, drv_closing_date, drv_cash, drv_ticket, drv_cheque, drv_card, drv_unpaid, drv_amount, drv_takeaway) VALUES (404, TO_DATE('22/01/2003', 'dd/MM/yyyy'), TO_DATE('30/01/2003', 'dd/MM/yyyy'), TO_DATE('30/01/2003', 'dd/MM/yyyy'), 12.5, 21.5, 27.5, 314.5, 0.0, 376.0, false);
INSERT INTO t_vat_revenue (vtr_id, drv_id, vat_id, vtr_amount, vtr_value) VALUES (807, 404, 1, 376.0, 61.618732);
INSERT INTO t_vat_revenue (vtr_id, drv_id, vat_id, vtr_amount, vtr_value) VALUES (808, 404, 2, 0, 0);
INSERT INTO t_day_revenue (drv_id, drv_revenue_date, drv_print_date, drv_closing_date, drv_cash, drv_ticket, drv_cheque, drv_card, drv_unpaid, drv_amount, drv_takeaway) VALUES (405, TO_DATE('23/01/2003', 'dd/MM/yyyy'), TO_DATE('30/01/2003', 'dd/MM/yyyy'), TO_DATE('30/01/2003', 'dd/MM/yyyy'), 0.0, 0.0, 0.0, 27.5, 0.0, 27.5, true);
INSERT INTO t_vat_revenue (vtr_id, drv_id, vat_id, vtr_amount, vtr_value) VALUES (809, 405, 1, 0, 0);
INSERT INTO t_vat_revenue (vtr_id, drv_id, vat_id, vtr_amount, vtr_value) VALUES (810, 405, 2, 27.5, 1.4336493);
INSERT INTO t_day_revenue (drv_id, drv_revenue_date, drv_print_date, drv_closing_date, drv_cash, drv_ticket, drv_cheque, drv_card, drv_unpaid, drv_amount, drv_takeaway) VALUES (406, TO_DATE('23/01/2003', 'dd/MM/yyyy'), TO_DATE('30/01/2003', 'dd/MM/yyyy'), TO_DATE('30/01/2003', 'dd/MM/yyyy'), 0.0, 35.85, 158.15, 637.0, 0.0, 831.0, false);
INSERT INTO t_vat_revenue (vtr_id, drv_id, vat_id, vtr_amount, vtr_value) VALUES (811, 406, 1, 831.0, 136.18396);
INSERT INTO t_vat_revenue (vtr_id, drv_id, vat_id, vtr_amount, vtr_value) VALUES (812, 406, 2, 0, 0);
INSERT INTO t_day_revenue (drv_id, drv_revenue_date, drv_print_date, drv_closing_date, drv_cash, drv_ticket, drv_cheque, drv_card, drv_unpaid, drv_amount, drv_takeaway) VALUES (407, TO_DATE('24/01/2003', 'dd/MM/yyyy'), TO_DATE('30/01/2003', 'dd/MM/yyyy'), TO_DATE('30/01/2003', 'dd/MM/yyyy'), 0.0, 0.0, 0.0, 73.0, 0.0, 73.0, true);
INSERT INTO t_vat_revenue (vtr_id, drv_id, vat_id, vtr_amount, vtr_value) VALUES (813, 407, 1, 0, 0);
INSERT INTO t_vat_revenue (vtr_id, drv_id, vat_id, vtr_amount, vtr_value) VALUES (814, 407, 2, 73.0, 3.8056872);
INSERT INTO t_day_revenue (drv_id, drv_revenue_date, drv_print_date, drv_closing_date, drv_cash, drv_ticket, drv_cheque, drv_card, drv_unpaid, drv_amount, drv_takeaway) VALUES (408, TO_DATE('24/01/2003', 'dd/MM/yyyy'), TO_DATE('30/01/2003', 'dd/MM/yyyy'), TO_DATE('30/01/2003', 'dd/MM/yyyy'), 18.45, 33.0, 479.4, 1226.15, 0.0, 1757.0, false);
INSERT INTO t_vat_revenue (vtr_id, drv_id, vat_id, vtr_amount, vtr_value) VALUES (815, 408, 1, 1757.0, 287.93646);
INSERT INTO t_vat_revenue (vtr_id, drv_id, vat_id, vtr_amount, vtr_value) VALUES (816, 408, 2, 0, 0);
INSERT INTO t_day_revenue (drv_id, drv_revenue_date, drv_print_date, drv_closing_date, drv_cash, drv_ticket, drv_cheque, drv_card, drv_unpaid, drv_amount, drv_takeaway) VALUES (409, TO_DATE('25/01/2003', 'dd/MM/yyyy'), TO_DATE('30/01/2003', 'dd/MM/yyyy'), TO_DATE('30/01/2003', 'dd/MM/yyyy'), 0.0, 0.0, 0.0, 170.5, 0.0, 170.5, true);
INSERT INTO t_vat_revenue (vtr_id, drv_id, vat_id, vtr_amount, vtr_value) VALUES (817, 409, 1, 0, 0);
INSERT INTO t_vat_revenue (vtr_id, drv_id, vat_id, vtr_amount, vtr_value) VALUES (818, 409, 2, 170.5, 8.888625);
INSERT INTO t_day_revenue (drv_id, drv_revenue_date, drv_print_date, drv_closing_date, drv_cash, drv_ticket, drv_cheque, drv_card, drv_unpaid, drv_amount, drv_takeaway) VALUES (410, TO_DATE('25/01/2003', 'dd/MM/yyyy'), TO_DATE('30/01/2003', 'dd/MM/yyyy'), TO_DATE('30/01/2003', 'dd/MM/yyyy'), 9.0, 41.25, 287.25, 1221.5, 0.0, 1559.0, false);
INSERT INTO t_vat_revenue (vtr_id, drv_id, vat_id, vtr_amount, vtr_value) VALUES (819, 410, 1, 1559.0, 255.4883);
INSERT INTO t_vat_revenue (vtr_id, drv_id, vat_id, vtr_amount, vtr_value) VALUES (820, 410, 2, 0, 0);
INSERT INTO t_day_revenue (drv_id, drv_revenue_date, drv_print_date, drv_closing_date, drv_cash, drv_ticket, drv_cheque, drv_card, drv_unpaid, drv_amount, drv_takeaway) VALUES (411, TO_DATE('26/01/2003', 'dd/MM/yyyy'), TO_DATE('30/01/2003', 'dd/MM/yyyy'), TO_DATE('30/01/2003', 'dd/MM/yyyy'), 0.0, 0.0, 0.0, 23.0, 0.0, 23.0, true);
INSERT INTO t_vat_revenue (vtr_id, drv_id, vat_id, vtr_amount, vtr_value) VALUES (821, 411, 1, 0, 0);
INSERT INTO t_vat_revenue (vtr_id, drv_id, vat_id, vtr_amount, vtr_value) VALUES (822, 411, 2, 23.0, 1.1990521);
INSERT INTO t_day_revenue (drv_id, drv_revenue_date, drv_print_date, drv_closing_date, drv_cash, drv_ticket, drv_cheque, drv_card, drv_unpaid, drv_amount, drv_takeaway) VALUES (412, TO_DATE('26/01/2003', 'dd/MM/yyyy'), TO_DATE('30/01/2003', 'dd/MM/yyyy'), TO_DATE('30/01/2003', 'dd/MM/yyyy'), 11.8, 24.2, 634.0, 803.0, 0.0, 1473.0, false);
INSERT INTO t_vat_revenue (vtr_id, drv_id, vat_id, vtr_amount, vtr_value) VALUES (823, 412, 1, 1473.0, 241.39465);
INSERT INTO t_vat_revenue (vtr_id, drv_id, vat_id, vtr_amount, vtr_value) VALUES (824, 412, 2, 0, 0);
INSERT INTO t_day_revenue (drv_id, drv_revenue_date, drv_print_date, drv_closing_date, drv_cash, drv_ticket, drv_cheque, drv_card, drv_unpaid, drv_amount, drv_takeaway) VALUES (413, TO_DATE('27/01/2003', 'dd/MM/yyyy'), TO_DATE('30/01/2003', 'dd/MM/yyyy'), TO_DATE('30/01/2003', 'dd/MM/yyyy'), 0.0, 0.0, 0.0, 0.0, 0.0, 0.0, true);
INSERT INTO t_vat_revenue (vtr_id, drv_id, vat_id, vtr_amount, vtr_value) VALUES (825, 413, 1, 0, 0);
INSERT INTO t_vat_revenue (vtr_id, drv_id, vat_id, vtr_amount, vtr_value) VALUES (826, 413, 2, 0.0, 0.0);
INSERT INTO t_day_revenue (drv_id, drv_revenue_date, drv_print_date, drv_closing_date, drv_cash, drv_ticket, drv_cheque, drv_card, drv_unpaid, drv_amount, drv_takeaway) VALUES (414, TO_DATE('27/01/2003', 'dd/MM/yyyy'), TO_DATE('30/01/2003', 'dd/MM/yyyy'), TO_DATE('30/01/2003', 'dd/MM/yyyy'), 67.4, 11.7, 144.0, 346.9, 0.0, 570.0, false);
INSERT INTO t_vat_revenue (vtr_id, drv_id, vat_id, vtr_amount, vtr_value) VALUES (827, 414, 1, 570.0, 93.41137);
INSERT INTO t_vat_revenue (vtr_id, drv_id, vat_id, vtr_amount, vtr_value) VALUES (828, 414, 2, 0, 0);
INSERT INTO t_day_revenue (drv_id, drv_revenue_date, drv_print_date, drv_closing_date, drv_cash, drv_ticket, drv_cheque, drv_card, drv_unpaid, drv_amount, drv_takeaway) VALUES (415, TO_DATE('28/01/2003', 'dd/MM/yyyy'), TO_DATE('30/01/2003', 'dd/MM/yyyy'), TO_DATE('30/01/2003', 'dd/MM/yyyy'), 0.0, 0.0, 0.0, 74.5, 0.0, 74.5, true);
INSERT INTO t_vat_revenue (vtr_id, drv_id, vat_id, vtr_amount, vtr_value) VALUES (829, 415, 1, 0, 0);
INSERT INTO t_vat_revenue (vtr_id, drv_id, vat_id, vtr_amount, vtr_value) VALUES (830, 415, 2, 74.5, 3.8838863);
INSERT INTO t_day_revenue (drv_id, drv_revenue_date, drv_print_date, drv_closing_date, drv_cash, drv_ticket, drv_cheque, drv_card, drv_unpaid, drv_amount, drv_takeaway) VALUES (416, TO_DATE('28/01/2003', 'dd/MM/yyyy'), TO_DATE('30/01/2003', 'dd/MM/yyyy'), TO_DATE('30/01/2003', 'dd/MM/yyyy'), 26.93, 224.17, 101.9, 543.0, 0.0, 896.0, false);
INSERT INTO t_vat_revenue (vtr_id, drv_id, vat_id, vtr_amount, vtr_value) VALUES (831, 416, 1, 896.0, 146.83612);
INSERT INTO t_vat_revenue (vtr_id, drv_id, vat_id, vtr_amount, vtr_value) VALUES (832, 416, 2, 0, 0);
INSERT INTO t_day_revenue (drv_id, drv_revenue_date, drv_print_date, drv_closing_date, drv_cash, drv_ticket, drv_cheque, drv_card, drv_unpaid, drv_amount, drv_takeaway) VALUES (417, TO_DATE('29/01/2003', 'dd/MM/yyyy'), TO_DATE('30/01/2003', 'dd/MM/yyyy'), TO_DATE('30/01/2003', 'dd/MM/yyyy'), 0.0, 0.0, 88.5, 73.0, 0.0, 161.5, true);
INSERT INTO t_vat_revenue (vtr_id, drv_id, vat_id, vtr_amount, vtr_value) VALUES (833, 417, 1, 0, 0);
INSERT INTO t_vat_revenue (vtr_id, drv_id, vat_id, vtr_amount, vtr_value) VALUES (834, 417, 2, 161.5, 8.419432);
INSERT INTO t_day_revenue (drv_id, drv_revenue_date, drv_print_date, drv_closing_date, drv_cash, drv_ticket, drv_cheque, drv_card, drv_unpaid, drv_amount, drv_takeaway) VALUES (418, TO_DATE('29/01/2003', 'dd/MM/yyyy'), TO_DATE('30/01/2003', 'dd/MM/yyyy'), TO_DATE('30/01/2003', 'dd/MM/yyyy'), 9.0, 0.0, 46.0, 440.5, 0.0, 495.5, false);
INSERT INTO t_vat_revenue (vtr_id, drv_id, vat_id, vtr_amount, vtr_value) VALUES (835, 418, 1, 495.5, 81.20234);
INSERT INTO t_vat_revenue (vtr_id, drv_id, vat_id, vtr_amount, vtr_value) VALUES (836, 418, 2, 0, 0);
INSERT INTO t_day_revenue (drv_id, drv_revenue_date, drv_print_date, drv_closing_date, drv_cash, drv_ticket, drv_cheque, drv_card, drv_unpaid, drv_amount, drv_takeaway) VALUES (419, TO_DATE('30/01/2003', 'dd/MM/yyyy'), TO_DATE('06/02/2003', 'dd/MM/yyyy'), TO_DATE('06/02/2003', 'dd/MM/yyyy'), 0.0, 6.1, 18.9, 60.0, 0.0, 85.0, true);
INSERT INTO t_vat_revenue (vtr_id, drv_id, vat_id, vtr_amount, vtr_value) VALUES (837, 419, 1, 0, 0);
INSERT INTO t_vat_revenue (vtr_id, drv_id, vat_id, vtr_amount, vtr_value) VALUES (838, 419, 2, 85.0, 4.4312797);
INSERT INTO t_day_revenue (drv_id, drv_revenue_date, drv_print_date, drv_closing_date, drv_cash, drv_ticket, drv_cheque, drv_card, drv_unpaid, drv_amount, drv_takeaway) VALUES (420, TO_DATE('30/01/2003', 'dd/MM/yyyy'), TO_DATE('06/02/2003', 'dd/MM/yyyy'), TO_DATE('06/02/2003', 'dd/MM/yyyy'), 31.0, 14.5, 226.5, 444.0, 0.0, 716.0, false);
INSERT INTO t_vat_revenue (vtr_id, drv_id, vat_id, vtr_amount, vtr_value) VALUES (839, 420, 1, 716.0, 117.3378);
INSERT INTO t_vat_revenue (vtr_id, drv_id, vat_id, vtr_amount, vtr_value) VALUES (840, 420, 2, 0, 0);
INSERT INTO t_day_revenue (drv_id, drv_revenue_date, drv_print_date, drv_closing_date, drv_cash, drv_ticket, drv_cheque, drv_card, drv_unpaid, drv_amount, drv_takeaway) VALUES (421, TO_DATE('31/01/2003', 'dd/MM/yyyy'), TO_DATE('06/02/2003', 'dd/MM/yyyy'), TO_DATE('06/02/2003', 'dd/MM/yyyy'), 0.0, 0.0, 0.0, 129.0, 0.0, 129.0, true);
INSERT INTO t_vat_revenue (vtr_id, drv_id, vat_id, vtr_amount, vtr_value) VALUES (841, 421, 1, 0, 0);
INSERT INTO t_vat_revenue (vtr_id, drv_id, vat_id, vtr_amount, vtr_value) VALUES (842, 421, 2, 129.0, 6.7251186);
INSERT INTO t_day_revenue (drv_id, drv_revenue_date, drv_print_date, drv_closing_date, drv_cash, drv_ticket, drv_cheque, drv_card, drv_unpaid, drv_amount, drv_takeaway) VALUES (422, TO_DATE('31/01/2003', 'dd/MM/yyyy'), TO_DATE('06/02/2003', 'dd/MM/yyyy'), TO_DATE('06/02/2003', 'dd/MM/yyyy'), 27.8, 39.45, 1013.5, 1719.75, 0.0, 2800.5, false);
INSERT INTO t_vat_revenue (vtr_id, drv_id, vat_id, vtr_amount, vtr_value) VALUES (843, 422, 1, 2800.5, 458.94482);
INSERT INTO t_vat_revenue (vtr_id, drv_id, vat_id, vtr_amount, vtr_value) VALUES (844, 422, 2, 0, 0);
INSERT INTO t_day_revenue (drv_id, drv_revenue_date, drv_print_date, drv_closing_date, drv_cash, drv_ticket, drv_cheque, drv_card, drv_unpaid, drv_amount, drv_takeaway) VALUES (423, TO_DATE('01/02/2003', 'dd/MM/yyyy'), TO_DATE('06/02/2003', 'dd/MM/yyyy'), TO_DATE('06/02/2003', 'dd/MM/yyyy'), 0.0, 0.0, 0.0, 15.0, 0.0, 15.0, true);
INSERT INTO t_vat_revenue (vtr_id, drv_id, vat_id, vtr_amount, vtr_value) VALUES (845, 423, 1, 0, 0);
INSERT INTO t_vat_revenue (vtr_id, drv_id, vat_id, vtr_amount, vtr_value) VALUES (846, 423, 2, 15.0, 0.7819905);
INSERT INTO t_day_revenue (drv_id, drv_revenue_date, drv_print_date, drv_closing_date, drv_cash, drv_ticket, drv_cheque, drv_card, drv_unpaid, drv_amount, drv_takeaway) VALUES (424, TO_DATE('01/02/2003', 'dd/MM/yyyy'), TO_DATE('06/02/2003', 'dd/MM/yyyy'), TO_DATE('06/02/2003', 'dd/MM/yyyy'), 17.3, 36.1, 728.0, 1221.85, 0.0, 2003.25, false);
INSERT INTO t_vat_revenue (vtr_id, drv_id, vat_id, vtr_amount, vtr_value) VALUES (847, 424, 1, 2003.25, 328.2918);
INSERT INTO t_vat_revenue (vtr_id, drv_id, vat_id, vtr_amount, vtr_value) VALUES (848, 424, 2, 0, 0);
INSERT INTO t_day_revenue (drv_id, drv_revenue_date, drv_print_date, drv_closing_date, drv_cash, drv_ticket, drv_cheque, drv_card, drv_unpaid, drv_amount, drv_takeaway) VALUES (425, TO_DATE('02/02/2003', 'dd/MM/yyyy'), TO_DATE('06/02/2003', 'dd/MM/yyyy'), TO_DATE('06/02/2003', 'dd/MM/yyyy'), 0.0, 0.0, 0.0, 18.5, 0.0, 18.5, true);
INSERT INTO t_vat_revenue (vtr_id, drv_id, vat_id, vtr_amount, vtr_value) VALUES (849, 425, 1, 0, 0);
INSERT INTO t_vat_revenue (vtr_id, drv_id, vat_id, vtr_amount, vtr_value) VALUES (850, 425, 2, 18.5, 0.96445495);
INSERT INTO t_day_revenue (drv_id, drv_revenue_date, drv_print_date, drv_closing_date, drv_cash, drv_ticket, drv_cheque, drv_card, drv_unpaid, drv_amount, drv_takeaway) VALUES (426, TO_DATE('02/02/2003', 'dd/MM/yyyy'), TO_DATE('06/02/2003', 'dd/MM/yyyy'), TO_DATE('06/02/2003', 'dd/MM/yyyy'), 20.3, 23.2, 222.0, 1157.5, 0.0, 1423.0, false);
INSERT INTO t_vat_revenue (vtr_id, drv_id, vat_id, vtr_amount, vtr_value) VALUES (851, 426, 1, 1423.0, 233.20068);
INSERT INTO t_vat_revenue (vtr_id, drv_id, vat_id, vtr_amount, vtr_value) VALUES (852, 426, 2, 0, 0);
INSERT INTO t_day_revenue (drv_id, drv_revenue_date, drv_print_date, drv_closing_date, drv_cash, drv_ticket, drv_cheque, drv_card, drv_unpaid, drv_amount, drv_takeaway) VALUES (427, TO_DATE('03/02/2003', 'dd/MM/yyyy'), TO_DATE('06/02/2003', 'dd/MM/yyyy'), TO_DATE('06/02/2003', 'dd/MM/yyyy'), 0.0, 0.0, 0.0, 31.0, 0.0, 31.0, true);
INSERT INTO t_vat_revenue (vtr_id, drv_id, vat_id, vtr_amount, vtr_value) VALUES (853, 427, 1, 0, 0);
INSERT INTO t_vat_revenue (vtr_id, drv_id, vat_id, vtr_amount, vtr_value) VALUES (854, 427, 2, 31.0, 1.6161138);
INSERT INTO t_day_revenue (drv_id, drv_revenue_date, drv_print_date, drv_closing_date, drv_cash, drv_ticket, drv_cheque, drv_card, drv_unpaid, drv_amount, drv_takeaway) VALUES (428, TO_DATE('03/02/2003', 'dd/MM/yyyy'), TO_DATE('06/02/2003', 'dd/MM/yyyy'), TO_DATE('06/02/2003', 'dd/MM/yyyy'), 11.5, 20.0, 75.0, 356.0, 0.0, 462.5, false);
INSERT INTO t_vat_revenue (vtr_id, drv_id, vat_id, vtr_amount, vtr_value) VALUES (855, 428, 1, 462.5, 75.79432);
INSERT INTO t_vat_revenue (vtr_id, drv_id, vat_id, vtr_amount, vtr_value) VALUES (856, 428, 2, 0, 0);
INSERT INTO t_day_revenue (drv_id, drv_revenue_date, drv_print_date, drv_closing_date, drv_cash, drv_ticket, drv_cheque, drv_card, drv_unpaid, drv_amount, drv_takeaway) VALUES (429, TO_DATE('04/02/2003', 'dd/MM/yyyy'), TO_DATE('06/02/2003', 'dd/MM/yyyy'), TO_DATE('06/02/2003', 'dd/MM/yyyy'), 0.0, 0.0, 0.0, 89.5, 0.0, 89.5, true);
INSERT INTO t_vat_revenue (vtr_id, drv_id, vat_id, vtr_amount, vtr_value) VALUES (857, 429, 1, 0, 0);
INSERT INTO t_vat_revenue (vtr_id, drv_id, vat_id, vtr_amount, vtr_value) VALUES (858, 429, 2, 89.5, 4.665877);
INSERT INTO t_day_revenue (drv_id, drv_revenue_date, drv_print_date, drv_closing_date, drv_cash, drv_ticket, drv_cheque, drv_card, drv_unpaid, drv_amount, drv_takeaway) VALUES (430, TO_DATE('04/02/2003', 'dd/MM/yyyy'), TO_DATE('06/02/2003', 'dd/MM/yyyy'), TO_DATE('06/02/2003', 'dd/MM/yyyy'), 9.98, 11.5, 220.52, 665.5, 0.0, 907.5, false);
INSERT INTO t_vat_revenue (vtr_id, drv_id, vat_id, vtr_amount, vtr_value) VALUES (859, 430, 1, 907.5, 148.72073);
INSERT INTO t_vat_revenue (vtr_id, drv_id, vat_id, vtr_amount, vtr_value) VALUES (860, 430, 2, 0, 0);
INSERT INTO t_day_revenue (drv_id, drv_revenue_date, drv_print_date, drv_closing_date, drv_cash, drv_ticket, drv_cheque, drv_card, drv_unpaid, drv_amount, drv_takeaway) VALUES (431, TO_DATE('05/02/2003', 'dd/MM/yyyy'), TO_DATE('06/02/2003', 'dd/MM/yyyy'), TO_DATE('06/02/2003', 'dd/MM/yyyy'), 0.0, 0.0, 0.0, 154.5, 0.0, 154.5, true);
INSERT INTO t_vat_revenue (vtr_id, drv_id, vat_id, vtr_amount, vtr_value) VALUES (861, 431, 1, 0, 0);
INSERT INTO t_vat_revenue (vtr_id, drv_id, vat_id, vtr_amount, vtr_value) VALUES (862, 431, 2, 154.5, 8.0545025);
INSERT INTO t_day_revenue (drv_id, drv_revenue_date, drv_print_date, drv_closing_date, drv_cash, drv_ticket, drv_cheque, drv_card, drv_unpaid, drv_amount, drv_takeaway) VALUES (432, TO_DATE('05/02/2003', 'dd/MM/yyyy'), TO_DATE('06/02/2003', 'dd/MM/yyyy'), TO_DATE('06/02/2003', 'dd/MM/yyyy'), 11.5, 21.5, 93.5, 408.0, 0.0, 534.5, false);
INSERT INTO t_vat_revenue (vtr_id, drv_id, vat_id, vtr_amount, vtr_value) VALUES (863, 432, 1, 534.5, 87.59365);
INSERT INTO t_vat_revenue (vtr_id, drv_id, vat_id, vtr_amount, vtr_value) VALUES (864, 432, 2, 0, 0);
INSERT INTO t_day_revenue (drv_id, drv_revenue_date, drv_print_date, drv_closing_date, drv_cash, drv_ticket, drv_cheque, drv_card, drv_unpaid, drv_amount, drv_takeaway) VALUES (433, TO_DATE('06/02/2003', 'dd/MM/yyyy'), TO_DATE('10/02/2003', 'dd/MM/yyyy'), TO_DATE('10/02/2003', 'dd/MM/yyyy'), 0.0, 0.0, 0.0, 0.0, 0.0, 0.0, true);
INSERT INTO t_vat_revenue (vtr_id, drv_id, vat_id, vtr_amount, vtr_value) VALUES (865, 433, 1, 0, 0);
INSERT INTO t_vat_revenue (vtr_id, drv_id, vat_id, vtr_amount, vtr_value) VALUES (866, 433, 2, 0.0, 0.0);
INSERT INTO t_day_revenue (drv_id, drv_revenue_date, drv_print_date, drv_closing_date, drv_cash, drv_ticket, drv_cheque, drv_card, drv_unpaid, drv_amount, drv_takeaway) VALUES (434, TO_DATE('06/02/2003', 'dd/MM/yyyy'), TO_DATE('10/02/2003', 'dd/MM/yyyy'), TO_DATE('10/02/2003', 'dd/MM/yyyy'), 2.0, 78.7, 331.8, 366.5, 0.0, 779.0, false);
INSERT INTO t_vat_revenue (vtr_id, drv_id, vat_id, vtr_amount, vtr_value) VALUES (867, 434, 1, 779.0, 127.66221);
INSERT INTO t_vat_revenue (vtr_id, drv_id, vat_id, vtr_amount, vtr_value) VALUES (868, 434, 2, 0, 0);
INSERT INTO t_day_revenue (drv_id, drv_revenue_date, drv_print_date, drv_closing_date, drv_cash, drv_ticket, drv_cheque, drv_card, drv_unpaid, drv_amount, drv_takeaway) VALUES (435, TO_DATE('07/02/2003', 'dd/MM/yyyy'), TO_DATE('10/02/2003', 'dd/MM/yyyy'), TO_DATE('10/02/2003', 'dd/MM/yyyy'), 0.0, 0.0, 0.0, 140.5, 0.0, 140.5, true);
INSERT INTO t_vat_revenue (vtr_id, drv_id, vat_id, vtr_amount, vtr_value) VALUES (869, 435, 1, 0, 0);
INSERT INTO t_vat_revenue (vtr_id, drv_id, vat_id, vtr_amount, vtr_value) VALUES (870, 435, 2, 140.5, 7.3246446);
INSERT INTO t_day_revenue (drv_id, drv_revenue_date, drv_print_date, drv_closing_date, drv_cash, drv_ticket, drv_cheque, drv_card, drv_unpaid, drv_amount, drv_takeaway) VALUES (436, TO_DATE('07/02/2003', 'dd/MM/yyyy'), TO_DATE('10/02/2003', 'dd/MM/yyyy'), TO_DATE('10/02/2003', 'dd/MM/yyyy'), 44.3, 48.7, 898.0, 1299.5, 0.0, 2290.5, false);
INSERT INTO t_vat_revenue (vtr_id, drv_id, vat_id, vtr_amount, vtr_value) VALUES (871, 436, 1, 2290.5, 375.36624);
INSERT INTO t_vat_revenue (vtr_id, drv_id, vat_id, vtr_amount, vtr_value) VALUES (872, 436, 2, 0, 0);
INSERT INTO t_day_revenue (drv_id, drv_revenue_date, drv_print_date, drv_closing_date, drv_cash, drv_ticket, drv_cheque, drv_card, drv_unpaid, drv_amount, drv_takeaway) VALUES (437, TO_DATE('08/02/2003', 'dd/MM/yyyy'), TO_DATE('10/02/2003', 'dd/MM/yyyy'), TO_DATE('10/02/2003', 'dd/MM/yyyy'), 0.0, 0.0, 0.0, 0.0, 0.0, 0.0, true);
INSERT INTO t_vat_revenue (vtr_id, drv_id, vat_id, vtr_amount, vtr_value) VALUES (873, 437, 1, 0, 0);
INSERT INTO t_vat_revenue (vtr_id, drv_id, vat_id, vtr_amount, vtr_value) VALUES (874, 437, 2, 0.0, 0.0);
INSERT INTO t_day_revenue (drv_id, drv_revenue_date, drv_print_date, drv_closing_date, drv_cash, drv_ticket, drv_cheque, drv_card, drv_unpaid, drv_amount, drv_takeaway) VALUES (438, TO_DATE('08/02/2003', 'dd/MM/yyyy'), TO_DATE('10/02/2003', 'dd/MM/yyyy'), TO_DATE('10/02/2003', 'dd/MM/yyyy'), 17.0, 28.36, 434.14, 1186.0, 0.0, 1665.5, false);
INSERT INTO t_vat_revenue (vtr_id, drv_id, vat_id, vtr_amount, vtr_value) VALUES (875, 438, 1, 1665.5, 272.94147);
INSERT INTO t_vat_revenue (vtr_id, drv_id, vat_id, vtr_amount, vtr_value) VALUES (876, 438, 2, 0, 0);
INSERT INTO t_day_revenue (drv_id, drv_revenue_date, drv_print_date, drv_closing_date, drv_cash, drv_ticket, drv_cheque, drv_card, drv_unpaid, drv_amount, drv_takeaway) VALUES (439, TO_DATE('09/02/2003', 'dd/MM/yyyy'), TO_DATE('09/02/2003', 'dd/MM/yyyy'), TO_DATE('09/02/2003', 'dd/MM/yyyy'), 0.0, 0.0, 0.0, 25.0, 0.0, 25.0, true);
INSERT INTO t_vat_revenue (vtr_id, drv_id, vat_id, vtr_amount, vtr_value) VALUES (877, 439, 1, 0, 0);
INSERT INTO t_vat_revenue (vtr_id, drv_id, vat_id, vtr_amount, vtr_value) VALUES (878, 439, 2, 25.0, 1.3033175);
INSERT INTO t_day_revenue (drv_id, drv_revenue_date, drv_print_date, drv_closing_date, drv_cash, drv_ticket, drv_cheque, drv_card, drv_unpaid, drv_amount, drv_takeaway) VALUES (440, TO_DATE('09/02/2003', 'dd/MM/yyyy'), TO_DATE('09/02/2003', 'dd/MM/yyyy'), TO_DATE('09/02/2003', 'dd/MM/yyyy'), -1.0, 6.0, 422.5, 418.0, 0.0, 845.5, false);
INSERT INTO t_vat_revenue (vtr_id, drv_id, vat_id, vtr_amount, vtr_value) VALUES (879, 440, 1, 845.5, 138.56021);
INSERT INTO t_vat_revenue (vtr_id, drv_id, vat_id, vtr_amount, vtr_value) VALUES (880, 440, 2, 0, 0);
INSERT INTO t_day_revenue (drv_id, drv_revenue_date, drv_print_date, drv_closing_date, drv_cash, drv_ticket, drv_cheque, drv_card, drv_unpaid, drv_amount, drv_takeaway) VALUES (441, TO_DATE('10/02/2003', 'dd/MM/yyyy'), TO_DATE('13/02/2003', 'dd/MM/yyyy'), TO_DATE('13/02/2003', 'dd/MM/yyyy'), 0.0, 10.0, 0.0, 20.5, 0.0, 30.5, true);
INSERT INTO t_vat_revenue (vtr_id, drv_id, vat_id, vtr_amount, vtr_value) VALUES (881, 441, 1, 0, 0);
INSERT INTO t_vat_revenue (vtr_id, drv_id, vat_id, vtr_amount, vtr_value) VALUES (882, 441, 2, 30.5, 1.5900474);
INSERT INTO t_day_revenue (drv_id, drv_revenue_date, drv_print_date, drv_closing_date, drv_cash, drv_ticket, drv_cheque, drv_card, drv_unpaid, drv_amount, drv_takeaway) VALUES (442, TO_DATE('10/02/2003', 'dd/MM/yyyy'), TO_DATE('13/02/2003', 'dd/MM/yyyy'), TO_DATE('13/02/2003', 'dd/MM/yyyy'), 0.0, 6.0, 202.0, 450.5, 0.0, 658.5, false);
INSERT INTO t_vat_revenue (vtr_id, drv_id, vat_id, vtr_amount, vtr_value) VALUES (883, 442, 1, 658.5, 107.91472);
INSERT INTO t_vat_revenue (vtr_id, drv_id, vat_id, vtr_amount, vtr_value) VALUES (884, 442, 2, 0, 0);
INSERT INTO t_day_revenue (drv_id, drv_revenue_date, drv_print_date, drv_closing_date, drv_cash, drv_ticket, drv_cheque, drv_card, drv_unpaid, drv_amount, drv_takeaway) VALUES (443, TO_DATE('11/02/2003', 'dd/MM/yyyy'), TO_DATE('13/02/2003', 'dd/MM/yyyy'), TO_DATE('13/02/2003', 'dd/MM/yyyy'), 0.0, 0.0, 78.0, 0.0, 0.0, 78.0, true);
INSERT INTO t_vat_revenue (vtr_id, drv_id, vat_id, vtr_amount, vtr_value) VALUES (885, 443, 1, 0, 0);
INSERT INTO t_vat_revenue (vtr_id, drv_id, vat_id, vtr_amount, vtr_value) VALUES (886, 443, 2, 78.0, 4.066351);
INSERT INTO t_day_revenue (drv_id, drv_revenue_date, drv_print_date, drv_closing_date, drv_cash, drv_ticket, drv_cheque, drv_card, drv_unpaid, drv_amount, drv_takeaway) VALUES (444, TO_DATE('11/02/2003', 'dd/MM/yyyy'), TO_DATE('13/02/2003', 'dd/MM/yyyy'), TO_DATE('13/02/2003', 'dd/MM/yyyy'), 1.7, 28.3, 195.5, 782.0, 0.0, 1007.5, false);
INSERT INTO t_vat_revenue (vtr_id, drv_id, vat_id, vtr_amount, vtr_value) VALUES (887, 444, 1, 1007.5, 165.1087);
INSERT INTO t_vat_revenue (vtr_id, drv_id, vat_id, vtr_amount, vtr_value) VALUES (888, 444, 2, 0, 0);
INSERT INTO t_day_revenue (drv_id, drv_revenue_date, drv_print_date, drv_closing_date, drv_cash, drv_ticket, drv_cheque, drv_card, drv_unpaid, drv_amount, drv_takeaway) VALUES (445, TO_DATE('12/02/2003', 'dd/MM/yyyy'), TO_DATE('13/02/2003', 'dd/MM/yyyy'), TO_DATE('13/02/2003', 'dd/MM/yyyy'), 0.0, 0.0, 31.0, 207.0, 0.0, 238.0, true);
INSERT INTO t_vat_revenue (vtr_id, drv_id, vat_id, vtr_amount, vtr_value) VALUES (889, 445, 1, 0, 0);
INSERT INTO t_vat_revenue (vtr_id, drv_id, vat_id, vtr_amount, vtr_value) VALUES (890, 445, 2, 238.0, 12.407583);
INSERT INTO t_day_revenue (drv_id, drv_revenue_date, drv_print_date, drv_closing_date, drv_cash, drv_ticket, drv_cheque, drv_card, drv_unpaid, drv_amount, drv_takeaway) VALUES (446, TO_DATE('12/02/2003', 'dd/MM/yyyy'), TO_DATE('13/02/2003', 'dd/MM/yyyy'), TO_DATE('13/02/2003', 'dd/MM/yyyy'), 15.0, 27.8, 185.0, 509.2, 0.0, 737.0, false);
INSERT INTO t_vat_revenue (vtr_id, drv_id, vat_id, vtr_amount, vtr_value) VALUES (891, 446, 1, 737.0, 120.77927);
INSERT INTO t_vat_revenue (vtr_id, drv_id, vat_id, vtr_amount, vtr_value) VALUES (892, 446, 2, 0, 0);
INSERT INTO t_day_revenue (drv_id, drv_revenue_date, drv_print_date, drv_closing_date, drv_cash, drv_ticket, drv_cheque, drv_card, drv_unpaid, drv_amount, drv_takeaway) VALUES (447, TO_DATE('13/02/2003', 'dd/MM/yyyy'), TO_DATE('20/02/2003', 'dd/MM/yyyy'), TO_DATE('20/02/2003', 'dd/MM/yyyy'), 0.0, 0.0, 0.0, 76.5, 0.0, 76.5, true);
INSERT INTO t_vat_revenue (vtr_id, drv_id, vat_id, vtr_amount, vtr_value) VALUES (893, 447, 1, 0, 0);
INSERT INTO t_vat_revenue (vtr_id, drv_id, vat_id, vtr_amount, vtr_value) VALUES (894, 447, 2, 76.5, 3.9881516);
INSERT INTO t_day_revenue (drv_id, drv_revenue_date, drv_print_date, drv_closing_date, drv_cash, drv_ticket, drv_cheque, drv_card, drv_unpaid, drv_amount, drv_takeaway) VALUES (448, TO_DATE('13/02/2003', 'dd/MM/yyyy'), TO_DATE('20/02/2003', 'dd/MM/yyyy'), TO_DATE('20/02/2003', 'dd/MM/yyyy'), 11.5, 122.2, 228.0, 681.8, 0.0, 1043.5, false);
INSERT INTO t_vat_revenue (vtr_id, drv_id, vat_id, vtr_amount, vtr_value) VALUES (895, 448, 1, 1043.5, 171.00836);
INSERT INTO t_vat_revenue (vtr_id, drv_id, vat_id, vtr_amount, vtr_value) VALUES (896, 448, 2, 0, 0);
INSERT INTO t_day_revenue (drv_id, drv_revenue_date, drv_print_date, drv_closing_date, drv_cash, drv_ticket, drv_cheque, drv_card, drv_unpaid, drv_amount, drv_takeaway) VALUES (449, TO_DATE('14/02/2003', 'dd/MM/yyyy'), TO_DATE('20/02/2003', 'dd/MM/yyyy'), TO_DATE('20/02/2003', 'dd/MM/yyyy'), 0.0, 0.0, 24.5, 271.5, 0.0, 296.0, true);
INSERT INTO t_vat_revenue (vtr_id, drv_id, vat_id, vtr_amount, vtr_value) VALUES (897, 449, 1, 0, 0);
INSERT INTO t_vat_revenue (vtr_id, drv_id, vat_id, vtr_amount, vtr_value) VALUES (898, 449, 2, 296.0, 15.431279);
INSERT INTO t_day_revenue (drv_id, drv_revenue_date, drv_print_date, drv_closing_date, drv_cash, drv_ticket, drv_cheque, drv_card, drv_unpaid, drv_amount, drv_takeaway) VALUES (450, TO_DATE('14/02/2003', 'dd/MM/yyyy'), TO_DATE('20/02/2003', 'dd/MM/yyyy'), TO_DATE('20/02/2003', 'dd/MM/yyyy'), 31.04, 76.96, 1017.25, 2375.75, 0.0, 3501.0, false);
INSERT INTO t_vat_revenue (vtr_id, drv_id, vat_id, vtr_amount, vtr_value) VALUES (899, 450, 1, 3501.0, 573.7425);
INSERT INTO t_vat_revenue (vtr_id, drv_id, vat_id, vtr_amount, vtr_value) VALUES (900, 450, 2, 0, 0);
INSERT INTO t_day_revenue (drv_id, drv_revenue_date, drv_print_date, drv_closing_date, drv_cash, drv_ticket, drv_cheque, drv_card, drv_unpaid, drv_amount, drv_takeaway) VALUES (451, TO_DATE('15/02/2003', 'dd/MM/yyyy'), TO_DATE('20/02/2003', 'dd/MM/yyyy'), TO_DATE('20/02/2003', 'dd/MM/yyyy'), 0.0, 0.0, 59.3, 310.5, 0.0, 369.8, true);
INSERT INTO t_vat_revenue (vtr_id, drv_id, vat_id, vtr_amount, vtr_value) VALUES (901, 451, 1, 0, 0);
INSERT INTO t_vat_revenue (vtr_id, drv_id, vat_id, vtr_amount, vtr_value) VALUES (902, 451, 2, 369.8, 19.278671);
INSERT INTO t_day_revenue (drv_id, drv_revenue_date, drv_print_date, drv_closing_date, drv_cash, drv_ticket, drv_cheque, drv_card, drv_unpaid, drv_amount, drv_takeaway) VALUES (452, TO_DATE('15/02/2003', 'dd/MM/yyyy'), TO_DATE('20/02/2003', 'dd/MM/yyyy'), TO_DATE('20/02/2003', 'dd/MM/yyyy'), 40.0, 96.0, 353.5, 952.0, 0.0, 1441.5, false);
INSERT INTO t_vat_revenue (vtr_id, drv_id, vat_id, vtr_amount, vtr_value) VALUES (903, 452, 1, 1441.5, 236.23245);
INSERT INTO t_vat_revenue (vtr_id, drv_id, vat_id, vtr_amount, vtr_value) VALUES (904, 452, 2, 0, 0);
INSERT INTO t_day_revenue (drv_id, drv_revenue_date, drv_print_date, drv_closing_date, drv_cash, drv_ticket, drv_cheque, drv_card, drv_unpaid, drv_amount, drv_takeaway) VALUES (453, TO_DATE('16/02/2003', 'dd/MM/yyyy'), TO_DATE('20/02/2003', 'dd/MM/yyyy'), TO_DATE('20/02/2003', 'dd/MM/yyyy'), 0.0, 0.0, 0.0, 0.0, 0.0, 0.0, true);
INSERT INTO t_vat_revenue (vtr_id, drv_id, vat_id, vtr_amount, vtr_value) VALUES (905, 453, 1, 0, 0);
INSERT INTO t_vat_revenue (vtr_id, drv_id, vat_id, vtr_amount, vtr_value) VALUES (906, 453, 2, 0.0, 0.0);
INSERT INTO t_day_revenue (drv_id, drv_revenue_date, drv_print_date, drv_closing_date, drv_cash, drv_ticket, drv_cheque, drv_card, drv_unpaid, drv_amount, drv_takeaway) VALUES (454, TO_DATE('16/02/2003', 'dd/MM/yyyy'), TO_DATE('20/02/2003', 'dd/MM/yyyy'), TO_DATE('20/02/2003', 'dd/MM/yyyy'), 0.0, 0.0, 690.0, 721.5, 0.0, 1411.5, false);
INSERT INTO t_vat_revenue (vtr_id, drv_id, vat_id, vtr_amount, vtr_value) VALUES (907, 454, 1, 1411.5, 231.31606);
INSERT INTO t_vat_revenue (vtr_id, drv_id, vat_id, vtr_amount, vtr_value) VALUES (908, 454, 2, 0, 0);
INSERT INTO t_day_revenue (drv_id, drv_revenue_date, drv_print_date, drv_closing_date, drv_cash, drv_ticket, drv_cheque, drv_card, drv_unpaid, drv_amount, drv_takeaway) VALUES (455, TO_DATE('17/02/2003', 'dd/MM/yyyy'), TO_DATE('20/02/2003', 'dd/MM/yyyy'), TO_DATE('20/02/2003', 'dd/MM/yyyy'), 0.0, 0.0, 0.0, 67.0, 0.0, 67.0, true);
INSERT INTO t_vat_revenue (vtr_id, drv_id, vat_id, vtr_amount, vtr_value) VALUES (909, 455, 1, 0, 0);
INSERT INTO t_vat_revenue (vtr_id, drv_id, vat_id, vtr_amount, vtr_value) VALUES (910, 455, 2, 67.0, 3.492891);
INSERT INTO t_day_revenue (drv_id, drv_revenue_date, drv_print_date, drv_closing_date, drv_cash, drv_ticket, drv_cheque, drv_card, drv_unpaid, drv_amount, drv_takeaway) VALUES (456, TO_DATE('17/02/2003', 'dd/MM/yyyy'), TO_DATE('20/02/2003', 'dd/MM/yyyy'), TO_DATE('20/02/2003', 'dd/MM/yyyy'), 18.0, 61.74, 175.5, 648.76, 0.0, 904.0, false);
INSERT INTO t_vat_revenue (vtr_id, drv_id, vat_id, vtr_amount, vtr_value) VALUES (911, 456, 1, 904.0, 148.14716);
INSERT INTO t_vat_revenue (vtr_id, drv_id, vat_id, vtr_amount, vtr_value) VALUES (912, 456, 2, 0, 0);
INSERT INTO t_day_revenue (drv_id, drv_revenue_date, drv_print_date, drv_closing_date, drv_cash, drv_ticket, drv_cheque, drv_card, drv_unpaid, drv_amount, drv_takeaway) VALUES (457, TO_DATE('18/02/2003', 'dd/MM/yyyy'), TO_DATE('20/02/2003', 'dd/MM/yyyy'), TO_DATE('20/02/2003', 'dd/MM/yyyy'), 0.0, 0.0, 0.0, 14.0, 0.0, 14.0, true);
INSERT INTO t_vat_revenue (vtr_id, drv_id, vat_id, vtr_amount, vtr_value) VALUES (913, 457, 1, 0, 0);
INSERT INTO t_vat_revenue (vtr_id, drv_id, vat_id, vtr_amount, vtr_value) VALUES (914, 457, 2, 14.0, 0.7298578);
INSERT INTO t_day_revenue (drv_id, drv_revenue_date, drv_print_date, drv_closing_date, drv_cash, drv_ticket, drv_cheque, drv_card, drv_unpaid, drv_amount, drv_takeaway) VALUES (458, TO_DATE('18/02/2003', 'dd/MM/yyyy'), TO_DATE('20/02/2003', 'dd/MM/yyyy'), TO_DATE('20/02/2003', 'dd/MM/yyyy'), 21.5, 20.75, 56.5, 1125.25, 0.0, 1224.0, false);
INSERT INTO t_vat_revenue (vtr_id, drv_id, vat_id, vtr_amount, vtr_value) VALUES (915, 458, 1, 1224.0, 200.58864);
INSERT INTO t_vat_revenue (vtr_id, drv_id, vat_id, vtr_amount, vtr_value) VALUES (916, 458, 2, 0, 0);
INSERT INTO t_day_revenue (drv_id, drv_revenue_date, drv_print_date, drv_closing_date, drv_cash, drv_ticket, drv_cheque, drv_card, drv_unpaid, drv_amount, drv_takeaway) VALUES (459, TO_DATE('19/02/2003', 'dd/MM/yyyy'), TO_DATE('20/02/2003', 'dd/MM/yyyy'), TO_DATE('20/02/2003', 'dd/MM/yyyy'), 0.0, 0.0, 58.0, 196.77, 0.0, 254.77, true);
INSERT INTO t_vat_revenue (vtr_id, drv_id, vat_id, vtr_amount, vtr_value) VALUES (917, 459, 1, 0, 0);
INSERT INTO t_vat_revenue (vtr_id, drv_id, vat_id, vtr_amount, vtr_value) VALUES (918, 459, 2, 254.77, 13.281848);
INSERT INTO t_day_revenue (drv_id, drv_revenue_date, drv_print_date, drv_closing_date, drv_cash, drv_ticket, drv_cheque, drv_card, drv_unpaid, drv_amount, drv_takeaway) VALUES (460, TO_DATE('19/02/2003', 'dd/MM/yyyy'), TO_DATE('20/02/2003', 'dd/MM/yyyy'), TO_DATE('20/02/2003', 'dd/MM/yyyy'), 18.25, 41.25, 215.5, 689.5, 0.0, 964.5, false);
INSERT INTO t_vat_revenue (vtr_id, drv_id, vat_id, vtr_amount, vtr_value) VALUES (919, 460, 1, 964.5, 158.06189);
INSERT INTO t_vat_revenue (vtr_id, drv_id, vat_id, vtr_amount, vtr_value) VALUES (920, 460, 2, 0, 0);
INSERT INTO t_day_revenue (drv_id, drv_revenue_date, drv_print_date, drv_closing_date, drv_cash, drv_ticket, drv_cheque, drv_card, drv_unpaid, drv_amount, drv_takeaway) VALUES (461, TO_DATE('20/02/2003', 'dd/MM/yyyy'), TO_DATE('27/02/2003', 'dd/MM/yyyy'), TO_DATE('27/02/2003', 'dd/MM/yyyy'), 0.0, 0.0, 0.0, 38.0, 0.0, 38.0, true);
INSERT INTO t_vat_revenue (vtr_id, drv_id, vat_id, vtr_amount, vtr_value) VALUES (921, 461, 1, 0, 0);
INSERT INTO t_vat_revenue (vtr_id, drv_id, vat_id, vtr_amount, vtr_value) VALUES (922, 461, 2, 38.0, 1.9810426);
INSERT INTO t_day_revenue (drv_id, drv_revenue_date, drv_print_date, drv_closing_date, drv_cash, drv_ticket, drv_cheque, drv_card, drv_unpaid, drv_amount, drv_takeaway) VALUES (462, TO_DATE('20/02/2003', 'dd/MM/yyyy'), TO_DATE('27/02/2003', 'dd/MM/yyyy'), TO_DATE('27/02/2003', 'dd/MM/yyyy'), 39.7, 90.44, 351.6, 577.26, 0.0, 1059.0, false);
INSERT INTO t_vat_revenue (vtr_id, drv_id, vat_id, vtr_amount, vtr_value) VALUES (923, 462, 1, 1059.0, 173.54851);
INSERT INTO t_vat_revenue (vtr_id, drv_id, vat_id, vtr_amount, vtr_value) VALUES (924, 462, 2, 0, 0);
INSERT INTO t_day_revenue (drv_id, drv_revenue_date, drv_print_date, drv_closing_date, drv_cash, drv_ticket, drv_cheque, drv_card, drv_unpaid, drv_amount, drv_takeaway) VALUES (463, TO_DATE('21/02/2003', 'dd/MM/yyyy'), TO_DATE('27/02/2003', 'dd/MM/yyyy'), TO_DATE('27/02/2003', 'dd/MM/yyyy'), 0.0, 0.0, 0.0, 96.5, 0.0, 96.5, true);
INSERT INTO t_vat_revenue (vtr_id, drv_id, vat_id, vtr_amount, vtr_value) VALUES (925, 463, 1, 0, 0);
INSERT INTO t_vat_revenue (vtr_id, drv_id, vat_id, vtr_amount, vtr_value) VALUES (926, 463, 2, 96.5, 5.0308056);
INSERT INTO t_day_revenue (drv_id, drv_revenue_date, drv_print_date, drv_closing_date, drv_cash, drv_ticket, drv_cheque, drv_card, drv_unpaid, drv_amount, drv_takeaway) VALUES (464, TO_DATE('21/02/2003', 'dd/MM/yyyy'), TO_DATE('27/02/2003', 'dd/MM/yyyy'), TO_DATE('27/02/2003', 'dd/MM/yyyy'), 15.5, 26.5, 202.5, 1356.5, 0.0, 1601.0, false);
INSERT INTO t_vat_revenue (vtr_id, drv_id, vat_id, vtr_amount, vtr_value) VALUES (927, 464, 1, 1601.0, 262.37125);
INSERT INTO t_vat_revenue (vtr_id, drv_id, vat_id, vtr_amount, vtr_value) VALUES (928, 464, 2, 0, 0);
INSERT INTO t_day_revenue (drv_id, drv_revenue_date, drv_print_date, drv_closing_date, drv_cash, drv_ticket, drv_cheque, drv_card, drv_unpaid, drv_amount, drv_takeaway) VALUES (465, TO_DATE('22/02/2003', 'dd/MM/yyyy'), TO_DATE('27/02/2003', 'dd/MM/yyyy'), TO_DATE('27/02/2003', 'dd/MM/yyyy'), 0.0, 0.0, 67.5, 77.0, 0.0, 144.5, true);
INSERT INTO t_vat_revenue (vtr_id, drv_id, vat_id, vtr_amount, vtr_value) VALUES (929, 465, 1, 0, 0);
INSERT INTO t_vat_revenue (vtr_id, drv_id, vat_id, vtr_amount, vtr_value) VALUES (930, 465, 2, 144.5, 7.5331755);
INSERT INTO t_day_revenue (drv_id, drv_revenue_date, drv_print_date, drv_closing_date, drv_cash, drv_ticket, drv_cheque, drv_card, drv_unpaid, drv_amount, drv_takeaway) VALUES (466, TO_DATE('22/02/2003', 'dd/MM/yyyy'), TO_DATE('27/02/2003', 'dd/MM/yyyy'), TO_DATE('27/02/2003', 'dd/MM/yyyy'), 18.1, 24.4, 390.0, 1475.1, 0.0, 1907.6, false);
INSERT INTO t_vat_revenue (vtr_id, drv_id, vat_id, vtr_amount, vtr_value) VALUES (931, 466, 1, 1907.6, 312.61673);
INSERT INTO t_vat_revenue (vtr_id, drv_id, vat_id, vtr_amount, vtr_value) VALUES (932, 466, 2, 0, 0);
INSERT INTO t_day_revenue (drv_id, drv_revenue_date, drv_print_date, drv_closing_date, drv_cash, drv_ticket, drv_cheque, drv_card, drv_unpaid, drv_amount, drv_takeaway) VALUES (467, TO_DATE('23/02/2003', 'dd/MM/yyyy'), TO_DATE('27/02/2003', 'dd/MM/yyyy'), TO_DATE('27/02/2003', 'dd/MM/yyyy'), 0.0, 0.0, 0.0, 24.0, 0.0, 24.0, true);
INSERT INTO t_vat_revenue (vtr_id, drv_id, vat_id, vtr_amount, vtr_value) VALUES (933, 467, 1, 0, 0);
INSERT INTO t_vat_revenue (vtr_id, drv_id, vat_id, vtr_amount, vtr_value) VALUES (934, 467, 2, 24.0, 1.2511848);
INSERT INTO t_day_revenue (drv_id, drv_revenue_date, drv_print_date, drv_closing_date, drv_cash, drv_ticket, drv_cheque, drv_card, drv_unpaid, drv_amount, drv_takeaway) VALUES (468, TO_DATE('23/02/2003', 'dd/MM/yyyy'), TO_DATE('27/02/2003', 'dd/MM/yyyy'), TO_DATE('27/02/2003', 'dd/MM/yyyy'), 4.9, 22.35, 140.25, 463.0, 0.0, 630.5, false);
INSERT INTO t_vat_revenue (vtr_id, drv_id, vat_id, vtr_amount, vtr_value) VALUES (935, 468, 1, 630.5, 103.32609);
INSERT INTO t_vat_revenue (vtr_id, drv_id, vat_id, vtr_amount, vtr_value) VALUES (936, 468, 2, 0, 0);
INSERT INTO t_day_revenue (drv_id, drv_revenue_date, drv_print_date, drv_closing_date, drv_cash, drv_ticket, drv_cheque, drv_card, drv_unpaid, drv_amount, drv_takeaway) VALUES (469, TO_DATE('24/02/2003', 'dd/MM/yyyy'), TO_DATE('27/02/2003', 'dd/MM/yyyy'), TO_DATE('27/02/2003', 'dd/MM/yyyy'), 0.0, 0.0, 0.0, 68.0, 0.0, 68.0, true);
INSERT INTO t_vat_revenue (vtr_id, drv_id, vat_id, vtr_amount, vtr_value) VALUES (937, 469, 1, 0, 0);
INSERT INTO t_vat_revenue (vtr_id, drv_id, vat_id, vtr_amount, vtr_value) VALUES (938, 469, 2, 68.0, 3.5450237);
INSERT INTO t_day_revenue (drv_id, drv_revenue_date, drv_print_date, drv_closing_date, drv_cash, drv_ticket, drv_cheque, drv_card, drv_unpaid, drv_amount, drv_takeaway) VALUES (470, TO_DATE('24/02/2003', 'dd/MM/yyyy'), TO_DATE('27/02/2003', 'dd/MM/yyyy'), TO_DATE('27/02/2003', 'dd/MM/yyyy'), 11.0, 0.0, 211.0, 449.0, 0.0, 671.0, false);
INSERT INTO t_vat_revenue (vtr_id, drv_id, vat_id, vtr_amount, vtr_value) VALUES (939, 470, 1, 671.0, 109.96322);
INSERT INTO t_vat_revenue (vtr_id, drv_id, vat_id, vtr_amount, vtr_value) VALUES (940, 470, 2, 0, 0);
INSERT INTO t_day_revenue (drv_id, drv_revenue_date, drv_print_date, drv_closing_date, drv_cash, drv_ticket, drv_cheque, drv_card, drv_unpaid, drv_amount, drv_takeaway) VALUES (471, TO_DATE('25/02/2003', 'dd/MM/yyyy'), TO_DATE('27/02/2003', 'dd/MM/yyyy'), TO_DATE('27/02/2003', 'dd/MM/yyyy'), 0.0, 0.0, 0.0, 0.0, 0.0, 0.0, true);
INSERT INTO t_vat_revenue (vtr_id, drv_id, vat_id, vtr_amount, vtr_value) VALUES (941, 471, 1, 0, 0);
INSERT INTO t_vat_revenue (vtr_id, drv_id, vat_id, vtr_amount, vtr_value) VALUES (942, 471, 2, 0.0, 0.0);
INSERT INTO t_day_revenue (drv_id, drv_revenue_date, drv_print_date, drv_closing_date, drv_cash, drv_ticket, drv_cheque, drv_card, drv_unpaid, drv_amount, drv_takeaway) VALUES (472, TO_DATE('25/02/2003', 'dd/MM/yyyy'), TO_DATE('27/02/2003', 'dd/MM/yyyy'), TO_DATE('27/02/2003', 'dd/MM/yyyy'), 76.5, 0.0, 103.5, 247.5, 0.0, 427.5, false);
INSERT INTO t_vat_revenue (vtr_id, drv_id, vat_id, vtr_amount, vtr_value) VALUES (943, 472, 1, 427.5, 70.05853);
INSERT INTO t_vat_revenue (vtr_id, drv_id, vat_id, vtr_amount, vtr_value) VALUES (944, 472, 2, 0, 0);
INSERT INTO t_day_revenue (drv_id, drv_revenue_date, drv_print_date, drv_closing_date, drv_cash, drv_ticket, drv_cheque, drv_card, drv_unpaid, drv_amount, drv_takeaway) VALUES (473, TO_DATE('26/02/2003', 'dd/MM/yyyy'), TO_DATE('27/02/2003', 'dd/MM/yyyy'), TO_DATE('27/02/2003', 'dd/MM/yyyy'), 22.0, 0.0, 0.0, 42.0, 0.0, 64.0, true);
INSERT INTO t_vat_revenue (vtr_id, drv_id, vat_id, vtr_amount, vtr_value) VALUES (945, 473, 1, 0, 0);
INSERT INTO t_vat_revenue (vtr_id, drv_id, vat_id, vtr_amount, vtr_value) VALUES (946, 473, 2, 64.0, 3.3364928);
INSERT INTO t_day_revenue (drv_id, drv_revenue_date, drv_print_date, drv_closing_date, drv_cash, drv_ticket, drv_cheque, drv_card, drv_unpaid, drv_amount, drv_takeaway) VALUES (474, TO_DATE('26/02/2003', 'dd/MM/yyyy'), TO_DATE('27/02/2003', 'dd/MM/yyyy'), TO_DATE('27/02/2003', 'dd/MM/yyyy'), 85.0, 12.2, 113.5, 585.3, 0.0, 796.0, false);
INSERT INTO t_vat_revenue (vtr_id, drv_id, vat_id, vtr_amount, vtr_value) VALUES (947, 474, 1, 796.0, 130.44817);
INSERT INTO t_vat_revenue (vtr_id, drv_id, vat_id, vtr_amount, vtr_value) VALUES (948, 474, 2, 0, 0);
INSERT INTO t_day_revenue (drv_id, drv_revenue_date, drv_print_date, drv_closing_date, drv_cash, drv_ticket, drv_cheque, drv_card, drv_unpaid, drv_amount, drv_takeaway) VALUES (475, TO_DATE('27/02/2003', 'dd/MM/yyyy'), TO_DATE('06/03/2003', 'dd/MM/yyyy'), TO_DATE('06/03/2003', 'dd/MM/yyyy'), 0.0, 0.0, 0.0, 34.0, 0.0, 34.0, true);
INSERT INTO t_vat_revenue (vtr_id, drv_id, vat_id, vtr_amount, vtr_value) VALUES (949, 475, 1, 0, 0);
INSERT INTO t_vat_revenue (vtr_id, drv_id, vat_id, vtr_amount, vtr_value) VALUES (950, 475, 2, 34.0, 1.7725118);
INSERT INTO t_day_revenue (drv_id, drv_revenue_date, drv_print_date, drv_closing_date, drv_cash, drv_ticket, drv_cheque, drv_card, drv_unpaid, drv_amount, drv_takeaway) VALUES (476, TO_DATE('27/02/2003', 'dd/MM/yyyy'), TO_DATE('06/03/2003', 'dd/MM/yyyy'), TO_DATE('06/03/2003', 'dd/MM/yyyy'), 0.0, 5.34, 227.16, 443.5, 0.0, 676.0, false);
INSERT INTO t_vat_revenue (vtr_id, drv_id, vat_id, vtr_amount, vtr_value) VALUES (951, 476, 1, 676.0, 110.782616);
INSERT INTO t_vat_revenue (vtr_id, drv_id, vat_id, vtr_amount, vtr_value) VALUES (952, 476, 2, 0, 0);
INSERT INTO t_day_revenue (drv_id, drv_revenue_date, drv_print_date, drv_closing_date, drv_cash, drv_ticket, drv_cheque, drv_card, drv_unpaid, drv_amount, drv_takeaway) VALUES (477, TO_DATE('28/02/2003', 'dd/MM/yyyy'), TO_DATE('06/03/2003', 'dd/MM/yyyy'), TO_DATE('06/03/2003', 'dd/MM/yyyy'), 23.5, 0.0, 0.0, 128.0, 0.0, 151.5, true);
INSERT INTO t_vat_revenue (vtr_id, drv_id, vat_id, vtr_amount, vtr_value) VALUES (953, 477, 1, 0, 0);
INSERT INTO t_vat_revenue (vtr_id, drv_id, vat_id, vtr_amount, vtr_value) VALUES (954, 477, 2, 151.5, 7.898104);
INSERT INTO t_day_revenue (drv_id, drv_revenue_date, drv_print_date, drv_closing_date, drv_cash, drv_ticket, drv_cheque, drv_card, drv_unpaid, drv_amount, drv_takeaway) VALUES (478, TO_DATE('28/02/2003', 'dd/MM/yyyy'), TO_DATE('06/03/2003', 'dd/MM/yyyy'), TO_DATE('06/03/2003', 'dd/MM/yyyy'), -0.5, 11.4, 493.1, 1211.0, 0.0, 1715.0, false);
INSERT INTO t_vat_revenue (vtr_id, drv_id, vat_id, vtr_amount, vtr_value) VALUES (955, 478, 1, 1715.0, 281.05353);
INSERT INTO t_vat_revenue (vtr_id, drv_id, vat_id, vtr_amount, vtr_value) VALUES (956, 478, 2, 0, 0);
INSERT INTO t_day_revenue (drv_id, drv_revenue_date, drv_print_date, drv_closing_date, drv_cash, drv_ticket, drv_cheque, drv_card, drv_unpaid, drv_amount, drv_takeaway) VALUES (479, TO_DATE('01/03/2003', 'dd/MM/yyyy'), TO_DATE('06/03/2003', 'dd/MM/yyyy'), TO_DATE('06/03/2003', 'dd/MM/yyyy'), 0.0, 0.0, 0.0, 39.5, 0.0, 39.5, true);
INSERT INTO t_vat_revenue (vtr_id, drv_id, vat_id, vtr_amount, vtr_value) VALUES (957, 479, 1, 0, 0);
INSERT INTO t_vat_revenue (vtr_id, drv_id, vat_id, vtr_amount, vtr_value) VALUES (958, 479, 2, 39.5, 2.0592418);
INSERT INTO t_day_revenue (drv_id, drv_revenue_date, drv_print_date, drv_closing_date, drv_cash, drv_ticket, drv_cheque, drv_card, drv_unpaid, drv_amount, drv_takeaway) VALUES (480, TO_DATE('01/03/2003', 'dd/MM/yyyy'), TO_DATE('06/03/2003', 'dd/MM/yyyy'), TO_DATE('06/03/2003', 'dd/MM/yyyy'), 11.92, 33.5, 561.0, 1171.08, 0.0, 1777.5, false);
INSERT INTO t_vat_revenue (vtr_id, drv_id, vat_id, vtr_amount, vtr_value) VALUES (959, 480, 1, 1777.5, 291.296);
INSERT INTO t_vat_revenue (vtr_id, drv_id, vat_id, vtr_amount, vtr_value) VALUES (960, 480, 2, 0, 0);
INSERT INTO t_day_revenue (drv_id, drv_revenue_date, drv_print_date, drv_closing_date, drv_cash, drv_ticket, drv_cheque, drv_card, drv_unpaid, drv_amount, drv_takeaway) VALUES (481, TO_DATE('02/03/2003', 'dd/MM/yyyy'), TO_DATE('06/03/2003', 'dd/MM/yyyy'), TO_DATE('06/03/2003', 'dd/MM/yyyy'), 0.0, 0.0, 0.0, 137.0, 0.0, 137.0, true);
INSERT INTO t_vat_revenue (vtr_id, drv_id, vat_id, vtr_amount, vtr_value) VALUES (961, 481, 1, 0, 0);
INSERT INTO t_vat_revenue (vtr_id, drv_id, vat_id, vtr_amount, vtr_value) VALUES (962, 481, 2, 137.0, 7.14218);
INSERT INTO t_day_revenue (drv_id, drv_revenue_date, drv_print_date, drv_closing_date, drv_cash, drv_ticket, drv_cheque, drv_card, drv_unpaid, drv_amount, drv_takeaway) VALUES (482, TO_DATE('02/03/2003', 'dd/MM/yyyy'), TO_DATE('06/03/2003', 'dd/MM/yyyy'), TO_DATE('06/03/2003', 'dd/MM/yyyy'), -0.5, 14.0, 413.0, 882.5, 0.0, 1309.0, false);
INSERT INTO t_vat_revenue (vtr_id, drv_id, vat_id, vtr_amount, vtr_value) VALUES (963, 482, 1, 1309.0, 214.5184);
INSERT INTO t_vat_revenue (vtr_id, drv_id, vat_id, vtr_amount, vtr_value) VALUES (964, 482, 2, 0, 0);
INSERT INTO t_day_revenue (drv_id, drv_revenue_date, drv_print_date, drv_closing_date, drv_cash, drv_ticket, drv_cheque, drv_card, drv_unpaid, drv_amount, drv_takeaway) VALUES (483, TO_DATE('03/03/2003', 'dd/MM/yyyy'), TO_DATE('06/03/2003', 'dd/MM/yyyy'), TO_DATE('06/03/2003', 'dd/MM/yyyy'), 0.0, 0.0, 0.0, 0.0, 0.0, 0.0, true);
INSERT INTO t_vat_revenue (vtr_id, drv_id, vat_id, vtr_amount, vtr_value) VALUES (965, 483, 1, 0, 0);
INSERT INTO t_vat_revenue (vtr_id, drv_id, vat_id, vtr_amount, vtr_value) VALUES (966, 483, 2, 0.0, 0.0);
INSERT INTO t_day_revenue (drv_id, drv_revenue_date, drv_print_date, drv_closing_date, drv_cash, drv_ticket, drv_cheque, drv_card, drv_unpaid, drv_amount, drv_takeaway) VALUES (484, TO_DATE('03/03/2003', 'dd/MM/yyyy'), TO_DATE('06/03/2003', 'dd/MM/yyyy'), TO_DATE('06/03/2003', 'dd/MM/yyyy'), 0.0, 10.0, 45.5, 561.5, 0.0, 617.0, false);
INSERT INTO t_vat_revenue (vtr_id, drv_id, vat_id, vtr_amount, vtr_value) VALUES (967, 484, 1, 617.0, 101.113716);
INSERT INTO t_vat_revenue (vtr_id, drv_id, vat_id, vtr_amount, vtr_value) VALUES (968, 484, 2, 0, 0);
INSERT INTO t_day_revenue (drv_id, drv_revenue_date, drv_print_date, drv_closing_date, drv_cash, drv_ticket, drv_cheque, drv_card, drv_unpaid, drv_amount, drv_takeaway) VALUES (485, TO_DATE('04/03/2003', 'dd/MM/yyyy'), TO_DATE('06/03/2003', 'dd/MM/yyyy'), TO_DATE('06/03/2003', 'dd/MM/yyyy'), 0.0, 0.0, 0.0, 0.0, 0.0, 0.0, true);
INSERT INTO t_vat_revenue (vtr_id, drv_id, vat_id, vtr_amount, vtr_value) VALUES (969, 485, 1, 0, 0);
INSERT INTO t_vat_revenue (vtr_id, drv_id, vat_id, vtr_amount, vtr_value) VALUES (970, 485, 2, 0.0, 0.0);
INSERT INTO t_day_revenue (drv_id, drv_revenue_date, drv_print_date, drv_closing_date, drv_cash, drv_ticket, drv_cheque, drv_card, drv_unpaid, drv_amount, drv_takeaway) VALUES (486, TO_DATE('04/03/2003', 'dd/MM/yyyy'), TO_DATE('06/03/2003', 'dd/MM/yyyy'), TO_DATE('06/03/2003', 'dd/MM/yyyy'), 0.0, 21.0, 119.5, 776.5, 0.0, 917.0, false);
INSERT INTO t_vat_revenue (vtr_id, drv_id, vat_id, vtr_amount, vtr_value) VALUES (971, 486, 1, 917.0, 150.2776);
INSERT INTO t_vat_revenue (vtr_id, drv_id, vat_id, vtr_amount, vtr_value) VALUES (972, 486, 2, 0, 0);
INSERT INTO t_day_revenue (drv_id, drv_revenue_date, drv_print_date, drv_closing_date, drv_cash, drv_ticket, drv_cheque, drv_card, drv_unpaid, drv_amount, drv_takeaway) VALUES (487, TO_DATE('05/03/2003', 'dd/MM/yyyy'), TO_DATE('06/03/2003', 'dd/MM/yyyy'), TO_DATE('06/03/2003', 'dd/MM/yyyy'), 0.0, 0.0, 60.0, 14.5, 0.0, 74.5, true);
INSERT INTO t_vat_revenue (vtr_id, drv_id, vat_id, vtr_amount, vtr_value) VALUES (973, 487, 1, 0, 0);
INSERT INTO t_vat_revenue (vtr_id, drv_id, vat_id, vtr_amount, vtr_value) VALUES (974, 487, 2, 74.5, 3.8838863);
INSERT INTO t_day_revenue (drv_id, drv_revenue_date, drv_print_date, drv_closing_date, drv_cash, drv_ticket, drv_cheque, drv_card, drv_unpaid, drv_amount, drv_takeaway) VALUES (488, TO_DATE('05/03/2003', 'dd/MM/yyyy'), TO_DATE('06/03/2003', 'dd/MM/yyyy'), TO_DATE('06/03/2003', 'dd/MM/yyyy'), 12.7, 13.8, 421.67, 625.34, 0.0, 1073.51, false);
INSERT INTO t_vat_revenue (vtr_id, drv_id, vat_id, vtr_amount, vtr_value) VALUES (975, 488, 1, 1073.51, 175.92639);
INSERT INTO t_vat_revenue (vtr_id, drv_id, vat_id, vtr_amount, vtr_value) VALUES (976, 488, 2, 0, 0);
INSERT INTO t_day_revenue (drv_id, drv_revenue_date, drv_print_date, drv_closing_date, drv_cash, drv_ticket, drv_cheque, drv_card, drv_unpaid, drv_amount, drv_takeaway) VALUES (489, TO_DATE('06/03/2003', 'dd/MM/yyyy'), TO_DATE('14/03/2003', 'dd/MM/yyyy'), TO_DATE('14/03/2003', 'dd/MM/yyyy'), 0.0, 0.0, 0.0, 52.0, 0.0, 52.0, true);
INSERT INTO t_vat_revenue (vtr_id, drv_id, vat_id, vtr_amount, vtr_value) VALUES (977, 489, 1, 0, 0);
INSERT INTO t_vat_revenue (vtr_id, drv_id, vat_id, vtr_amount, vtr_value) VALUES (978, 489, 2, 52.0, 2.7109005);
INSERT INTO t_day_revenue (drv_id, drv_revenue_date, drv_print_date, drv_closing_date, drv_cash, drv_ticket, drv_cheque, drv_card, drv_unpaid, drv_amount, drv_takeaway) VALUES (490, TO_DATE('06/03/2003', 'dd/MM/yyyy'), TO_DATE('14/03/2003', 'dd/MM/yyyy'), TO_DATE('14/03/2003', 'dd/MM/yyyy'), 0.0, 50.92, 619.58, 469.0, 0.0, 1139.5, false);
INSERT INTO t_vat_revenue (vtr_id, drv_id, vat_id, vtr_amount, vtr_value) VALUES (979, 490, 1, 1139.5, 186.74081);
INSERT INTO t_vat_revenue (vtr_id, drv_id, vat_id, vtr_amount, vtr_value) VALUES (980, 490, 2, 0, 0);
INSERT INTO t_day_revenue (drv_id, drv_revenue_date, drv_print_date, drv_closing_date, drv_cash, drv_ticket, drv_cheque, drv_card, drv_unpaid, drv_amount, drv_takeaway) VALUES (491, TO_DATE('07/03/2003', 'dd/MM/yyyy'), TO_DATE('14/03/2003', 'dd/MM/yyyy'), TO_DATE('14/03/2003', 'dd/MM/yyyy'), 0.0, 0.0, 21.5, 0.0, 0.0, 21.5, true);
INSERT INTO t_vat_revenue (vtr_id, drv_id, vat_id, vtr_amount, vtr_value) VALUES (981, 491, 1, 0, 0);
INSERT INTO t_vat_revenue (vtr_id, drv_id, vat_id, vtr_amount, vtr_value) VALUES (982, 491, 2, 21.5, 1.1208531);
INSERT INTO t_day_revenue (drv_id, drv_revenue_date, drv_print_date, drv_closing_date, drv_cash, drv_ticket, drv_cheque, drv_card, drv_unpaid, drv_amount, drv_takeaway) VALUES (492, TO_DATE('07/03/2003', 'dd/MM/yyyy'), TO_DATE('14/03/2003', 'dd/MM/yyyy'), TO_DATE('14/03/2003', 'dd/MM/yyyy'), 3.1, 27.4, 272.0, 1149.0, 0.0, 1451.5, false);
INSERT INTO t_vat_revenue (vtr_id, drv_id, vat_id, vtr_amount, vtr_value) VALUES (983, 492, 1, 1451.5, 237.87125);
INSERT INTO t_vat_revenue (vtr_id, drv_id, vat_id, vtr_amount, vtr_value) VALUES (984, 492, 2, 0, 0);
INSERT INTO t_day_revenue (drv_id, drv_revenue_date, drv_print_date, drv_closing_date, drv_cash, drv_ticket, drv_cheque, drv_card, drv_unpaid, drv_amount, drv_takeaway) VALUES (493, TO_DATE('08/03/2003', 'dd/MM/yyyy'), TO_DATE('14/03/2003', 'dd/MM/yyyy'), TO_DATE('14/03/2003', 'dd/MM/yyyy'), 0.0, 0.0, 0.0, 46.5, 0.0, 46.5, true);
INSERT INTO t_vat_revenue (vtr_id, drv_id, vat_id, vtr_amount, vtr_value) VALUES (985, 493, 1, 0, 0);
INSERT INTO t_vat_revenue (vtr_id, drv_id, vat_id, vtr_amount, vtr_value) VALUES (986, 493, 2, 46.5, 2.4241707);
INSERT INTO t_day_revenue (drv_id, drv_revenue_date, drv_print_date, drv_closing_date, drv_cash, drv_ticket, drv_cheque, drv_card, drv_unpaid, drv_amount, drv_takeaway) VALUES (494, TO_DATE('08/03/2003', 'dd/MM/yyyy'), TO_DATE('14/03/2003', 'dd/MM/yyyy'), TO_DATE('14/03/2003', 'dd/MM/yyyy'), 71.0, 29.5, 272.5, 1579.5, 0.0, 1952.5, false);
INSERT INTO t_vat_revenue (vtr_id, drv_id, vat_id, vtr_amount, vtr_value) VALUES (987, 494, 1, 1952.5, 319.9749);
INSERT INTO t_vat_revenue (vtr_id, drv_id, vat_id, vtr_amount, vtr_value) VALUES (988, 494, 2, 0, 0);
INSERT INTO t_day_revenue (drv_id, drv_revenue_date, drv_print_date, drv_closing_date, drv_cash, drv_ticket, drv_cheque, drv_card, drv_unpaid, drv_amount, drv_takeaway) VALUES (495, TO_DATE('09/03/2003', 'dd/MM/yyyy'), TO_DATE('14/03/2003', 'dd/MM/yyyy'), TO_DATE('14/03/2003', 'dd/MM/yyyy'), 0.0, 0.0, 0.0, 55.0, 0.0, 55.0, true);
INSERT INTO t_vat_revenue (vtr_id, drv_id, vat_id, vtr_amount, vtr_value) VALUES (989, 495, 1, 0, 0);
INSERT INTO t_vat_revenue (vtr_id, drv_id, vat_id, vtr_amount, vtr_value) VALUES (990, 495, 2, 55.0, 2.8672986);
INSERT INTO t_day_revenue (drv_id, drv_revenue_date, drv_print_date, drv_closing_date, drv_cash, drv_ticket, drv_cheque, drv_card, drv_unpaid, drv_amount, drv_takeaway) VALUES (496, TO_DATE('09/03/2003', 'dd/MM/yyyy'), TO_DATE('14/03/2003', 'dd/MM/yyyy'), TO_DATE('14/03/2003', 'dd/MM/yyyy'), 4.0, 27.0, 496.0, 583.5, 0.0, 1110.5, false);
INSERT INTO t_vat_revenue (vtr_id, drv_id, vat_id, vtr_amount, vtr_value) VALUES (991, 496, 1, 1110.5, 181.9883);
INSERT INTO t_vat_revenue (vtr_id, drv_id, vat_id, vtr_amount, vtr_value) VALUES (992, 496, 2, 0, 0);
INSERT INTO t_day_revenue (drv_id, drv_revenue_date, drv_print_date, drv_closing_date, drv_cash, drv_ticket, drv_cheque, drv_card, drv_unpaid, drv_amount, drv_takeaway) VALUES (497, TO_DATE('10/03/2003', 'dd/MM/yyyy'), TO_DATE('14/03/2003', 'dd/MM/yyyy'), TO_DATE('14/03/2003', 'dd/MM/yyyy'), 0.0, 0.0, 0.0, 25.5, 0.0, 25.5, true);
INSERT INTO t_vat_revenue (vtr_id, drv_id, vat_id, vtr_amount, vtr_value) VALUES (993, 497, 1, 0, 0);
INSERT INTO t_vat_revenue (vtr_id, drv_id, vat_id, vtr_amount, vtr_value) VALUES (994, 497, 2, 25.5, 1.3293839);
INSERT INTO t_day_revenue (drv_id, drv_revenue_date, drv_print_date, drv_closing_date, drv_cash, drv_ticket, drv_cheque, drv_card, drv_unpaid, drv_amount, drv_takeaway) VALUES (498, TO_DATE('10/03/2003', 'dd/MM/yyyy'), TO_DATE('14/03/2003', 'dd/MM/yyyy'), TO_DATE('14/03/2003', 'dd/MM/yyyy'), 135.0, 0.0, 87.0, 469.0, 0.0, 691.0, false);
INSERT INTO t_vat_revenue (vtr_id, drv_id, vat_id, vtr_amount, vtr_value) VALUES (995, 498, 1, 691.0, 113.24081);
INSERT INTO t_vat_revenue (vtr_id, drv_id, vat_id, vtr_amount, vtr_value) VALUES (996, 498, 2, 0, 0);
INSERT INTO t_day_revenue (drv_id, drv_revenue_date, drv_print_date, drv_closing_date, drv_cash, drv_ticket, drv_cheque, drv_card, drv_unpaid, drv_amount, drv_takeaway) VALUES (499, TO_DATE('11/03/2003', 'dd/MM/yyyy'), TO_DATE('14/03/2003', 'dd/MM/yyyy'), TO_DATE('14/03/2003', 'dd/MM/yyyy'), 0.0, 0.0, 0.0, 0.0, 0.0, 0.0, true);
INSERT INTO t_vat_revenue (vtr_id, drv_id, vat_id, vtr_amount, vtr_value) VALUES (997, 499, 1, 0, 0);
INSERT INTO t_vat_revenue (vtr_id, drv_id, vat_id, vtr_amount, vtr_value) VALUES (998, 499, 2, 0.0, 0.0);
INSERT INTO t_day_revenue (drv_id, drv_revenue_date, drv_print_date, drv_closing_date, drv_cash, drv_ticket, drv_cheque, drv_card, drv_unpaid, drv_amount, drv_takeaway) VALUES (500, TO_DATE('11/03/2003', 'dd/MM/yyyy'), TO_DATE('14/03/2003', 'dd/MM/yyyy'), TO_DATE('14/03/2003', 'dd/MM/yyyy'), -1.0, 14.0, 240.25, 783.25, 0.0, 1036.5, false);
INSERT INTO t_vat_revenue (vtr_id, drv_id, vat_id, vtr_amount, vtr_value) VALUES (999, 500, 1, 1036.5, 169.8612);
INSERT INTO t_vat_revenue (vtr_id, drv_id, vat_id, vtr_amount, vtr_value) VALUES (1000, 500, 2, 0, 0);
INSERT INTO t_day_revenue (drv_id, drv_revenue_date, drv_print_date, drv_closing_date, drv_cash, drv_ticket, drv_cheque, drv_card, drv_unpaid, drv_amount, drv_takeaway) VALUES (501, TO_DATE('12/03/2003', 'dd/MM/yyyy'), TO_DATE('14/03/2003', 'dd/MM/yyyy'), TO_DATE('06/05/2003', 'dd/MM/yyyy'), 0.0, 0.0, 152.0, 89.5, 0.0, 241.5, true);
INSERT INTO t_vat_revenue (vtr_id, drv_id, vat_id, vtr_amount, vtr_value) VALUES (1001, 501, 1, 0, 0);
INSERT INTO t_vat_revenue (vtr_id, drv_id, vat_id, vtr_amount, vtr_value) VALUES (1002, 501, 2, 241.5, 12.590048);
INSERT INTO t_day_revenue (drv_id, drv_revenue_date, drv_print_date, drv_closing_date, drv_cash, drv_ticket, drv_cheque, drv_card, drv_unpaid, drv_amount, drv_takeaway) VALUES (502, TO_DATE('12/03/2003', 'dd/MM/yyyy'), TO_DATE('14/03/2003', 'dd/MM/yyyy'), TO_DATE('06/05/2003', 'dd/MM/yyyy'), 27.7, 21.3, 290.75, 522.25, 0.0, 862.0, false);
INSERT INTO t_vat_revenue (vtr_id, drv_id, vat_id, vtr_amount, vtr_value) VALUES (1003, 502, 1, 862.0, 141.26422);
INSERT INTO t_vat_revenue (vtr_id, drv_id, vat_id, vtr_amount, vtr_value) VALUES (1004, 502, 2, 0, 0);
INSERT INTO t_day_revenue (drv_id, drv_revenue_date, drv_print_date, drv_closing_date, drv_cash, drv_ticket, drv_cheque, drv_card, drv_unpaid, drv_amount, drv_takeaway) VALUES (503, TO_DATE('13/03/2003', 'dd/MM/yyyy'), TO_DATE('14/03/2003', 'dd/MM/yyyy'), TO_DATE('14/03/2003', 'dd/MM/yyyy'), 0.0, 0.0, 0.0, 38.5, 0.0, 38.5, true);
INSERT INTO t_vat_revenue (vtr_id, drv_id, vat_id, vtr_amount, vtr_value) VALUES (1005, 503, 1, 0, 0);
INSERT INTO t_vat_revenue (vtr_id, drv_id, vat_id, vtr_amount, vtr_value) VALUES (1006, 503, 2, 38.5, 2.007109);
INSERT INTO t_day_revenue (drv_id, drv_revenue_date, drv_print_date, drv_closing_date, drv_cash, drv_ticket, drv_cheque, drv_card, drv_unpaid, drv_amount, drv_takeaway) VALUES (504, TO_DATE('13/03/2003', 'dd/MM/yyyy'), TO_DATE('14/03/2003', 'dd/MM/yyyy'), TO_DATE('14/03/2003', 'dd/MM/yyyy'), 0.0, 23.5, 109.0, 355.5, 0.0, 488.0, false);
INSERT INTO t_vat_revenue (vtr_id, drv_id, vat_id, vtr_amount, vtr_value) VALUES (1007, 504, 1, 488.0, 79.97324);
INSERT INTO t_vat_revenue (vtr_id, drv_id, vat_id, vtr_amount, vtr_value) VALUES (1008, 504, 2, 0, 0);
INSERT INTO t_day_revenue (drv_id, drv_revenue_date, drv_print_date, drv_closing_date, drv_cash, drv_ticket, drv_cheque, drv_card, drv_unpaid, drv_amount, drv_takeaway) VALUES (505, TO_DATE('14/03/2003', 'dd/MM/yyyy'), TO_DATE('20/03/2003', 'dd/MM/yyyy'), TO_DATE('20/03/2003', 'dd/MM/yyyy'), 0.0, 0.0, 0.0, 148.5, 0.0, 148.5, true);
INSERT INTO t_vat_revenue (vtr_id, drv_id, vat_id, vtr_amount, vtr_value) VALUES (1009, 505, 1, 0, 0);
INSERT INTO t_vat_revenue (vtr_id, drv_id, vat_id, vtr_amount, vtr_value) VALUES (1010, 505, 2, 148.5, 7.7417064);
INSERT INTO t_day_revenue (drv_id, drv_revenue_date, drv_print_date, drv_closing_date, drv_cash, drv_ticket, drv_cheque, drv_card, drv_unpaid, drv_amount, drv_takeaway) VALUES (506, TO_DATE('14/03/2003', 'dd/MM/yyyy'), TO_DATE('20/03/2003', 'dd/MM/yyyy'), TO_DATE('20/03/2003', 'dd/MM/yyyy'), 3.19, 164.15, 652.0, 1844.66, 0.0, 2664.0, false);
INSERT INTO t_vat_revenue (vtr_id, drv_id, vat_id, vtr_amount, vtr_value) VALUES (1011, 506, 1, 2664.0, 436.5753);
INSERT INTO t_vat_revenue (vtr_id, drv_id, vat_id, vtr_amount, vtr_value) VALUES (1012, 506, 2, 0, 0);
INSERT INTO t_day_revenue (drv_id, drv_revenue_date, drv_print_date, drv_closing_date, drv_cash, drv_ticket, drv_cheque, drv_card, drv_unpaid, drv_amount, drv_takeaway) VALUES (507, TO_DATE('15/03/2003', 'dd/MM/yyyy'), TO_DATE('20/03/2003', 'dd/MM/yyyy'), TO_DATE('20/03/2003', 'dd/MM/yyyy'), 0.0, 0.0, 0.0, 122.0, 0.0, 122.0, true);
INSERT INTO t_vat_revenue (vtr_id, drv_id, vat_id, vtr_amount, vtr_value) VALUES (1013, 507, 1, 0, 0);
INSERT INTO t_vat_revenue (vtr_id, drv_id, vat_id, vtr_amount, vtr_value) VALUES (1014, 507, 2, 122.0, 6.3601894);
INSERT INTO t_day_revenue (drv_id, drv_revenue_date, drv_print_date, drv_closing_date, drv_cash, drv_ticket, drv_cheque, drv_card, drv_unpaid, drv_amount, drv_takeaway) VALUES (508, TO_DATE('15/03/2003', 'dd/MM/yyyy'), TO_DATE('20/03/2003', 'dd/MM/yyyy'), TO_DATE('20/03/2003', 'dd/MM/yyyy'), 47.0, 56.0, 652.0, 1772.5, 0.0, 2527.5, false);
INSERT INTO t_vat_revenue (vtr_id, drv_id, vat_id, vtr_amount, vtr_value) VALUES (1015, 508, 1, 2527.5, 414.2057);
INSERT INTO t_vat_revenue (vtr_id, drv_id, vat_id, vtr_amount, vtr_value) VALUES (1016, 508, 2, 0, 0);
INSERT INTO t_day_revenue (drv_id, drv_revenue_date, drv_print_date, drv_closing_date, drv_cash, drv_ticket, drv_cheque, drv_card, drv_unpaid, drv_amount, drv_takeaway) VALUES (509, TO_DATE('16/03/2003', 'dd/MM/yyyy'), TO_DATE('20/03/2003', 'dd/MM/yyyy'), TO_DATE('20/03/2003', 'dd/MM/yyyy'), 0.0, 0.0, 0.0, 33.0, 0.0, 33.0, true);
INSERT INTO t_vat_revenue (vtr_id, drv_id, vat_id, vtr_amount, vtr_value) VALUES (1017, 509, 1, 0, 0);
INSERT INTO t_vat_revenue (vtr_id, drv_id, vat_id, vtr_amount, vtr_value) VALUES (1018, 509, 2, 33.0, 1.7203791);
INSERT INTO t_day_revenue (drv_id, drv_revenue_date, drv_print_date, drv_closing_date, drv_cash, drv_ticket, drv_cheque, drv_card, drv_unpaid, drv_amount, drv_takeaway) VALUES (510, TO_DATE('16/03/2003', 'dd/MM/yyyy'), TO_DATE('20/03/2003', 'dd/MM/yyyy'), TO_DATE('20/03/2003', 'dd/MM/yyyy'), 0.0, 0.0, 406.0, 568.0, 0.0, 974.0, false);
INSERT INTO t_vat_revenue (vtr_id, drv_id, vat_id, vtr_amount, vtr_value) VALUES (1019, 510, 1, 974.0, 159.61873);
INSERT INTO t_vat_revenue (vtr_id, drv_id, vat_id, vtr_amount, vtr_value) VALUES (1020, 510, 2, 0, 0);
INSERT INTO t_day_revenue (drv_id, drv_revenue_date, drv_print_date, drv_closing_date, drv_cash, drv_ticket, drv_cheque, drv_card, drv_unpaid, drv_amount, drv_takeaway) VALUES (511, TO_DATE('17/03/2003', 'dd/MM/yyyy'), TO_DATE('20/03/2003', 'dd/MM/yyyy'), TO_DATE('20/03/2003', 'dd/MM/yyyy'), 0.0, 0.0, 0.0, 13.0, 0.0, 13.0, true);
INSERT INTO t_vat_revenue (vtr_id, drv_id, vat_id, vtr_amount, vtr_value) VALUES (1021, 511, 1, 0, 0);
INSERT INTO t_vat_revenue (vtr_id, drv_id, vat_id, vtr_amount, vtr_value) VALUES (1022, 511, 2, 13.0, 0.67772514);
INSERT INTO t_day_revenue (drv_id, drv_revenue_date, drv_print_date, drv_closing_date, drv_cash, drv_ticket, drv_cheque, drv_card, drv_unpaid, drv_amount, drv_takeaway) VALUES (512, TO_DATE('17/03/2003', 'dd/MM/yyyy'), TO_DATE('20/03/2003', 'dd/MM/yyyy'), TO_DATE('20/03/2003', 'dd/MM/yyyy'), 10.1, 24.4, 52.0, 719.5, 0.0, 806.0, false);
INSERT INTO t_vat_revenue (vtr_id, drv_id, vat_id, vtr_amount, vtr_value) VALUES (1023, 512, 1, 806.0, 132.08696);
INSERT INTO t_vat_revenue (vtr_id, drv_id, vat_id, vtr_amount, vtr_value) VALUES (1024, 512, 2, 0, 0);
INSERT INTO t_day_revenue (drv_id, drv_revenue_date, drv_print_date, drv_closing_date, drv_cash, drv_ticket, drv_cheque, drv_card, drv_unpaid, drv_amount, drv_takeaway) VALUES (513, TO_DATE('18/03/2003', 'dd/MM/yyyy'), TO_DATE('20/03/2003', 'dd/MM/yyyy'), TO_DATE('20/03/2003', 'dd/MM/yyyy'), 0.0, 0.0, 0.0, 0.0, 0.0, 0.0, true);
INSERT INTO t_vat_revenue (vtr_id, drv_id, vat_id, vtr_amount, vtr_value) VALUES (1025, 513, 1, 0, 0);
INSERT INTO t_vat_revenue (vtr_id, drv_id, vat_id, vtr_amount, vtr_value) VALUES (1026, 513, 2, 0.0, 0.0);
INSERT INTO t_day_revenue (drv_id, drv_revenue_date, drv_print_date, drv_closing_date, drv_cash, drv_ticket, drv_cheque, drv_card, drv_unpaid, drv_amount, drv_takeaway) VALUES (514, TO_DATE('18/03/2003', 'dd/MM/yyyy'), TO_DATE('20/03/2003', 'dd/MM/yyyy'), TO_DATE('20/03/2003', 'dd/MM/yyyy'), 0.0, 12.0, 217.0, 613.0, 0.0, 842.0, false);
INSERT INTO t_vat_revenue (vtr_id, drv_id, vat_id, vtr_amount, vtr_value) VALUES (1027, 514, 1, 842.0, 137.98663);
INSERT INTO t_vat_revenue (vtr_id, drv_id, vat_id, vtr_amount, vtr_value) VALUES (1028, 514, 2, 0, 0);
INSERT INTO t_day_revenue (drv_id, drv_revenue_date, drv_print_date, drv_closing_date, drv_cash, drv_ticket, drv_cheque, drv_card, drv_unpaid, drv_amount, drv_takeaway) VALUES (515, TO_DATE('19/03/2003', 'dd/MM/yyyy'), TO_DATE('20/03/2003', 'dd/MM/yyyy'), TO_DATE('06/05/2003', 'dd/MM/yyyy'), 0.0, 0.0, 107.5, 119.5, 0.0, 227.0, true);
INSERT INTO t_vat_revenue (vtr_id, drv_id, vat_id, vtr_amount, vtr_value) VALUES (1029, 515, 1, 0, 0);
INSERT INTO t_vat_revenue (vtr_id, drv_id, vat_id, vtr_amount, vtr_value) VALUES (1030, 515, 2, 227.0, 11.834124);
INSERT INTO t_day_revenue (drv_id, drv_revenue_date, drv_print_date, drv_closing_date, drv_cash, drv_ticket, drv_cheque, drv_card, drv_unpaid, drv_amount, drv_takeaway) VALUES (516, TO_DATE('19/03/2003', 'dd/MM/yyyy'), TO_DATE('20/03/2003', 'dd/MM/yyyy'), TO_DATE('06/05/2003', 'dd/MM/yyyy'), 181.5, 0.0, 154.0, 694.0, 0.0, 1029.5, false);
INSERT INTO t_vat_revenue (vtr_id, drv_id, vat_id, vtr_amount, vtr_value) VALUES (1031, 516, 1, 1029.5, 168.71407);
INSERT INTO t_vat_revenue (vtr_id, drv_id, vat_id, vtr_amount, vtr_value) VALUES (1032, 516, 2, 0, 0);
INSERT INTO t_day_revenue (drv_id, drv_revenue_date, drv_print_date, drv_closing_date, drv_cash, drv_ticket, drv_cheque, drv_card, drv_unpaid, drv_amount, drv_takeaway) VALUES (517, TO_DATE('20/03/2003', 'dd/MM/yyyy'), TO_DATE('27/03/2003', 'dd/MM/yyyy'), TO_DATE('27/03/2003', 'dd/MM/yyyy'), 0.0, 0.0, 0.0, 0.0, 0.0, 0.0, true);
INSERT INTO t_vat_revenue (vtr_id, drv_id, vat_id, vtr_amount, vtr_value) VALUES (1033, 517, 1, 0, 0);
INSERT INTO t_vat_revenue (vtr_id, drv_id, vat_id, vtr_amount, vtr_value) VALUES (1034, 517, 2, 0.0, 0.0);
INSERT INTO t_day_revenue (drv_id, drv_revenue_date, drv_print_date, drv_closing_date, drv_cash, drv_ticket, drv_cheque, drv_card, drv_unpaid, drv_amount, drv_takeaway) VALUES (518, TO_DATE('20/03/2003', 'dd/MM/yyyy'), TO_DATE('27/03/2003', 'dd/MM/yyyy'), TO_DATE('27/03/2003', 'dd/MM/yyyy'), 0.0, 43.5, 50.0, 715.0, 0.0, 808.5, false);
INSERT INTO t_vat_revenue (vtr_id, drv_id, vat_id, vtr_amount, vtr_value) VALUES (1035, 518, 1, 808.5, 132.49666);
INSERT INTO t_vat_revenue (vtr_id, drv_id, vat_id, vtr_amount, vtr_value) VALUES (1036, 518, 2, 0, 0);
INSERT INTO t_day_revenue (drv_id, drv_revenue_date, drv_print_date, drv_closing_date, drv_cash, drv_ticket, drv_cheque, drv_card, drv_unpaid, drv_amount, drv_takeaway) VALUES (519, TO_DATE('21/03/2003', 'dd/MM/yyyy'), TO_DATE('27/03/2003', 'dd/MM/yyyy'), TO_DATE('27/03/2003', 'dd/MM/yyyy'), 0.0, 0.0, 0.0, 122.0, 0.0, 122.0, true);
INSERT INTO t_vat_revenue (vtr_id, drv_id, vat_id, vtr_amount, vtr_value) VALUES (1037, 519, 1, 0, 0);
INSERT INTO t_vat_revenue (vtr_id, drv_id, vat_id, vtr_amount, vtr_value) VALUES (1038, 519, 2, 122.0, 6.3601894);
INSERT INTO t_day_revenue (drv_id, drv_revenue_date, drv_print_date, drv_closing_date, drv_cash, drv_ticket, drv_cheque, drv_card, drv_unpaid, drv_amount, drv_takeaway) VALUES (520, TO_DATE('21/03/2003', 'dd/MM/yyyy'), TO_DATE('27/03/2003', 'dd/MM/yyyy'), TO_DATE('27/03/2003', 'dd/MM/yyyy'), 0.0, 26.75, 157.5, 1297.25, 0.0, 1481.5, false);
INSERT INTO t_vat_revenue (vtr_id, drv_id, vat_id, vtr_amount, vtr_value) VALUES (1039, 520, 1, 1481.5, 242.78763);
INSERT INTO t_vat_revenue (vtr_id, drv_id, vat_id, vtr_amount, vtr_value) VALUES (1040, 520, 2, 0, 0);
INSERT INTO t_day_revenue (drv_id, drv_revenue_date, drv_print_date, drv_closing_date, drv_cash, drv_ticket, drv_cheque, drv_card, drv_unpaid, drv_amount, drv_takeaway) VALUES (521, TO_DATE('22/03/2003', 'dd/MM/yyyy'), TO_DATE('27/03/2003', 'dd/MM/yyyy'), TO_DATE('27/03/2003', 'dd/MM/yyyy'), 19.0, 0.0, 0.0, 100.5, 0.0, 119.5, true);
INSERT INTO t_vat_revenue (vtr_id, drv_id, vat_id, vtr_amount, vtr_value) VALUES (1041, 521, 1, 0, 0);
INSERT INTO t_vat_revenue (vtr_id, drv_id, vat_id, vtr_amount, vtr_value) VALUES (1042, 521, 2, 119.5, 6.229858);
INSERT INTO t_day_revenue (drv_id, drv_revenue_date, drv_print_date, drv_closing_date, drv_cash, drv_ticket, drv_cheque, drv_card, drv_unpaid, drv_amount, drv_takeaway) VALUES (522, TO_DATE('22/03/2003', 'dd/MM/yyyy'), TO_DATE('27/03/2003', 'dd/MM/yyyy'), TO_DATE('27/03/2003', 'dd/MM/yyyy'), 45.5, 6.25, 819.25, 1292.0, 0.0, 2163.0, false);
INSERT INTO t_vat_revenue (vtr_id, drv_id, vat_id, vtr_amount, vtr_value) VALUES (1043, 522, 1, 2163.0, 354.4716);
INSERT INTO t_vat_revenue (vtr_id, drv_id, vat_id, vtr_amount, vtr_value) VALUES (1044, 522, 2, 0, 0);
INSERT INTO t_day_revenue (drv_id, drv_revenue_date, drv_print_date, drv_closing_date, drv_cash, drv_ticket, drv_cheque, drv_card, drv_unpaid, drv_amount, drv_takeaway) VALUES (523, TO_DATE('23/03/2003', 'dd/MM/yyyy'), TO_DATE('27/03/2003', 'dd/MM/yyyy'), TO_DATE('27/03/2003', 'dd/MM/yyyy'), 0.0, 0.0, 0.0, 0.0, 0.0, 0.0, true);
INSERT INTO t_vat_revenue (vtr_id, drv_id, vat_id, vtr_amount, vtr_value) VALUES (1045, 523, 1, 0, 0);
INSERT INTO t_vat_revenue (vtr_id, drv_id, vat_id, vtr_amount, vtr_value) VALUES (1046, 523, 2, 0.0, 0.0);
INSERT INTO t_day_revenue (drv_id, drv_revenue_date, drv_print_date, drv_closing_date, drv_cash, drv_ticket, drv_cheque, drv_card, drv_unpaid, drv_amount, drv_takeaway) VALUES (524, TO_DATE('23/03/2003', 'dd/MM/yyyy'), TO_DATE('27/03/2003', 'dd/MM/yyyy'), TO_DATE('27/03/2003', 'dd/MM/yyyy'), 0.0, 21.0, 578.0, 1208.5, 0.0, 1807.5, false);
INSERT INTO t_vat_revenue (vtr_id, drv_id, vat_id, vtr_amount, vtr_value) VALUES (1047, 524, 1, 1807.5, 296.21237);
INSERT INTO t_vat_revenue (vtr_id, drv_id, vat_id, vtr_amount, vtr_value) VALUES (1048, 524, 2, 0, 0);
INSERT INTO t_day_revenue (drv_id, drv_revenue_date, drv_print_date, drv_closing_date, drv_cash, drv_ticket, drv_cheque, drv_card, drv_unpaid, drv_amount, drv_takeaway) VALUES (525, TO_DATE('24/03/2003', 'dd/MM/yyyy'), TO_DATE('27/03/2003', 'dd/MM/yyyy'), TO_DATE('27/03/2003', 'dd/MM/yyyy'), 0.0, 0.0, 0.0, 0.0, 0.0, 0.0, true);
INSERT INTO t_vat_revenue (vtr_id, drv_id, vat_id, vtr_amount, vtr_value) VALUES (1049, 525, 1, 0, 0);
INSERT INTO t_vat_revenue (vtr_id, drv_id, vat_id, vtr_amount, vtr_value) VALUES (1050, 525, 2, 0.0, 0.0);
INSERT INTO t_day_revenue (drv_id, drv_revenue_date, drv_print_date, drv_closing_date, drv_cash, drv_ticket, drv_cheque, drv_card, drv_unpaid, drv_amount, drv_takeaway) VALUES (526, TO_DATE('24/03/2003', 'dd/MM/yyyy'), TO_DATE('27/03/2003', 'dd/MM/yyyy'), TO_DATE('27/03/2003', 'dd/MM/yyyy'), 19.0, 42.6, 250.0, 445.4, 0.0, 757.0, false);
INSERT INTO t_vat_revenue (vtr_id, drv_id, vat_id, vtr_amount, vtr_value) VALUES (1051, 526, 1, 757.0, 124.05686);
INSERT INTO t_vat_revenue (vtr_id, drv_id, vat_id, vtr_amount, vtr_value) VALUES (1052, 526, 2, 0, 0);
INSERT INTO t_day_revenue (drv_id, drv_revenue_date, drv_print_date, drv_closing_date, drv_cash, drv_ticket, drv_cheque, drv_card, drv_unpaid, drv_amount, drv_takeaway) VALUES (527, TO_DATE('25/03/2003', 'dd/MM/yyyy'), TO_DATE('27/03/2003', 'dd/MM/yyyy'), TO_DATE('27/03/2003', 'dd/MM/yyyy'), 0.0, 0.0, 0.0, 49.0, 0.0, 49.0, true);
INSERT INTO t_vat_revenue (vtr_id, drv_id, vat_id, vtr_amount, vtr_value) VALUES (1053, 527, 1, 0, 0);
INSERT INTO t_vat_revenue (vtr_id, drv_id, vat_id, vtr_amount, vtr_value) VALUES (1054, 527, 2, 49.0, 2.5545025);
INSERT INTO t_day_revenue (drv_id, drv_revenue_date, drv_print_date, drv_closing_date, drv_cash, drv_ticket, drv_cheque, drv_card, drv_unpaid, drv_amount, drv_takeaway) VALUES (528, TO_DATE('25/03/2003', 'dd/MM/yyyy'), TO_DATE('27/03/2003', 'dd/MM/yyyy'), TO_DATE('27/03/2003', 'dd/MM/yyyy'), 9.0, 0.0, 629.0, 395.5, 0.0, 1033.5, false);
INSERT INTO t_vat_revenue (vtr_id, drv_id, vat_id, vtr_amount, vtr_value) VALUES (1055, 528, 1, 1033.5, 169.36957);
INSERT INTO t_vat_revenue (vtr_id, drv_id, vat_id, vtr_amount, vtr_value) VALUES (1056, 528, 2, 0, 0);
INSERT INTO t_day_revenue (drv_id, drv_revenue_date, drv_print_date, drv_closing_date, drv_cash, drv_ticket, drv_cheque, drv_card, drv_unpaid, drv_amount, drv_takeaway) VALUES (529, TO_DATE('26/03/2003', 'dd/MM/yyyy'), TO_DATE('27/03/2003', 'dd/MM/yyyy'), TO_DATE('27/03/2003', 'dd/MM/yyyy'), 0.0, 0.0, 34.0, 151.0, 0.0, 185.0, true);
INSERT INTO t_vat_revenue (vtr_id, drv_id, vat_id, vtr_amount, vtr_value) VALUES (1057, 529, 1, 0, 0);
INSERT INTO t_vat_revenue (vtr_id, drv_id, vat_id, vtr_amount, vtr_value) VALUES (1058, 529, 2, 185.0, 9.644549);
INSERT INTO t_day_revenue (drv_id, drv_revenue_date, drv_print_date, drv_closing_date, drv_cash, drv_ticket, drv_cheque, drv_card, drv_unpaid, drv_amount, drv_takeaway) VALUES (530, TO_DATE('26/03/2003', 'dd/MM/yyyy'), TO_DATE('27/03/2003', 'dd/MM/yyyy'), TO_DATE('27/03/2003', 'dd/MM/yyyy'), 45.5, 0.0, 37.0, 380.5, 0.0, 463.0, false);
INSERT INTO t_vat_revenue (vtr_id, drv_id, vat_id, vtr_amount, vtr_value) VALUES (1059, 530, 1, 463.0, 75.87625);
INSERT INTO t_vat_revenue (vtr_id, drv_id, vat_id, vtr_amount, vtr_value) VALUES (1060, 530, 2, 0, 0);
INSERT INTO t_day_revenue (drv_id, drv_revenue_date, drv_print_date, drv_closing_date, drv_cash, drv_ticket, drv_cheque, drv_card, drv_unpaid, drv_amount, drv_takeaway) VALUES (531, TO_DATE('27/03/2003', 'dd/MM/yyyy'), TO_DATE('30/03/2003', 'dd/MM/yyyy'), TO_DATE('03/04/2003', 'dd/MM/yyyy'), 0.0, 0.0, 0.0, 16.5, 0.0, 16.5, true);
INSERT INTO t_vat_revenue (vtr_id, drv_id, vat_id, vtr_amount, vtr_value) VALUES (1061, 531, 1, 0, 0);
INSERT INTO t_vat_revenue (vtr_id, drv_id, vat_id, vtr_amount, vtr_value) VALUES (1062, 531, 2, 16.5, 0.86018956);
INSERT INTO t_day_revenue (drv_id, drv_revenue_date, drv_print_date, drv_closing_date, drv_cash, drv_ticket, drv_cheque, drv_card, drv_unpaid, drv_amount, drv_takeaway) VALUES (532, TO_DATE('27/03/2003', 'dd/MM/yyyy'), TO_DATE('30/03/2003', 'dd/MM/yyyy'), TO_DATE('03/04/2003', 'dd/MM/yyyy'), 12.5, 5.5, 295.0, 358.5, 0.0, 671.5, false);
INSERT INTO t_vat_revenue (vtr_id, drv_id, vat_id, vtr_amount, vtr_value) VALUES (1063, 532, 1, 671.5, 110.04516);
INSERT INTO t_vat_revenue (vtr_id, drv_id, vat_id, vtr_amount, vtr_value) VALUES (1064, 532, 2, 0, 0);
INSERT INTO t_day_revenue (drv_id, drv_revenue_date, drv_print_date, drv_closing_date, drv_cash, drv_ticket, drv_cheque, drv_card, drv_unpaid, drv_amount, drv_takeaway) VALUES (533, TO_DATE('28/03/2003', 'dd/MM/yyyy'), TO_DATE('03/04/2003', 'dd/MM/yyyy'), TO_DATE('03/04/2003', 'dd/MM/yyyy'), 0.0, 0.0, 0.0, 25.0, 0.0, 25.0, true);
INSERT INTO t_vat_revenue (vtr_id, drv_id, vat_id, vtr_amount, vtr_value) VALUES (1065, 533, 1, 0, 0);
INSERT INTO t_vat_revenue (vtr_id, drv_id, vat_id, vtr_amount, vtr_value) VALUES (1066, 533, 2, 25.0, 1.3033175);
INSERT INTO t_day_revenue (drv_id, drv_revenue_date, drv_print_date, drv_closing_date, drv_cash, drv_ticket, drv_cheque, drv_card, drv_unpaid, drv_amount, drv_takeaway) VALUES (534, TO_DATE('28/03/2003', 'dd/MM/yyyy'), TO_DATE('03/04/2003', 'dd/MM/yyyy'), TO_DATE('03/04/2003', 'dd/MM/yyyy'), 32.28, 59.72, 330.0, 1138.0, 0.0, 1560.0, false);
INSERT INTO t_vat_revenue (vtr_id, drv_id, vat_id, vtr_amount, vtr_value) VALUES (1067, 534, 1, 1560.0, 255.65218);
INSERT INTO t_vat_revenue (vtr_id, drv_id, vat_id, vtr_amount, vtr_value) VALUES (1068, 534, 2, 0, 0);
INSERT INTO t_day_revenue (drv_id, drv_revenue_date, drv_print_date, drv_closing_date, drv_cash, drv_ticket, drv_cheque, drv_card, drv_unpaid, drv_amount, drv_takeaway) VALUES (535, TO_DATE('29/03/2003', 'dd/MM/yyyy'), TO_DATE('03/04/2003', 'dd/MM/yyyy'), TO_DATE('03/04/2003', 'dd/MM/yyyy'), 0.0, 0.0, 0.0, 56.5, 0.0, 56.5, true);
INSERT INTO t_vat_revenue (vtr_id, drv_id, vat_id, vtr_amount, vtr_value) VALUES (1069, 535, 1, 0, 0);
INSERT INTO t_vat_revenue (vtr_id, drv_id, vat_id, vtr_amount, vtr_value) VALUES (1070, 535, 2, 56.5, 2.9454975);
INSERT INTO t_day_revenue (drv_id, drv_revenue_date, drv_print_date, drv_closing_date, drv_cash, drv_ticket, drv_cheque, drv_card, drv_unpaid, drv_amount, drv_takeaway) VALUES (536, TO_DATE('29/03/2003', 'dd/MM/yyyy'), TO_DATE('03/04/2003', 'dd/MM/yyyy'), TO_DATE('03/04/2003', 'dd/MM/yyyy'), 29.0, 44.37, 524.85, 1416.28, 0.0, 2014.5, false);
INSERT INTO t_vat_revenue (vtr_id, drv_id, vat_id, vtr_amount, vtr_value) VALUES (1071, 536, 1, 2014.5, 330.13544);
INSERT INTO t_vat_revenue (vtr_id, drv_id, vat_id, vtr_amount, vtr_value) VALUES (1072, 536, 2, 0, 0);
INSERT INTO t_day_revenue (drv_id, drv_revenue_date, drv_print_date, drv_closing_date, drv_cash, drv_ticket, drv_cheque, drv_card, drv_unpaid, drv_amount, drv_takeaway) VALUES (537, TO_DATE('30/03/2003', 'dd/MM/yyyy'), TO_DATE('03/04/2003', 'dd/MM/yyyy'), TO_DATE('03/04/2003', 'dd/MM/yyyy'), 0.0, 0.0, 0.0, 0.0, 0.0, 0.0, true);
INSERT INTO t_vat_revenue (vtr_id, drv_id, vat_id, vtr_amount, vtr_value) VALUES (1073, 537, 1, 0, 0);
INSERT INTO t_vat_revenue (vtr_id, drv_id, vat_id, vtr_amount, vtr_value) VALUES (1074, 537, 2, 0.0, 0.0);
INSERT INTO t_day_revenue (drv_id, drv_revenue_date, drv_print_date, drv_closing_date, drv_cash, drv_ticket, drv_cheque, drv_card, drv_unpaid, drv_amount, drv_takeaway) VALUES (538, TO_DATE('30/03/2003', 'dd/MM/yyyy'), TO_DATE('03/04/2003', 'dd/MM/yyyy'), TO_DATE('03/04/2003', 'dd/MM/yyyy'), 11.7, 18.3, 216.5, 1310.0, 0.0, 1556.5, false);
INSERT INTO t_vat_revenue (vtr_id, drv_id, vat_id, vtr_amount, vtr_value) VALUES (1075, 538, 1, 1556.5, 255.0786);
INSERT INTO t_vat_revenue (vtr_id, drv_id, vat_id, vtr_amount, vtr_value) VALUES (1076, 538, 2, 0, 0);
INSERT INTO t_day_revenue (drv_id, drv_revenue_date, drv_print_date, drv_closing_date, drv_cash, drv_ticket, drv_cheque, drv_card, drv_unpaid, drv_amount, drv_takeaway) VALUES (539, TO_DATE('31/03/2003', 'dd/MM/yyyy'), TO_DATE('03/04/2003', 'dd/MM/yyyy'), TO_DATE('03/04/2003', 'dd/MM/yyyy'), 0.0, 0.0, 0.0, 0.0, 0.0, 0.0, true);
INSERT INTO t_vat_revenue (vtr_id, drv_id, vat_id, vtr_amount, vtr_value) VALUES (1077, 539, 1, 0, 0);
INSERT INTO t_vat_revenue (vtr_id, drv_id, vat_id, vtr_amount, vtr_value) VALUES (1078, 539, 2, 0.0, 0.0);
INSERT INTO t_day_revenue (drv_id, drv_revenue_date, drv_print_date, drv_closing_date, drv_cash, drv_ticket, drv_cheque, drv_card, drv_unpaid, drv_amount, drv_takeaway) VALUES (540, TO_DATE('31/03/2003', 'dd/MM/yyyy'), TO_DATE('03/04/2003', 'dd/MM/yyyy'), TO_DATE('03/04/2003', 'dd/MM/yyyy'), 48.5, 0.0, 72.75, 366.75, 0.0, 488.0, false);
INSERT INTO t_vat_revenue (vtr_id, drv_id, vat_id, vtr_amount, vtr_value) VALUES (1079, 540, 1, 488.0, 79.97324);
INSERT INTO t_vat_revenue (vtr_id, drv_id, vat_id, vtr_amount, vtr_value) VALUES (1080, 540, 2, 0, 0);
INSERT INTO t_day_revenue (drv_id, drv_revenue_date, drv_print_date, drv_closing_date, drv_cash, drv_ticket, drv_cheque, drv_card, drv_unpaid, drv_amount, drv_takeaway) VALUES (541, TO_DATE('01/04/2003', 'dd/MM/yyyy'), TO_DATE('03/04/2003', 'dd/MM/yyyy'), TO_DATE('03/04/2003', 'dd/MM/yyyy'), 9.0, 0.0, 0.0, 53.0, 0.0, 62.0, true);
INSERT INTO t_vat_revenue (vtr_id, drv_id, vat_id, vtr_amount, vtr_value) VALUES (1081, 541, 1, 0, 0);
INSERT INTO t_vat_revenue (vtr_id, drv_id, vat_id, vtr_amount, vtr_value) VALUES (1082, 541, 2, 62.0, 3.2322276);
INSERT INTO t_day_revenue (drv_id, drv_revenue_date, drv_print_date, drv_closing_date, drv_cash, drv_ticket, drv_cheque, drv_card, drv_unpaid, drv_amount, drv_takeaway) VALUES (542, TO_DATE('01/04/2003', 'dd/MM/yyyy'), TO_DATE('03/04/2003', 'dd/MM/yyyy'), TO_DATE('03/04/2003', 'dd/MM/yyyy'), 0.0, 7.5, 116.5, 529.5, 0.0, 653.5, false);
INSERT INTO t_vat_revenue (vtr_id, drv_id, vat_id, vtr_amount, vtr_value) VALUES (1083, 542, 1, 653.5, 107.09532);
INSERT INTO t_vat_revenue (vtr_id, drv_id, vat_id, vtr_amount, vtr_value) VALUES (1084, 542, 2, 0, 0);
INSERT INTO t_day_revenue (drv_id, drv_revenue_date, drv_print_date, drv_closing_date, drv_cash, drv_ticket, drv_cheque, drv_card, drv_unpaid, drv_amount, drv_takeaway) VALUES (543, TO_DATE('02/04/2003', 'dd/MM/yyyy'), TO_DATE('03/04/2003', 'dd/MM/yyyy'), TO_DATE('03/04/2003', 'dd/MM/yyyy'), 0.0, 0.0, 108.5, 378.0, 0.0, 486.5, true);
INSERT INTO t_vat_revenue (vtr_id, drv_id, vat_id, vtr_amount, vtr_value) VALUES (1085, 543, 1, 0, 0);
INSERT INTO t_vat_revenue (vtr_id, drv_id, vat_id, vtr_amount, vtr_value) VALUES (1086, 543, 2, 486.5, 25.362558);
INSERT INTO t_day_revenue (drv_id, drv_revenue_date, drv_print_date, drv_closing_date, drv_cash, drv_ticket, drv_cheque, drv_card, drv_unpaid, drv_amount, drv_takeaway) VALUES (544, TO_DATE('02/04/2003', 'dd/MM/yyyy'), TO_DATE('03/04/2003', 'dd/MM/yyyy'), TO_DATE('03/04/2003', 'dd/MM/yyyy'), 26.0, 0.0, 56.5, 383.5, 0.0, 466.0, false);
INSERT INTO t_vat_revenue (vtr_id, drv_id, vat_id, vtr_amount, vtr_value) VALUES (1087, 544, 1, 466.0, 76.3679);
INSERT INTO t_vat_revenue (vtr_id, drv_id, vat_id, vtr_amount, vtr_value) VALUES (1088, 544, 2, 0, 0);
INSERT INTO t_day_revenue (drv_id, drv_revenue_date, drv_print_date, drv_closing_date, drv_cash, drv_ticket, drv_cheque, drv_card, drv_unpaid, drv_amount, drv_takeaway) VALUES (545, TO_DATE('03/04/2003', 'dd/MM/yyyy'), TO_DATE('04/04/2003', 'dd/MM/yyyy'), TO_DATE('08/04/2003', 'dd/MM/yyyy'), 0.0, 0.0, 0.0, 247.0, 0.0, 247.0, true);
INSERT INTO t_vat_revenue (vtr_id, drv_id, vat_id, vtr_amount, vtr_value) VALUES (1089, 545, 1, 0, 0);
INSERT INTO t_vat_revenue (vtr_id, drv_id, vat_id, vtr_amount, vtr_value) VALUES (1090, 545, 2, 247.0, 12.876778);
INSERT INTO t_day_revenue (drv_id, drv_revenue_date, drv_print_date, drv_closing_date, drv_cash, drv_ticket, drv_cheque, drv_card, drv_unpaid, drv_amount, drv_takeaway) VALUES (546, TO_DATE('03/04/2003', 'dd/MM/yyyy'), TO_DATE('04/04/2003', 'dd/MM/yyyy'), TO_DATE('08/04/2003', 'dd/MM/yyyy'), 12.5, 28.9, 409.6, 632.5, 0.0, 1083.5, false);
INSERT INTO t_vat_revenue (vtr_id, drv_id, vat_id, vtr_amount, vtr_value) VALUES (1091, 546, 1, 1083.5, 177.56354);
INSERT INTO t_vat_revenue (vtr_id, drv_id, vat_id, vtr_amount, vtr_value) VALUES (1092, 546, 2, 0, 0);
INSERT INTO t_day_revenue (drv_id, drv_revenue_date, drv_print_date, drv_closing_date, drv_cash, drv_ticket, drv_cheque, drv_card, drv_unpaid, drv_amount, drv_takeaway) VALUES (547, TO_DATE('04/04/2003', 'dd/MM/yyyy'), TO_DATE('08/04/2003', 'dd/MM/yyyy'), TO_DATE('08/04/2003', 'dd/MM/yyyy'), 0.0, 0.0, 0.0, 0.0, 0.0, 0.0, true);
INSERT INTO t_vat_revenue (vtr_id, drv_id, vat_id, vtr_amount, vtr_value) VALUES (1093, 547, 1, 0, 0);
INSERT INTO t_vat_revenue (vtr_id, drv_id, vat_id, vtr_amount, vtr_value) VALUES (1094, 547, 2, 0.0, 0.0);
INSERT INTO t_day_revenue (drv_id, drv_revenue_date, drv_print_date, drv_closing_date, drv_cash, drv_ticket, drv_cheque, drv_card, drv_unpaid, drv_amount, drv_takeaway) VALUES (548, TO_DATE('04/04/2003', 'dd/MM/yyyy'), TO_DATE('08/04/2003', 'dd/MM/yyyy'), TO_DATE('08/04/2003', 'dd/MM/yyyy'), 19.5, 34.6, 193.0, 1124.9, 0.0, 1372.0, false);
INSERT INTO t_vat_revenue (vtr_id, drv_id, vat_id, vtr_amount, vtr_value) VALUES (1095, 548, 1, 1372.0, 224.84282);
INSERT INTO t_vat_revenue (vtr_id, drv_id, vat_id, vtr_amount, vtr_value) VALUES (1096, 548, 2, 0, 0);
INSERT INTO t_day_revenue (drv_id, drv_revenue_date, drv_print_date, drv_closing_date, drv_cash, drv_ticket, drv_cheque, drv_card, drv_unpaid, drv_amount, drv_takeaway) VALUES (549, TO_DATE('05/04/2003', 'dd/MM/yyyy'), TO_DATE('08/04/2003', 'dd/MM/yyyy'), TO_DATE('08/04/2003', 'dd/MM/yyyy'), 0.0, 0.0, 0.0, 0.0, 0.0, 0.0, true);
INSERT INTO t_vat_revenue (vtr_id, drv_id, vat_id, vtr_amount, vtr_value) VALUES (1097, 549, 1, 0, 0);
INSERT INTO t_vat_revenue (vtr_id, drv_id, vat_id, vtr_amount, vtr_value) VALUES (1098, 549, 2, 0.0, 0.0);
INSERT INTO t_day_revenue (drv_id, drv_revenue_date, drv_print_date, drv_closing_date, drv_cash, drv_ticket, drv_cheque, drv_card, drv_unpaid, drv_amount, drv_takeaway) VALUES (550, TO_DATE('05/04/2003', 'dd/MM/yyyy'), TO_DATE('08/04/2003', 'dd/MM/yyyy'), TO_DATE('08/04/2003', 'dd/MM/yyyy'), 13.0, 46.9, 245.5, 1077.6, 0.0, 1383.0, false);
INSERT INTO t_vat_revenue (vtr_id, drv_id, vat_id, vtr_amount, vtr_value) VALUES (1099, 550, 1, 1383.0, 226.6455);
INSERT INTO t_vat_revenue (vtr_id, drv_id, vat_id, vtr_amount, vtr_value) VALUES (1100, 550, 2, 0, 0);
INSERT INTO t_day_revenue (drv_id, drv_revenue_date, drv_print_date, drv_closing_date, drv_cash, drv_ticket, drv_cheque, drv_card, drv_unpaid, drv_amount, drv_takeaway) VALUES (551, TO_DATE('06/04/2003', 'dd/MM/yyyy'), TO_DATE('08/04/2003', 'dd/MM/yyyy'), TO_DATE('08/04/2003', 'dd/MM/yyyy'), 0.0, 0.0, 0.0, 82.0, 0.0, 82.0, true);
INSERT INTO t_vat_revenue (vtr_id, drv_id, vat_id, vtr_amount, vtr_value) VALUES (1101, 551, 1, 0, 0);
INSERT INTO t_vat_revenue (vtr_id, drv_id, vat_id, vtr_amount, vtr_value) VALUES (1102, 551, 2, 82.0, 4.2748814);
INSERT INTO t_day_revenue (drv_id, drv_revenue_date, drv_print_date, drv_closing_date, drv_cash, drv_ticket, drv_cheque, drv_card, drv_unpaid, drv_amount, drv_takeaway) VALUES (552, TO_DATE('06/04/2003', 'dd/MM/yyyy'), TO_DATE('08/04/2003', 'dd/MM/yyyy'), TO_DATE('08/04/2003', 'dd/MM/yyyy'), 3.8, 12.2, 280.5, 696.5, 0.0, 993.0, false);
INSERT INTO t_vat_revenue (vtr_id, drv_id, vat_id, vtr_amount, vtr_value) VALUES (1103, 552, 1, 993.0, 162.73245);
INSERT INTO t_vat_revenue (vtr_id, drv_id, vat_id, vtr_amount, vtr_value) VALUES (1104, 552, 2, 0, 0);
INSERT INTO t_day_revenue (drv_id, drv_revenue_date, drv_print_date, drv_closing_date, drv_cash, drv_ticket, drv_cheque, drv_card, drv_unpaid, drv_amount, drv_takeaway) VALUES (553, TO_DATE('07/04/2003', 'dd/MM/yyyy'), TO_DATE('08/04/2003', 'dd/MM/yyyy'), TO_DATE('08/04/2003', 'dd/MM/yyyy'), 0.0, 0.0, 0.0, 90.0, 0.0, 90.0, true);
INSERT INTO t_vat_revenue (vtr_id, drv_id, vat_id, vtr_amount, vtr_value) VALUES (1105, 553, 1, 0, 0);
INSERT INTO t_vat_revenue (vtr_id, drv_id, vat_id, vtr_amount, vtr_value) VALUES (1106, 553, 2, 90.0, 4.691943);
INSERT INTO t_day_revenue (drv_id, drv_revenue_date, drv_print_date, drv_closing_date, drv_cash, drv_ticket, drv_cheque, drv_card, drv_unpaid, drv_amount, drv_takeaway) VALUES (554, TO_DATE('07/04/2003', 'dd/MM/yyyy'), TO_DATE('08/04/2003', 'dd/MM/yyyy'), TO_DATE('08/04/2003', 'dd/MM/yyyy'), 2.3, 22.5, 73.7, 527.0, 0.0, 625.5, false);
INSERT INTO t_vat_revenue (vtr_id, drv_id, vat_id, vtr_amount, vtr_value) VALUES (1107, 554, 1, 625.5, 102.50669);
INSERT INTO t_vat_revenue (vtr_id, drv_id, vat_id, vtr_amount, vtr_value) VALUES (1108, 554, 2, 0, 0);
INSERT INTO t_day_revenue (drv_id, drv_revenue_date, drv_print_date, drv_closing_date, drv_cash, drv_ticket, drv_cheque, drv_card, drv_unpaid, drv_amount, drv_takeaway) VALUES (555, TO_DATE('08/04/2003', 'dd/MM/yyyy'), TO_DATE('25/04/2003', 'dd/MM/yyyy'), TO_DATE('25/04/2003', 'dd/MM/yyyy'), 18.0, 0.0, 0.0, 0.0, 0.0, 18.0, true);
INSERT INTO t_vat_revenue (vtr_id, drv_id, vat_id, vtr_amount, vtr_value) VALUES (1109, 555, 1, 0, 0);
INSERT INTO t_vat_revenue (vtr_id, drv_id, vat_id, vtr_amount, vtr_value) VALUES (1110, 555, 2, 18.0, 0.93838865);
INSERT INTO t_day_revenue (drv_id, drv_revenue_date, drv_print_date, drv_closing_date, drv_cash, drv_ticket, drv_cheque, drv_card, drv_unpaid, drv_amount, drv_takeaway) VALUES (556, TO_DATE('08/04/2003', 'dd/MM/yyyy'), TO_DATE('25/04/2003', 'dd/MM/yyyy'), TO_DATE('25/04/2003', 'dd/MM/yyyy'), 70.0, 82.25, 189.75, 688.0, 0.0, 1030.0, false);
INSERT INTO t_vat_revenue (vtr_id, drv_id, vat_id, vtr_amount, vtr_value) VALUES (1111, 556, 1, 1030.0, 168.79599);
INSERT INTO t_vat_revenue (vtr_id, drv_id, vat_id, vtr_amount, vtr_value) VALUES (1112, 556, 2, 0, 0);
INSERT INTO t_day_revenue (drv_id, drv_revenue_date, drv_print_date, drv_closing_date, drv_cash, drv_ticket, drv_cheque, drv_card, drv_unpaid, drv_amount, drv_takeaway) VALUES (557, TO_DATE('09/04/2003', 'dd/MM/yyyy'), TO_DATE('11/04/2003', 'dd/MM/yyyy'), TO_DATE('11/04/2003', 'dd/MM/yyyy'), 12.0, 0.0, 0.0, 0.0, 0.0, 12.0, true);
INSERT INTO t_vat_revenue (vtr_id, drv_id, vat_id, vtr_amount, vtr_value) VALUES (1113, 557, 1, 0, 0);
INSERT INTO t_vat_revenue (vtr_id, drv_id, vat_id, vtr_amount, vtr_value) VALUES (1114, 557, 2, 12.0, 0.6255924);
INSERT INTO t_day_revenue (drv_id, drv_revenue_date, drv_print_date, drv_closing_date, drv_cash, drv_ticket, drv_cheque, drv_card, drv_unpaid, drv_amount, drv_takeaway) VALUES (558, TO_DATE('09/04/2003', 'dd/MM/yyyy'), TO_DATE('11/04/2003', 'dd/MM/yyyy'), TO_DATE('11/04/2003', 'dd/MM/yyyy'), 0.0, 20.0, 271.5, 616.5, 0.0, 908.0, false);
INSERT INTO t_vat_revenue (vtr_id, drv_id, vat_id, vtr_amount, vtr_value) VALUES (1115, 558, 1, 908.0, 148.80269);
INSERT INTO t_vat_revenue (vtr_id, drv_id, vat_id, vtr_amount, vtr_value) VALUES (1116, 558, 2, 0, 0);
INSERT INTO t_day_revenue (drv_id, drv_revenue_date, drv_print_date, drv_closing_date, drv_cash, drv_ticket, drv_cheque, drv_card, drv_unpaid, drv_amount, drv_takeaway) VALUES (559, TO_DATE('10/04/2003', 'dd/MM/yyyy'), TO_DATE('11/04/2003', 'dd/MM/yyyy'), TO_DATE('11/04/2003', 'dd/MM/yyyy'), 0.0, 0.0, 0.0, 55.5, 0.0, 55.5, true);
INSERT INTO t_vat_revenue (vtr_id, drv_id, vat_id, vtr_amount, vtr_value) VALUES (1117, 559, 1, 0, 0);
INSERT INTO t_vat_revenue (vtr_id, drv_id, vat_id, vtr_amount, vtr_value) VALUES (1118, 559, 2, 55.5, 2.893365);
INSERT INTO t_day_revenue (drv_id, drv_revenue_date, drv_print_date, drv_closing_date, drv_cash, drv_ticket, drv_cheque, drv_card, drv_unpaid, drv_amount, drv_takeaway) VALUES (560, TO_DATE('10/04/2003', 'dd/MM/yyyy'), TO_DATE('11/04/2003', 'dd/MM/yyyy'), TO_DATE('11/04/2003', 'dd/MM/yyyy'), 9.2, 29.0, 368.3, 610.5, 0.0, 1017.0, false);
INSERT INTO t_vat_revenue (vtr_id, drv_id, vat_id, vtr_amount, vtr_value) VALUES (1119, 560, 1, 1017.0, 166.66556);
INSERT INTO t_vat_revenue (vtr_id, drv_id, vat_id, vtr_amount, vtr_value) VALUES (1120, 560, 2, 0, 0);
INSERT INTO t_day_revenue (drv_id, drv_revenue_date, drv_print_date, drv_closing_date, drv_cash, drv_ticket, drv_cheque, drv_card, drv_unpaid, drv_amount, drv_takeaway) VALUES (561, TO_DATE('11/04/2003', 'dd/MM/yyyy'), TO_DATE('25/04/2003', 'dd/MM/yyyy'), TO_DATE('25/04/2003', 'dd/MM/yyyy'), 0.0, 7.8, 16.5, 85.2, 0.0, 109.5, true);
INSERT INTO t_vat_revenue (vtr_id, drv_id, vat_id, vtr_amount, vtr_value) VALUES (1121, 561, 1, 0, 0);
INSERT INTO t_vat_revenue (vtr_id, drv_id, vat_id, vtr_amount, vtr_value) VALUES (1122, 561, 2, 109.5, 5.708531);
INSERT INTO t_day_revenue (drv_id, drv_revenue_date, drv_print_date, drv_closing_date, drv_cash, drv_ticket, drv_cheque, drv_card, drv_unpaid, drv_amount, drv_takeaway) VALUES (562, TO_DATE('11/04/2003', 'dd/MM/yyyy'), TO_DATE('25/04/2003', 'dd/MM/yyyy'), TO_DATE('25/04/2003', 'dd/MM/yyyy'), 35.7, 80.9, 133.5, 1401.9, 0.0, 1652.0, false);
INSERT INTO t_vat_revenue (vtr_id, drv_id, vat_id, vtr_amount, vtr_value) VALUES (1123, 562, 1, 1652.0, 270.7291);
INSERT INTO t_vat_revenue (vtr_id, drv_id, vat_id, vtr_amount, vtr_value) VALUES (1124, 562, 2, 0, 0);
INSERT INTO t_day_revenue (drv_id, drv_revenue_date, drv_print_date, drv_closing_date, drv_cash, drv_ticket, drv_cheque, drv_card, drv_unpaid, drv_amount, drv_takeaway) VALUES (563, TO_DATE('12/04/2003', 'dd/MM/yyyy'), TO_DATE('25/04/2003', 'dd/MM/yyyy'), TO_DATE('25/04/2003', 'dd/MM/yyyy'), 0.0, 0.0, 0.0, 70.0, 0.0, 70.0, true);
INSERT INTO t_vat_revenue (vtr_id, drv_id, vat_id, vtr_amount, vtr_value) VALUES (1125, 563, 1, 0, 0);
INSERT INTO t_vat_revenue (vtr_id, drv_id, vat_id, vtr_amount, vtr_value) VALUES (1126, 563, 2, 70.0, 3.6492891);
INSERT INTO t_day_revenue (drv_id, drv_revenue_date, drv_print_date, drv_closing_date, drv_cash, drv_ticket, drv_cheque, drv_card, drv_unpaid, drv_amount, drv_takeaway) VALUES (564, TO_DATE('12/04/2003', 'dd/MM/yyyy'), TO_DATE('25/04/2003', 'dd/MM/yyyy'), TO_DATE('25/04/2003', 'dd/MM/yyyy'), 11.0, 27.0, 461.25, 1734.25, 0.0, 2233.5, false);
INSERT INTO t_vat_revenue (vtr_id, drv_id, vat_id, vtr_amount, vtr_value) VALUES (1127, 564, 1, 2233.5, 366.02512);
INSERT INTO t_vat_revenue (vtr_id, drv_id, vat_id, vtr_amount, vtr_value) VALUES (1128, 564, 2, 0, 0);
INSERT INTO t_day_revenue (drv_id, drv_revenue_date, drv_print_date, drv_closing_date, drv_cash, drv_ticket, drv_cheque, drv_card, drv_unpaid, drv_amount, drv_takeaway) VALUES (565, TO_DATE('13/04/2003', 'dd/MM/yyyy'), TO_DATE('25/04/2003', 'dd/MM/yyyy'), TO_DATE('25/04/2003', 'dd/MM/yyyy'), 0.0, 0.0, 0.0, 0.0, 0.0, 0.0, true);
INSERT INTO t_vat_revenue (vtr_id, drv_id, vat_id, vtr_amount, vtr_value) VALUES (1129, 565, 1, 0, 0);
INSERT INTO t_vat_revenue (vtr_id, drv_id, vat_id, vtr_amount, vtr_value) VALUES (1130, 565, 2, 0.0, 0.0);
INSERT INTO t_day_revenue (drv_id, drv_revenue_date, drv_print_date, drv_closing_date, drv_cash, drv_ticket, drv_cheque, drv_card, drv_unpaid, drv_amount, drv_takeaway) VALUES (566, TO_DATE('13/04/2003', 'dd/MM/yyyy'), TO_DATE('25/04/2003', 'dd/MM/yyyy'), TO_DATE('25/04/2003', 'dd/MM/yyyy'), 21.2, 37.38, 144.0, 496.42, 11.5, 710.5, false);
INSERT INTO t_vat_revenue (vtr_id, drv_id, vat_id, vtr_amount, vtr_value) VALUES (1131, 566, 1, 710.5, 116.436455);
INSERT INTO t_vat_revenue (vtr_id, drv_id, vat_id, vtr_amount, vtr_value) VALUES (1132, 566, 2, 0, 0);
INSERT INTO t_day_revenue (drv_id, drv_revenue_date, drv_print_date, drv_closing_date, drv_cash, drv_ticket, drv_cheque, drv_card, drv_unpaid, drv_amount, drv_takeaway) VALUES (567, TO_DATE('14/04/2003', 'dd/MM/yyyy'), TO_DATE('25/04/2003', 'dd/MM/yyyy'), TO_DATE('25/04/2003', 'dd/MM/yyyy'), 0.0, 0.0, 0.0, 19.5, 0.0, 19.5, true);
INSERT INTO t_vat_revenue (vtr_id, drv_id, vat_id, vtr_amount, vtr_value) VALUES (1133, 567, 1, 0, 0);
INSERT INTO t_vat_revenue (vtr_id, drv_id, vat_id, vtr_amount, vtr_value) VALUES (1134, 567, 2, 19.5, 1.0165877);
INSERT INTO t_day_revenue (drv_id, drv_revenue_date, drv_print_date, drv_closing_date, drv_cash, drv_ticket, drv_cheque, drv_card, drv_unpaid, drv_amount, drv_takeaway) VALUES (568, TO_DATE('14/04/2003', 'dd/MM/yyyy'), TO_DATE('25/04/2003', 'dd/MM/yyyy'), TO_DATE('25/04/2003', 'dd/MM/yyyy'), 33.0, 10.0, 126.0, 470.5, 0.0, 639.5, false);
INSERT INTO t_vat_revenue (vtr_id, drv_id, vat_id, vtr_amount, vtr_value) VALUES (1135, 568, 1, 639.5, 104.801);
INSERT INTO t_vat_revenue (vtr_id, drv_id, vat_id, vtr_amount, vtr_value) VALUES (1136, 568, 2, 0, 0);
INSERT INTO t_day_revenue (drv_id, drv_revenue_date, drv_print_date, drv_closing_date, drv_cash, drv_ticket, drv_cheque, drv_card, drv_unpaid, drv_amount, drv_takeaway) VALUES (569, TO_DATE('15/04/2003', 'dd/MM/yyyy'), TO_DATE('25/04/2003', 'dd/MM/yyyy'), TO_DATE('25/04/2003', 'dd/MM/yyyy'), 0.0, 0.0, 85.0, 80.0, 0.0, 165.0, true);
INSERT INTO t_vat_revenue (vtr_id, drv_id, vat_id, vtr_amount, vtr_value) VALUES (1137, 569, 1, 0, 0);
INSERT INTO t_vat_revenue (vtr_id, drv_id, vat_id, vtr_amount, vtr_value) VALUES (1138, 569, 2, 165.0, 8.601895);
INSERT INTO t_day_revenue (drv_id, drv_revenue_date, drv_print_date, drv_closing_date, drv_cash, drv_ticket, drv_cheque, drv_card, drv_unpaid, drv_amount, drv_takeaway) VALUES (570, TO_DATE('15/04/2003', 'dd/MM/yyyy'), TO_DATE('25/04/2003', 'dd/MM/yyyy'), TO_DATE('25/04/2003', 'dd/MM/yyyy'), 0.0, 0.0, 106.0, 412.0, 0.0, 518.0, false);
INSERT INTO t_vat_revenue (vtr_id, drv_id, vat_id, vtr_amount, vtr_value) VALUES (1139, 570, 1, 518.0, 84.88963);
INSERT INTO t_vat_revenue (vtr_id, drv_id, vat_id, vtr_amount, vtr_value) VALUES (1140, 570, 2, 0, 0);
INSERT INTO t_day_revenue (drv_id, drv_revenue_date, drv_print_date, drv_closing_date, drv_cash, drv_ticket, drv_cheque, drv_card, drv_unpaid, drv_amount, drv_takeaway) VALUES (571, TO_DATE('16/04/2003', 'dd/MM/yyyy'), TO_DATE('25/04/2003', 'dd/MM/yyyy'), TO_DATE('25/04/2003', 'dd/MM/yyyy'), 0.0, 0.0, 62.5, 122.5, 0.0, 185.0, true);
INSERT INTO t_vat_revenue (vtr_id, drv_id, vat_id, vtr_amount, vtr_value) VALUES (1141, 571, 1, 0, 0);
INSERT INTO t_vat_revenue (vtr_id, drv_id, vat_id, vtr_amount, vtr_value) VALUES (1142, 571, 2, 185.0, 9.644549);
INSERT INTO t_day_revenue (drv_id, drv_revenue_date, drv_print_date, drv_closing_date, drv_cash, drv_ticket, drv_cheque, drv_card, drv_unpaid, drv_amount, drv_takeaway) VALUES (572, TO_DATE('16/04/2003', 'dd/MM/yyyy'), TO_DATE('25/04/2003', 'dd/MM/yyyy'), TO_DATE('25/04/2003', 'dd/MM/yyyy'), 18.3, 9.2, 24.5, 316.0, 0.0, 368.0, false);
INSERT INTO t_vat_revenue (vtr_id, drv_id, vat_id, vtr_amount, vtr_value) VALUES (1143, 572, 1, 368.0, 60.307697);
INSERT INTO t_vat_revenue (vtr_id, drv_id, vat_id, vtr_amount, vtr_value) VALUES (1144, 572, 2, 0, 0);
INSERT INTO t_day_revenue (drv_id, drv_revenue_date, drv_print_date, drv_closing_date, drv_cash, drv_ticket, drv_cheque, drv_card, drv_unpaid, drv_amount, drv_takeaway) VALUES (573, TO_DATE('17/04/2003', 'dd/MM/yyyy'), TO_DATE('25/04/2003', 'dd/MM/yyyy'), TO_DATE('25/04/2003', 'dd/MM/yyyy'), 0.0, 0.0, 0.0, 11.0, 0.0, 11.0, true);
INSERT INTO t_vat_revenue (vtr_id, drv_id, vat_id, vtr_amount, vtr_value) VALUES (1145, 573, 1, 0, 0);
INSERT INTO t_vat_revenue (vtr_id, drv_id, vat_id, vtr_amount, vtr_value) VALUES (1146, 573, 2, 11.0, 0.57345974);
INSERT INTO t_day_revenue (drv_id, drv_revenue_date, drv_print_date, drv_closing_date, drv_cash, drv_ticket, drv_cheque, drv_card, drv_unpaid, drv_amount, drv_takeaway) VALUES (574, TO_DATE('17/04/2003', 'dd/MM/yyyy'), TO_DATE('25/04/2003', 'dd/MM/yyyy'), TO_DATE('25/04/2003', 'dd/MM/yyyy'), 28.5, 6.1, 51.9, 1206.0, 0.0, 1292.5, false);
INSERT INTO t_vat_revenue (vtr_id, drv_id, vat_id, vtr_amount, vtr_value) VALUES (1147, 574, 1, 1292.5, 211.81438);
INSERT INTO t_vat_revenue (vtr_id, drv_id, vat_id, vtr_amount, vtr_value) VALUES (1148, 574, 2, 0, 0);
INSERT INTO t_day_revenue (drv_id, drv_revenue_date, drv_print_date, drv_closing_date, drv_cash, drv_ticket, drv_cheque, drv_card, drv_unpaid, drv_amount, drv_takeaway) VALUES (575, TO_DATE('18/04/2003', 'dd/MM/yyyy'), TO_DATE('25/04/2003', 'dd/MM/yyyy'), TO_DATE('25/04/2003', 'dd/MM/yyyy'), 12.0, 0.0, 0.0, 0.0, 0.0, 12.0, true);
INSERT INTO t_vat_revenue (vtr_id, drv_id, vat_id, vtr_amount, vtr_value) VALUES (1149, 575, 1, 0, 0);
INSERT INTO t_vat_revenue (vtr_id, drv_id, vat_id, vtr_amount, vtr_value) VALUES (1150, 575, 2, 12.0, 0.6255924);
INSERT INTO t_day_revenue (drv_id, drv_revenue_date, drv_print_date, drv_closing_date, drv_cash, drv_ticket, drv_cheque, drv_card, drv_unpaid, drv_amount, drv_takeaway) VALUES (576, TO_DATE('18/04/2003', 'dd/MM/yyyy'), TO_DATE('25/04/2003', 'dd/MM/yyyy'), TO_DATE('25/04/2003', 'dd/MM/yyyy'), 0.0, 16.5, 37.0, 1012.0, 0.0, 1065.5, false);
INSERT INTO t_vat_revenue (vtr_id, drv_id, vat_id, vtr_amount, vtr_value) VALUES (1151, 576, 1, 1065.5, 174.61372);
INSERT INTO t_vat_revenue (vtr_id, drv_id, vat_id, vtr_amount, vtr_value) VALUES (1152, 576, 2, 0, 0);
INSERT INTO t_day_revenue (drv_id, drv_revenue_date, drv_print_date, drv_closing_date, drv_cash, drv_ticket, drv_cheque, drv_card, drv_unpaid, drv_amount, drv_takeaway) VALUES (577, TO_DATE('19/04/2003', 'dd/MM/yyyy'), TO_DATE('25/04/2003', 'dd/MM/yyyy'), TO_DATE('25/04/2003', 'dd/MM/yyyy'), 0.0, 0.0, 0.0, 24.0, 0.0, 24.0, true);
INSERT INTO t_vat_revenue (vtr_id, drv_id, vat_id, vtr_amount, vtr_value) VALUES (1153, 577, 1, 0, 0);
INSERT INTO t_vat_revenue (vtr_id, drv_id, vat_id, vtr_amount, vtr_value) VALUES (1154, 577, 2, 24.0, 1.2511848);
INSERT INTO t_day_revenue (drv_id, drv_revenue_date, drv_print_date, drv_closing_date, drv_cash, drv_ticket, drv_cheque, drv_card, drv_unpaid, drv_amount, drv_takeaway) VALUES (578, TO_DATE('19/04/2003', 'dd/MM/yyyy'), TO_DATE('25/04/2003', 'dd/MM/yyyy'), TO_DATE('25/04/2003', 'dd/MM/yyyy'), 72.5, 6.0, 139.0, 1155.5, 0.0, 1373.0, false);
INSERT INTO t_vat_revenue (vtr_id, drv_id, vat_id, vtr_amount, vtr_value) VALUES (1155, 578, 1, 1373.0, 225.0067);
INSERT INTO t_vat_revenue (vtr_id, drv_id, vat_id, vtr_amount, vtr_value) VALUES (1156, 578, 2, 0, 0);
INSERT INTO t_day_revenue (drv_id, drv_revenue_date, drv_print_date, drv_closing_date, drv_cash, drv_ticket, drv_cheque, drv_card, drv_unpaid, drv_amount, drv_takeaway) VALUES (579, TO_DATE('20/04/2003', 'dd/MM/yyyy'), TO_DATE('25/04/2003', 'dd/MM/yyyy'), TO_DATE('25/04/2003', 'dd/MM/yyyy'), 0.0, 0.0, 0.0, 0.0, 0.0, 0.0, true);
INSERT INTO t_vat_revenue (vtr_id, drv_id, vat_id, vtr_amount, vtr_value) VALUES (1157, 579, 1, 0, 0);
INSERT INTO t_vat_revenue (vtr_id, drv_id, vat_id, vtr_amount, vtr_value) VALUES (1158, 579, 2, 0.0, 0.0);
INSERT INTO t_day_revenue (drv_id, drv_revenue_date, drv_print_date, drv_closing_date, drv_cash, drv_ticket, drv_cheque, drv_card, drv_unpaid, drv_amount, drv_takeaway) VALUES (580, TO_DATE('20/04/2003', 'dd/MM/yyyy'), TO_DATE('25/04/2003', 'dd/MM/yyyy'), TO_DATE('25/04/2003', 'dd/MM/yyyy'), 0.0, 10.0, 284.0, 768.5, 0.0, 1062.5, false);
INSERT INTO t_vat_revenue (vtr_id, drv_id, vat_id, vtr_amount, vtr_value) VALUES (1159, 580, 1, 1062.5, 174.12207);
INSERT INTO t_vat_revenue (vtr_id, drv_id, vat_id, vtr_amount, vtr_value) VALUES (1160, 580, 2, 0, 0);
INSERT INTO t_day_revenue (drv_id, drv_revenue_date, drv_print_date, drv_closing_date, drv_cash, drv_ticket, drv_cheque, drv_card, drv_unpaid, drv_amount, drv_takeaway) VALUES (581, TO_DATE('21/04/2003', 'dd/MM/yyyy'), TO_DATE('25/04/2003', 'dd/MM/yyyy'), TO_DATE('25/04/2003', 'dd/MM/yyyy'), 0.0, 0.0, 0.0, 0.0, 0.0, 0.0, true);
INSERT INTO t_vat_revenue (vtr_id, drv_id, vat_id, vtr_amount, vtr_value) VALUES (1161, 581, 1, 0, 0);
INSERT INTO t_vat_revenue (vtr_id, drv_id, vat_id, vtr_amount, vtr_value) VALUES (1162, 581, 2, 0.0, 0.0);
INSERT INTO t_day_revenue (drv_id, drv_revenue_date, drv_print_date, drv_closing_date, drv_cash, drv_ticket, drv_cheque, drv_card, drv_unpaid, drv_amount, drv_takeaway) VALUES (582, TO_DATE('21/04/2003', 'dd/MM/yyyy'), TO_DATE('25/04/2003', 'dd/MM/yyyy'), TO_DATE('25/04/2003', 'dd/MM/yyyy'), 0.0, 8.0, 37.5, 915.5, 0.0, 961.0, false);
INSERT INTO t_vat_revenue (vtr_id, drv_id, vat_id, vtr_amount, vtr_value) VALUES (1163, 582, 1, 961.0, 157.4883);
INSERT INTO t_vat_revenue (vtr_id, drv_id, vat_id, vtr_amount, vtr_value) VALUES (1164, 582, 2, 0, 0);
INSERT INTO t_day_revenue (drv_id, drv_revenue_date, drv_print_date, drv_closing_date, drv_cash, drv_ticket, drv_cheque, drv_card, drv_unpaid, drv_amount, drv_takeaway) VALUES (583, TO_DATE('22/04/2003', 'dd/MM/yyyy'), TO_DATE('25/04/2003', 'dd/MM/yyyy'), TO_DATE('25/04/2003', 'dd/MM/yyyy'), 0.0, 0.0, 0.0, 111.0, 0.0, 111.0, true);
INSERT INTO t_vat_revenue (vtr_id, drv_id, vat_id, vtr_amount, vtr_value) VALUES (1165, 583, 1, 0, 0);
INSERT INTO t_vat_revenue (vtr_id, drv_id, vat_id, vtr_amount, vtr_value) VALUES (1166, 583, 2, 111.0, 5.78673);
INSERT INTO t_day_revenue (drv_id, drv_revenue_date, drv_print_date, drv_closing_date, drv_cash, drv_ticket, drv_cheque, drv_card, drv_unpaid, drv_amount, drv_takeaway) VALUES (584, TO_DATE('22/04/2003', 'dd/MM/yyyy'), TO_DATE('25/04/2003', 'dd/MM/yyyy'), TO_DATE('25/04/2003', 'dd/MM/yyyy'), 31.0, 0.0, 109.5, 460.5, 0.0, 601.0, false);
INSERT INTO t_vat_revenue (vtr_id, drv_id, vat_id, vtr_amount, vtr_value) VALUES (1167, 584, 1, 601.0, 98.491646);
INSERT INTO t_vat_revenue (vtr_id, drv_id, vat_id, vtr_amount, vtr_value) VALUES (1168, 584, 2, 0, 0);
INSERT INTO t_day_revenue (drv_id, drv_revenue_date, drv_print_date, drv_closing_date, drv_cash, drv_ticket, drv_cheque, drv_card, drv_unpaid, drv_amount, drv_takeaway) VALUES (585, TO_DATE('23/04/2003', 'dd/MM/yyyy'), TO_DATE('25/04/2003', 'dd/MM/yyyy'), TO_DATE('25/04/2003', 'dd/MM/yyyy'), 0.0, 0.0, 183.5, 119.0, 0.0, 302.5, true);
INSERT INTO t_vat_revenue (vtr_id, drv_id, vat_id, vtr_amount, vtr_value) VALUES (1169, 585, 1, 0, 0);
INSERT INTO t_vat_revenue (vtr_id, drv_id, vat_id, vtr_amount, vtr_value) VALUES (1170, 585, 2, 302.5, 15.770143);
INSERT INTO t_day_revenue (drv_id, drv_revenue_date, drv_print_date, drv_closing_date, drv_cash, drv_ticket, drv_cheque, drv_card, drv_unpaid, drv_amount, drv_takeaway) VALUES (586, TO_DATE('23/04/2003', 'dd/MM/yyyy'), TO_DATE('25/04/2003', 'dd/MM/yyyy'), TO_DATE('25/04/2003', 'dd/MM/yyyy'), 32.98, 14.02, 130.0, 418.5, 0.0, 595.5, false);
INSERT INTO t_vat_revenue (vtr_id, drv_id, vat_id, vtr_amount, vtr_value) VALUES (1171, 586, 1, 595.5, 97.5903);
INSERT INTO t_vat_revenue (vtr_id, drv_id, vat_id, vtr_amount, vtr_value) VALUES (1172, 586, 2, 0, 0);
INSERT INTO t_day_revenue (drv_id, drv_revenue_date, drv_print_date, drv_closing_date, drv_cash, drv_ticket, drv_cheque, drv_card, drv_unpaid, drv_amount, drv_takeaway) VALUES (587, TO_DATE('24/04/2003', 'dd/MM/yyyy'), TO_DATE('25/04/2003', 'dd/MM/yyyy'), TO_DATE('25/04/2003', 'dd/MM/yyyy'), 0.0, 0.0, 0.0, 0.0, 0.0, 0.0, true);
INSERT INTO t_vat_revenue (vtr_id, drv_id, vat_id, vtr_amount, vtr_value) VALUES (1173, 587, 1, 0, 0);
INSERT INTO t_vat_revenue (vtr_id, drv_id, vat_id, vtr_amount, vtr_value) VALUES (1174, 587, 2, 0.0, 0.0);
INSERT INTO t_day_revenue (drv_id, drv_revenue_date, drv_print_date, drv_closing_date, drv_cash, drv_ticket, drv_cheque, drv_card, drv_unpaid, drv_amount, drv_takeaway) VALUES (588, TO_DATE('24/04/2003', 'dd/MM/yyyy'), TO_DATE('25/04/2003', 'dd/MM/yyyy'), TO_DATE('25/04/2003', 'dd/MM/yyyy'), 31.5, 13.25, 410.5, 367.25, 0.0, 822.5, false);
INSERT INTO t_vat_revenue (vtr_id, drv_id, vat_id, vtr_amount, vtr_value) VALUES (1175, 588, 1, 822.5, 134.79097);
INSERT INTO t_vat_revenue (vtr_id, drv_id, vat_id, vtr_amount, vtr_value) VALUES (1176, 588, 2, 0, 0);
INSERT INTO t_day_revenue (drv_id, drv_revenue_date, drv_print_date, drv_closing_date, drv_cash, drv_ticket, drv_cheque, drv_card, drv_unpaid, drv_amount, drv_takeaway) VALUES (589, TO_DATE('25/04/2003', 'dd/MM/yyyy'), TO_DATE('02/05/2003', 'dd/MM/yyyy'), TO_DATE('02/05/2003', 'dd/MM/yyyy'), 0.0, 0.0, 0.0, 0.0, 0.0, 0.0, true);
INSERT INTO t_vat_revenue (vtr_id, drv_id, vat_id, vtr_amount, vtr_value) VALUES (1177, 589, 1, 0, 0);
INSERT INTO t_vat_revenue (vtr_id, drv_id, vat_id, vtr_amount, vtr_value) VALUES (1178, 589, 2, 0.0, 0.0);
INSERT INTO t_day_revenue (drv_id, drv_revenue_date, drv_print_date, drv_closing_date, drv_cash, drv_ticket, drv_cheque, drv_card, drv_unpaid, drv_amount, drv_takeaway) VALUES (590, TO_DATE('25/04/2003', 'dd/MM/yyyy'), TO_DATE('02/05/2003', 'dd/MM/yyyy'), TO_DATE('02/05/2003', 'dd/MM/yyyy'), 12.7, 45.6, 1511.55, 834.65, 0.0, 2404.5, false);
INSERT INTO t_vat_revenue (vtr_id, drv_id, vat_id, vtr_amount, vtr_value) VALUES (1179, 590, 1, 2404.5, 394.0485);
INSERT INTO t_vat_revenue (vtr_id, drv_id, vat_id, vtr_amount, vtr_value) VALUES (1180, 590, 2, 0, 0);
INSERT INTO t_day_revenue (drv_id, drv_revenue_date, drv_print_date, drv_closing_date, drv_cash, drv_ticket, drv_cheque, drv_card, drv_unpaid, drv_amount, drv_takeaway) VALUES (591, TO_DATE('26/04/2003', 'dd/MM/yyyy'), TO_DATE('02/05/2003', 'dd/MM/yyyy'), TO_DATE('02/05/2003', 'dd/MM/yyyy'), 0.0, 0.0, 0.0, 81.5, 0.0, 81.5, true);
INSERT INTO t_vat_revenue (vtr_id, drv_id, vat_id, vtr_amount, vtr_value) VALUES (1181, 591, 1, 0, 0);
INSERT INTO t_vat_revenue (vtr_id, drv_id, vat_id, vtr_amount, vtr_value) VALUES (1182, 591, 2, 81.5, 4.248815);
INSERT INTO t_day_revenue (drv_id, drv_revenue_date, drv_print_date, drv_closing_date, drv_cash, drv_ticket, drv_cheque, drv_card, drv_unpaid, drv_amount, drv_takeaway) VALUES (592, TO_DATE('26/04/2003', 'dd/MM/yyyy'), TO_DATE('02/05/2003', 'dd/MM/yyyy'), TO_DATE('02/05/2003', 'dd/MM/yyyy'), 118.0, 0.0, 552.5, 1417.0, 0.0, 2087.5, false);
INSERT INTO t_vat_revenue (vtr_id, drv_id, vat_id, vtr_amount, vtr_value) VALUES (1183, 592, 1, 2087.5, 342.09866);
INSERT INTO t_vat_revenue (vtr_id, drv_id, vat_id, vtr_amount, vtr_value) VALUES (1184, 592, 2, 0, 0);
INSERT INTO t_day_revenue (drv_id, drv_revenue_date, drv_print_date, drv_closing_date, drv_cash, drv_ticket, drv_cheque, drv_card, drv_unpaid, drv_amount, drv_takeaway) VALUES (593, TO_DATE('27/04/2003', 'dd/MM/yyyy'), TO_DATE('02/05/2003', 'dd/MM/yyyy'), TO_DATE('02/05/2003', 'dd/MM/yyyy'), 0.0, 0.0, 40.5, 40.0, 0.0, 80.5, true);
INSERT INTO t_vat_revenue (vtr_id, drv_id, vat_id, vtr_amount, vtr_value) VALUES (1185, 593, 1, 0, 0);
INSERT INTO t_vat_revenue (vtr_id, drv_id, vat_id, vtr_amount, vtr_value) VALUES (1186, 593, 2, 80.5, 4.1966825);
INSERT INTO t_day_revenue (drv_id, drv_revenue_date, drv_print_date, drv_closing_date, drv_cash, drv_ticket, drv_cheque, drv_card, drv_unpaid, drv_amount, drv_takeaway) VALUES (594, TO_DATE('27/04/2003', 'dd/MM/yyyy'), TO_DATE('02/05/2003', 'dd/MM/yyyy'), TO_DATE('02/05/2003', 'dd/MM/yyyy'), 6.6, 43.9, 528.5, 695.0, 0.0, 1274.0, false);
INSERT INTO t_vat_revenue (vtr_id, drv_id, vat_id, vtr_amount, vtr_value) VALUES (1187, 594, 1, 1274.0, 208.78261);
INSERT INTO t_vat_revenue (vtr_id, drv_id, vat_id, vtr_amount, vtr_value) VALUES (1188, 594, 2, 0, 0);
INSERT INTO t_day_revenue (drv_id, drv_revenue_date, drv_print_date, drv_closing_date, drv_cash, drv_ticket, drv_cheque, drv_card, drv_unpaid, drv_amount, drv_takeaway) VALUES (595, TO_DATE('28/04/2003', 'dd/MM/yyyy'), TO_DATE('02/05/2003', 'dd/MM/yyyy'), TO_DATE('02/05/2003', 'dd/MM/yyyy'), 0.0, 0.0, 0.0, 0.0, 0.0, 0.0, true);
INSERT INTO t_vat_revenue (vtr_id, drv_id, vat_id, vtr_amount, vtr_value) VALUES (1189, 595, 1, 0, 0);
INSERT INTO t_vat_revenue (vtr_id, drv_id, vat_id, vtr_amount, vtr_value) VALUES (1190, 595, 2, 0.0, 0.0);
INSERT INTO t_day_revenue (drv_id, drv_revenue_date, drv_print_date, drv_closing_date, drv_cash, drv_ticket, drv_cheque, drv_card, drv_unpaid, drv_amount, drv_takeaway) VALUES (596, TO_DATE('28/04/2003', 'dd/MM/yyyy'), TO_DATE('02/05/2003', 'dd/MM/yyyy'), TO_DATE('02/05/2003', 'dd/MM/yyyy'), 2.0, 48.5, 238.5, 740.5, 0.0, 1029.5, false);
INSERT INTO t_vat_revenue (vtr_id, drv_id, vat_id, vtr_amount, vtr_value) VALUES (1191, 596, 1, 1029.5, 168.71407);
INSERT INTO t_vat_revenue (vtr_id, drv_id, vat_id, vtr_amount, vtr_value) VALUES (1192, 596, 2, 0, 0);
INSERT INTO t_day_revenue (drv_id, drv_revenue_date, drv_print_date, drv_closing_date, drv_cash, drv_ticket, drv_cheque, drv_card, drv_unpaid, drv_amount, drv_takeaway) VALUES (597, TO_DATE('29/04/2003', 'dd/MM/yyyy'), TO_DATE('02/05/2003', 'dd/MM/yyyy'), TO_DATE('02/05/2003', 'dd/MM/yyyy'), 0.0, 0.0, 0.0, 111.0, 0.0, 111.0, true);
INSERT INTO t_vat_revenue (vtr_id, drv_id, vat_id, vtr_amount, vtr_value) VALUES (1193, 597, 1, 0, 0);
INSERT INTO t_vat_revenue (vtr_id, drv_id, vat_id, vtr_amount, vtr_value) VALUES (1194, 597, 2, 111.0, 5.78673);
INSERT INTO t_day_revenue (drv_id, drv_revenue_date, drv_print_date, drv_closing_date, drv_cash, drv_ticket, drv_cheque, drv_card, drv_unpaid, drv_amount, drv_takeaway) VALUES (598, TO_DATE('29/04/2003', 'dd/MM/yyyy'), TO_DATE('02/05/2003', 'dd/MM/yyyy'), TO_DATE('02/05/2003', 'dd/MM/yyyy'), 65.5, 0.0, 55.5, 376.0, 0.0, 497.0, false);
INSERT INTO t_vat_revenue (vtr_id, drv_id, vat_id, vtr_amount, vtr_value) VALUES (1195, 598, 1, 497.0, 81.448166);
INSERT INTO t_vat_revenue (vtr_id, drv_id, vat_id, vtr_amount, vtr_value) VALUES (1196, 598, 2, 0, 0);
INSERT INTO t_day_revenue (drv_id, drv_revenue_date, drv_print_date, drv_closing_date, drv_cash, drv_ticket, drv_cheque, drv_card, drv_unpaid, drv_amount, drv_takeaway) VALUES (599, TO_DATE('30/04/2003', 'dd/MM/yyyy'), TO_DATE('02/05/2003', 'dd/MM/yyyy'), TO_DATE('02/05/2003', 'dd/MM/yyyy'), 0.0, 0.0, 0.0, 115.5, 0.0, 115.5, true);
INSERT INTO t_vat_revenue (vtr_id, drv_id, vat_id, vtr_amount, vtr_value) VALUES (1197, 599, 1, 0, 0);
INSERT INTO t_vat_revenue (vtr_id, drv_id, vat_id, vtr_amount, vtr_value) VALUES (1198, 599, 2, 115.5, 6.021327);
INSERT INTO t_day_revenue (drv_id, drv_revenue_date, drv_print_date, drv_closing_date, drv_cash, drv_ticket, drv_cheque, drv_card, drv_unpaid, drv_amount, drv_takeaway) VALUES (600, TO_DATE('30/04/2003', 'dd/MM/yyyy'), TO_DATE('02/05/2003', 'dd/MM/yyyy'), TO_DATE('02/05/2003', 'dd/MM/yyyy'), 9.5, 35.24, 477.0, 1079.26, 0.0, 1601.0, false);
INSERT INTO t_vat_revenue (vtr_id, drv_id, vat_id, vtr_amount, vtr_value) VALUES (1199, 600, 1, 1601.0, 262.37125);
INSERT INTO t_vat_revenue (vtr_id, drv_id, vat_id, vtr_amount, vtr_value) VALUES (1200, 600, 2, 0, 0);
INSERT INTO t_day_revenue (drv_id, drv_revenue_date, drv_print_date, drv_closing_date, drv_cash, drv_ticket, drv_cheque, drv_card, drv_unpaid, drv_amount, drv_takeaway) VALUES (601, TO_DATE('01/05/2003', 'dd/MM/yyyy'), TO_DATE('02/05/2003', 'dd/MM/yyyy'), TO_DATE('02/05/2003', 'dd/MM/yyyy'), 0.0, 0.0, 0.0, 28.5, 0.0, 28.5, true);
INSERT INTO t_vat_revenue (vtr_id, drv_id, vat_id, vtr_amount, vtr_value) VALUES (1201, 601, 1, 0, 0);
INSERT INTO t_vat_revenue (vtr_id, drv_id, vat_id, vtr_amount, vtr_value) VALUES (1202, 601, 2, 28.5, 1.485782);
INSERT INTO t_day_revenue (drv_id, drv_revenue_date, drv_print_date, drv_closing_date, drv_cash, drv_ticket, drv_cheque, drv_card, drv_unpaid, drv_amount, drv_takeaway) VALUES (602, TO_DATE('01/05/2003', 'dd/MM/yyyy'), TO_DATE('02/05/2003', 'dd/MM/yyyy'), TO_DATE('02/05/2003', 'dd/MM/yyyy'), 19.8, 16.7, 316.5, 1301.0, 0.0, 1654.0, false);
INSERT INTO t_vat_revenue (vtr_id, drv_id, vat_id, vtr_amount, vtr_value) VALUES (1203, 602, 1, 1654.0, 271.05685);
INSERT INTO t_vat_revenue (vtr_id, drv_id, vat_id, vtr_amount, vtr_value) VALUES (1204, 602, 2, 0, 0);
INSERT INTO t_day_revenue (drv_id, drv_revenue_date, drv_print_date, drv_closing_date, drv_cash, drv_ticket, drv_cheque, drv_card, drv_unpaid, drv_amount, drv_takeaway) VALUES (603, TO_DATE('02/05/2003', 'dd/MM/yyyy'), TO_DATE('09/05/2003', 'dd/MM/yyyy'), TO_DATE('09/05/2003', 'dd/MM/yyyy'), 0.0, 0.0, 0.0, 22.0, 0.0, 22.0, true);
INSERT INTO t_vat_revenue (vtr_id, drv_id, vat_id, vtr_amount, vtr_value) VALUES (1205, 603, 1, 0, 0);
INSERT INTO t_vat_revenue (vtr_id, drv_id, vat_id, vtr_amount, vtr_value) VALUES (1206, 603, 2, 22.0, 1.1469195);
INSERT INTO t_day_revenue (drv_id, drv_revenue_date, drv_print_date, drv_closing_date, drv_cash, drv_ticket, drv_cheque, drv_card, drv_unpaid, drv_amount, drv_takeaway) VALUES (604, TO_DATE('02/05/2003', 'dd/MM/yyyy'), TO_DATE('09/05/2003', 'dd/MM/yyyy'), TO_DATE('09/05/2003', 'dd/MM/yyyy'), 9.9, 27.1, 437.5, 1326.5, 0.0, 1801.0, false);
INSERT INTO t_vat_revenue (vtr_id, drv_id, vat_id, vtr_amount, vtr_value) VALUES (1207, 604, 1, 1801.0, 295.1472);
INSERT INTO t_vat_revenue (vtr_id, drv_id, vat_id, vtr_amount, vtr_value) VALUES (1208, 604, 2, 0, 0);
INSERT INTO t_day_revenue (drv_id, drv_revenue_date, drv_print_date, drv_closing_date, drv_cash, drv_ticket, drv_cheque, drv_card, drv_unpaid, drv_amount, drv_takeaway) VALUES (605, TO_DATE('03/05/2003', 'dd/MM/yyyy'), TO_DATE('09/05/2003', 'dd/MM/yyyy'), TO_DATE('09/05/2003', 'dd/MM/yyyy'), 0.0, 0.0, 0.0, 75.0, 0.0, 75.0, true);
INSERT INTO t_vat_revenue (vtr_id, drv_id, vat_id, vtr_amount, vtr_value) VALUES (1209, 605, 1, 0, 0);
INSERT INTO t_vat_revenue (vtr_id, drv_id, vat_id, vtr_amount, vtr_value) VALUES (1210, 605, 2, 75.0, 3.9099526);
INSERT INTO t_day_revenue (drv_id, drv_revenue_date, drv_print_date, drv_closing_date, drv_cash, drv_ticket, drv_cheque, drv_card, drv_unpaid, drv_amount, drv_takeaway) VALUES (606, TO_DATE('03/05/2003', 'dd/MM/yyyy'), TO_DATE('09/05/2003', 'dd/MM/yyyy'), TO_DATE('09/05/2003', 'dd/MM/yyyy'), 34.0, 9.2, 82.8, 831.5, 0.0, 957.5, false);
INSERT INTO t_vat_revenue (vtr_id, drv_id, vat_id, vtr_amount, vtr_value) VALUES (1211, 606, 1, 957.5, 156.91472);
INSERT INTO t_vat_revenue (vtr_id, drv_id, vat_id, vtr_amount, vtr_value) VALUES (1212, 606, 2, 0, 0);
INSERT INTO t_day_revenue (drv_id, drv_revenue_date, drv_print_date, drv_closing_date, drv_cash, drv_ticket, drv_cheque, drv_card, drv_unpaid, drv_amount, drv_takeaway) VALUES (607, TO_DATE('04/05/2003', 'dd/MM/yyyy'), TO_DATE('09/05/2003', 'dd/MM/yyyy'), TO_DATE('09/05/2003', 'dd/MM/yyyy'), 0.0, 0.0, 0.0, 0.0, 0.0, 0.0, true);
INSERT INTO t_vat_revenue (vtr_id, drv_id, vat_id, vtr_amount, vtr_value) VALUES (1213, 607, 1, 0, 0);
INSERT INTO t_vat_revenue (vtr_id, drv_id, vat_id, vtr_amount, vtr_value) VALUES (1214, 607, 2, 0.0, 0.0);
INSERT INTO t_day_revenue (drv_id, drv_revenue_date, drv_print_date, drv_closing_date, drv_cash, drv_ticket, drv_cheque, drv_card, drv_unpaid, drv_amount, drv_takeaway) VALUES (608, TO_DATE('04/05/2003', 'dd/MM/yyyy'), TO_DATE('09/05/2003', 'dd/MM/yyyy'), TO_DATE('09/05/2003', 'dd/MM/yyyy'), -1.0, 0.0, 30.0, 220.0, 0.0, 249.0, false);
INSERT INTO t_vat_revenue (vtr_id, drv_id, vat_id, vtr_amount, vtr_value) VALUES (1215, 608, 1, 249.0, 40.80602);
INSERT INTO t_vat_revenue (vtr_id, drv_id, vat_id, vtr_amount, vtr_value) VALUES (1216, 608, 2, 0, 0);
INSERT INTO t_day_revenue (drv_id, drv_revenue_date, drv_print_date, drv_closing_date, drv_cash, drv_ticket, drv_cheque, drv_card, drv_unpaid, drv_amount, drv_takeaway) VALUES (609, TO_DATE('05/05/2003', 'dd/MM/yyyy'), TO_DATE('09/05/2003', 'dd/MM/yyyy'), TO_DATE('09/05/2003', 'dd/MM/yyyy'), 0.0, 0.0, 0.0, 0.0, 0.0, 0.0, true);
INSERT INTO t_vat_revenue (vtr_id, drv_id, vat_id, vtr_amount, vtr_value) VALUES (1217, 609, 1, 0, 0);
INSERT INTO t_vat_revenue (vtr_id, drv_id, vat_id, vtr_amount, vtr_value) VALUES (1218, 609, 2, 0.0, 0.0);
INSERT INTO t_day_revenue (drv_id, drv_revenue_date, drv_print_date, drv_closing_date, drv_cash, drv_ticket, drv_cheque, drv_card, drv_unpaid, drv_amount, drv_takeaway) VALUES (610, TO_DATE('05/05/2003', 'dd/MM/yyyy'), TO_DATE('09/05/2003', 'dd/MM/yyyy'), TO_DATE('09/05/2003', 'dd/MM/yyyy'), 14.4, 19.6, 263.5, 340.5, 0.0, 638.0, false);
INSERT INTO t_vat_revenue (vtr_id, drv_id, vat_id, vtr_amount, vtr_value) VALUES (1219, 610, 1, 638.0, 104.55518);
INSERT INTO t_vat_revenue (vtr_id, drv_id, vat_id, vtr_amount, vtr_value) VALUES (1220, 610, 2, 0, 0);
INSERT INTO t_day_revenue (drv_id, drv_revenue_date, drv_print_date, drv_closing_date, drv_cash, drv_ticket, drv_cheque, drv_card, drv_unpaid, drv_amount, drv_takeaway) VALUES (611, TO_DATE('06/05/2003', 'dd/MM/yyyy'), TO_DATE('09/05/2003', 'dd/MM/yyyy'), TO_DATE('09/05/2003', 'dd/MM/yyyy'), 0.0, 0.0, 0.0, 0.0, 0.0, 0.0, true);
INSERT INTO t_vat_revenue (vtr_id, drv_id, vat_id, vtr_amount, vtr_value) VALUES (1221, 611, 1, 0, 0);
INSERT INTO t_vat_revenue (vtr_id, drv_id, vat_id, vtr_amount, vtr_value) VALUES (1222, 611, 2, 0.0, 0.0);
INSERT INTO t_day_revenue (drv_id, drv_revenue_date, drv_print_date, drv_closing_date, drv_cash, drv_ticket, drv_cheque, drv_card, drv_unpaid, drv_amount, drv_takeaway) VALUES (612, TO_DATE('06/05/2003', 'dd/MM/yyyy'), TO_DATE('09/05/2003', 'dd/MM/yyyy'), TO_DATE('09/05/2003', 'dd/MM/yyyy'), 20.5, 90.0, 32.0, 559.5, 0.0, 702.0, false);
INSERT INTO t_vat_revenue (vtr_id, drv_id, vat_id, vtr_amount, vtr_value) VALUES (1223, 612, 1, 702.0, 115.04348);
INSERT INTO t_vat_revenue (vtr_id, drv_id, vat_id, vtr_amount, vtr_value) VALUES (1224, 612, 2, 0, 0);
INSERT INTO t_day_revenue (drv_id, drv_revenue_date, drv_print_date, drv_closing_date, drv_cash, drv_ticket, drv_cheque, drv_card, drv_unpaid, drv_amount, drv_takeaway) VALUES (613, TO_DATE('07/05/2003', 'dd/MM/yyyy'), TO_DATE('09/05/2003', 'dd/MM/yyyy'), TO_DATE('09/05/2003', 'dd/MM/yyyy'), 0.0, 0.0, 144.0, 116.5, 0.0, 260.5, true);
INSERT INTO t_vat_revenue (vtr_id, drv_id, vat_id, vtr_amount, vtr_value) VALUES (1225, 613, 1, 0, 0);
INSERT INTO t_vat_revenue (vtr_id, drv_id, vat_id, vtr_amount, vtr_value) VALUES (1226, 613, 2, 260.5, 13.580568);
INSERT INTO t_day_revenue (drv_id, drv_revenue_date, drv_print_date, drv_closing_date, drv_cash, drv_ticket, drv_cheque, drv_card, drv_unpaid, drv_amount, drv_takeaway) VALUES (614, TO_DATE('07/05/2003', 'dd/MM/yyyy'), TO_DATE('09/05/2003', 'dd/MM/yyyy'), TO_DATE('09/05/2003', 'dd/MM/yyyy'), 13.2, 13.8, 173.0, 403.0, 0.0, 603.0, false);
INSERT INTO t_vat_revenue (vtr_id, drv_id, vat_id, vtr_amount, vtr_value) VALUES (1227, 614, 1, 603.0, 98.8194);
INSERT INTO t_vat_revenue (vtr_id, drv_id, vat_id, vtr_amount, vtr_value) VALUES (1228, 614, 2, 0, 0);
INSERT INTO t_day_revenue (drv_id, drv_revenue_date, drv_print_date, drv_closing_date, drv_cash, drv_ticket, drv_cheque, drv_card, drv_unpaid, drv_amount, drv_takeaway) VALUES (615, TO_DATE('08/05/2003', 'dd/MM/yyyy'), TO_DATE('09/05/2003', 'dd/MM/yyyy'), TO_DATE('09/05/2003', 'dd/MM/yyyy'), 0.0, 0.0, 0.0, 130.5, 0.0, 130.5, true);
INSERT INTO t_vat_revenue (vtr_id, drv_id, vat_id, vtr_amount, vtr_value) VALUES (1229, 615, 1, 0, 0);
INSERT INTO t_vat_revenue (vtr_id, drv_id, vat_id, vtr_amount, vtr_value) VALUES (1230, 615, 2, 130.5, 6.8033175);
INSERT INTO t_day_revenue (drv_id, drv_revenue_date, drv_print_date, drv_closing_date, drv_cash, drv_ticket, drv_cheque, drv_card, drv_unpaid, drv_amount, drv_takeaway) VALUES (616, TO_DATE('08/05/2003', 'dd/MM/yyyy'), TO_DATE('09/05/2003', 'dd/MM/yyyy'), TO_DATE('09/05/2003', 'dd/MM/yyyy'), 0.02, 30.48, 185.0, 262.5, 0.0, 478.0, false);
INSERT INTO t_vat_revenue (vtr_id, drv_id, vat_id, vtr_amount, vtr_value) VALUES (1231, 616, 1, 478.0, 78.33445);
INSERT INTO t_vat_revenue (vtr_id, drv_id, vat_id, vtr_amount, vtr_value) VALUES (1232, 616, 2, 0, 0);
INSERT INTO t_day_revenue (drv_id, drv_revenue_date, drv_print_date, drv_closing_date, drv_cash, drv_ticket, drv_cheque, drv_card, drv_unpaid, drv_amount, drv_takeaway) VALUES (617, TO_DATE('09/05/2003', 'dd/MM/yyyy'), TO_DATE('15/05/2003', 'dd/MM/yyyy'), TO_DATE('15/05/2003', 'dd/MM/yyyy'), 0.0, 0.0, 0.0, 36.5, 0.0, 36.5, true);
INSERT INTO t_vat_revenue (vtr_id, drv_id, vat_id, vtr_amount, vtr_value) VALUES (1233, 617, 1, 0, 0);
INSERT INTO t_vat_revenue (vtr_id, drv_id, vat_id, vtr_amount, vtr_value) VALUES (1234, 617, 2, 36.5, 1.9028436);
INSERT INTO t_day_revenue (drv_id, drv_revenue_date, drv_print_date, drv_closing_date, drv_cash, drv_ticket, drv_cheque, drv_card, drv_unpaid, drv_amount, drv_takeaway) VALUES (618, TO_DATE('09/05/2003', 'dd/MM/yyyy'), TO_DATE('15/05/2003', 'dd/MM/yyyy'), TO_DATE('15/05/2003', 'dd/MM/yyyy'), 118.5, 7.0, 53.5, 267.5, 0.0, 446.5, false);
INSERT INTO t_vat_revenue (vtr_id, drv_id, vat_id, vtr_amount, vtr_value) VALUES (1235, 618, 1, 446.5, 73.17224);
INSERT INTO t_vat_revenue (vtr_id, drv_id, vat_id, vtr_amount, vtr_value) VALUES (1236, 618, 2, 0, 0);
INSERT INTO t_day_revenue (drv_id, drv_revenue_date, drv_print_date, drv_closing_date, drv_cash, drv_ticket, drv_cheque, drv_card, drv_unpaid, drv_amount, drv_takeaway) VALUES (619, TO_DATE('10/05/2003', 'dd/MM/yyyy'), TO_DATE('15/05/2003', 'dd/MM/yyyy'), TO_DATE('15/05/2003', 'dd/MM/yyyy'), 0.0, 0.0, 0.0, 115.0, 0.0, 115.0, true);
INSERT INTO t_vat_revenue (vtr_id, drv_id, vat_id, vtr_amount, vtr_value) VALUES (1237, 619, 1, 0, 0);
INSERT INTO t_vat_revenue (vtr_id, drv_id, vat_id, vtr_amount, vtr_value) VALUES (1238, 619, 2, 115.0, 5.9952607);
INSERT INTO t_day_revenue (drv_id, drv_revenue_date, drv_print_date, drv_closing_date, drv_cash, drv_ticket, drv_cheque, drv_card, drv_unpaid, drv_amount, drv_takeaway) VALUES (620, TO_DATE('10/05/2003', 'dd/MM/yyyy'), TO_DATE('15/05/2003', 'dd/MM/yyyy'), TO_DATE('15/05/2003', 'dd/MM/yyyy'), 11.8, 57.84, 384.86, 776.0, 0.0, 1230.5, false);
INSERT INTO t_vat_revenue (vtr_id, drv_id, vat_id, vtr_amount, vtr_value) VALUES (1239, 620, 1, 1230.5, 201.65385);
INSERT INTO t_vat_revenue (vtr_id, drv_id, vat_id, vtr_amount, vtr_value) VALUES (1240, 620, 2, 0, 0);
INSERT INTO t_day_revenue (drv_id, drv_revenue_date, drv_print_date, drv_closing_date, drv_cash, drv_ticket, drv_cheque, drv_card, drv_unpaid, drv_amount, drv_takeaway) VALUES (621, TO_DATE('11/05/2003', 'dd/MM/yyyy'), TO_DATE('15/05/2003', 'dd/MM/yyyy'), TO_DATE('15/05/2003', 'dd/MM/yyyy'), 0.0, 0.0, 0.0, 91.0, 0.0, 91.0, true);
INSERT INTO t_vat_revenue (vtr_id, drv_id, vat_id, vtr_amount, vtr_value) VALUES (1241, 621, 1, 0, 0);
INSERT INTO t_vat_revenue (vtr_id, drv_id, vat_id, vtr_amount, vtr_value) VALUES (1242, 621, 2, 91.0, 4.744076);
INSERT INTO t_day_revenue (drv_id, drv_revenue_date, drv_print_date, drv_closing_date, drv_cash, drv_ticket, drv_cheque, drv_card, drv_unpaid, drv_amount, drv_takeaway) VALUES (622, TO_DATE('11/05/2003', 'dd/MM/yyyy'), TO_DATE('15/05/2003', 'dd/MM/yyyy'), TO_DATE('15/05/2003', 'dd/MM/yyyy'), 0.0, 0.0, 397.5, 626.5, 0.0, 1024.0, false);
INSERT INTO t_vat_revenue (vtr_id, drv_id, vat_id, vtr_amount, vtr_value) VALUES (1243, 622, 1, 1024.0, 167.81271);
INSERT INTO t_vat_revenue (vtr_id, drv_id, vat_id, vtr_amount, vtr_value) VALUES (1244, 622, 2, 0, 0);
INSERT INTO t_day_revenue (drv_id, drv_revenue_date, drv_print_date, drv_closing_date, drv_cash, drv_ticket, drv_cheque, drv_card, drv_unpaid, drv_amount, drv_takeaway) VALUES (623, TO_DATE('12/05/2003', 'dd/MM/yyyy'), TO_DATE('15/05/2003', 'dd/MM/yyyy'), TO_DATE('15/05/2003', 'dd/MM/yyyy'), 0.0, 0.0, 0.0, 0.0, 0.0, 0.0, true);
INSERT INTO t_vat_revenue (vtr_id, drv_id, vat_id, vtr_amount, vtr_value) VALUES (1245, 623, 1, 0, 0);
INSERT INTO t_vat_revenue (vtr_id, drv_id, vat_id, vtr_amount, vtr_value) VALUES (1246, 623, 2, 0.0, 0.0);
INSERT INTO t_day_revenue (drv_id, drv_revenue_date, drv_print_date, drv_closing_date, drv_cash, drv_ticket, drv_cheque, drv_card, drv_unpaid, drv_amount, drv_takeaway) VALUES (624, TO_DATE('12/05/2003', 'dd/MM/yyyy'), TO_DATE('15/05/2003', 'dd/MM/yyyy'), TO_DATE('15/05/2003', 'dd/MM/yyyy'), -1.5, 16.0, 151.0, 510.0, 0.0, 675.5, false);
INSERT INTO t_vat_revenue (vtr_id, drv_id, vat_id, vtr_amount, vtr_value) VALUES (1247, 624, 1, 675.5, 110.70067);
INSERT INTO t_vat_revenue (vtr_id, drv_id, vat_id, vtr_amount, vtr_value) VALUES (1248, 624, 2, 0, 0);
INSERT INTO t_day_revenue (drv_id, drv_revenue_date, drv_print_date, drv_closing_date, drv_cash, drv_ticket, drv_cheque, drv_card, drv_unpaid, drv_amount, drv_takeaway) VALUES (625, TO_DATE('13/05/2003', 'dd/MM/yyyy'), TO_DATE('15/05/2003', 'dd/MM/yyyy'), TO_DATE('15/05/2003', 'dd/MM/yyyy'), 28.5, 0.0, 146.7, 226.5, 0.0, 401.7, true);
INSERT INTO t_vat_revenue (vtr_id, drv_id, vat_id, vtr_amount, vtr_value) VALUES (1249, 625, 1, 0, 0);
INSERT INTO t_vat_revenue (vtr_id, drv_id, vat_id, vtr_amount, vtr_value) VALUES (1250, 625, 2, 401.7, 20.941708);
INSERT INTO t_day_revenue (drv_id, drv_revenue_date, drv_print_date, drv_closing_date, drv_cash, drv_ticket, drv_cheque, drv_card, drv_unpaid, drv_amount, drv_takeaway) VALUES (626, TO_DATE('13/05/2003', 'dd/MM/yyyy'), TO_DATE('15/05/2003', 'dd/MM/yyyy'), TO_DATE('15/05/2003', 'dd/MM/yyyy'), 32.7, 36.3, 65.0, 336.0, 0.0, 470.0, false);
INSERT INTO t_vat_revenue (vtr_id, drv_id, vat_id, vtr_amount, vtr_value) VALUES (1251, 626, 1, 470.0, 77.023415);
INSERT INTO t_vat_revenue (vtr_id, drv_id, vat_id, vtr_amount, vtr_value) VALUES (1252, 626, 2, 0, 0);
INSERT INTO t_day_revenue (drv_id, drv_revenue_date, drv_print_date, drv_closing_date, drv_cash, drv_ticket, drv_cheque, drv_card, drv_unpaid, drv_amount, drv_takeaway) VALUES (627, TO_DATE('14/05/2003', 'dd/MM/yyyy'), TO_DATE('15/05/2003', 'dd/MM/yyyy'), TO_DATE('15/05/2003', 'dd/MM/yyyy'), 0.0, 0.0, 119.65, 43.5, 0.0, 163.15, true);
INSERT INTO t_vat_revenue (vtr_id, drv_id, vat_id, vtr_amount, vtr_value) VALUES (1253, 627, 1, 0, 0);
INSERT INTO t_vat_revenue (vtr_id, drv_id, vat_id, vtr_amount, vtr_value) VALUES (1254, 627, 2, 163.15, 8.50545);
INSERT INTO t_day_revenue (drv_id, drv_revenue_date, drv_print_date, drv_closing_date, drv_cash, drv_ticket, drv_cheque, drv_card, drv_unpaid, drv_amount, drv_takeaway) VALUES (628, TO_DATE('14/05/2003', 'dd/MM/yyyy'), TO_DATE('15/05/2003', 'dd/MM/yyyy'), TO_DATE('15/05/2003', 'dd/MM/yyyy'), 13.0, 0.0, 195.0, 237.5, 0.0, 445.5, false);
INSERT INTO t_vat_revenue (vtr_id, drv_id, vat_id, vtr_amount, vtr_value) VALUES (1255, 628, 1, 445.5, 73.00836);
INSERT INTO t_vat_revenue (vtr_id, drv_id, vat_id, vtr_amount, vtr_value) VALUES (1256, 628, 2, 0, 0);
INSERT INTO t_day_revenue (drv_id, drv_revenue_date, drv_print_date, drv_closing_date, drv_cash, drv_ticket, drv_cheque, drv_card, drv_unpaid, drv_amount, drv_takeaway) VALUES (629, TO_DATE('15/05/2003', 'dd/MM/yyyy'), TO_DATE('19/05/2003', 'dd/MM/yyyy'), TO_DATE('19/05/2003', 'dd/MM/yyyy'), 0.0, 0.0, 0.0, 11.5, 0.0, 11.5, true);
INSERT INTO t_vat_revenue (vtr_id, drv_id, vat_id, vtr_amount, vtr_value) VALUES (1257, 629, 1, 0, 0);
INSERT INTO t_vat_revenue (vtr_id, drv_id, vat_id, vtr_amount, vtr_value) VALUES (1258, 629, 2, 11.5, 0.59952605);
INSERT INTO t_day_revenue (drv_id, drv_revenue_date, drv_print_date, drv_closing_date, drv_cash, drv_ticket, drv_cheque, drv_card, drv_unpaid, drv_amount, drv_takeaway) VALUES (630, TO_DATE('15/05/2003', 'dd/MM/yyyy'), TO_DATE('19/05/2003', 'dd/MM/yyyy'), TO_DATE('19/05/2003', 'dd/MM/yyyy'), 18.0, 46.9, 306.0, 725.6, 0.0, 1096.5, false);
INSERT INTO t_vat_revenue (vtr_id, drv_id, vat_id, vtr_amount, vtr_value) VALUES (1259, 630, 1, 1096.5, 179.69398);
INSERT INTO t_vat_revenue (vtr_id, drv_id, vat_id, vtr_amount, vtr_value) VALUES (1260, 630, 2, 0, 0);
INSERT INTO t_day_revenue (drv_id, drv_revenue_date, drv_print_date, drv_closing_date, drv_cash, drv_ticket, drv_cheque, drv_card, drv_unpaid, drv_amount, drv_takeaway) VALUES (631, TO_DATE('16/05/2003', 'dd/MM/yyyy'), TO_DATE('22/05/2003', 'dd/MM/yyyy'), TO_DATE('22/05/2003', 'dd/MM/yyyy'), 0.0, 0.0, 0.0, 253.0, 0.0, 253.0, true);
INSERT INTO t_vat_revenue (vtr_id, drv_id, vat_id, vtr_amount, vtr_value) VALUES (1261, 631, 1, 0, 0);
INSERT INTO t_vat_revenue (vtr_id, drv_id, vat_id, vtr_amount, vtr_value) VALUES (1262, 631, 2, 253.0, 13.189573);
INSERT INTO t_day_revenue (drv_id, drv_revenue_date, drv_print_date, drv_closing_date, drv_cash, drv_ticket, drv_cheque, drv_card, drv_unpaid, drv_amount, drv_takeaway) VALUES (632, TO_DATE('16/05/2003', 'dd/MM/yyyy'), TO_DATE('22/05/2003', 'dd/MM/yyyy'), TO_DATE('22/05/2003', 'dd/MM/yyyy'), 29.0, 25.7, 365.0, 996.3, 0.0, 1416.0, false);
INSERT INTO t_vat_revenue (vtr_id, drv_id, vat_id, vtr_amount, vtr_value) VALUES (1263, 632, 1, 1416.0, 232.05351);
INSERT INTO t_vat_revenue (vtr_id, drv_id, vat_id, vtr_amount, vtr_value) VALUES (1264, 632, 2, 0, 0);
INSERT INTO t_day_revenue (drv_id, drv_revenue_date, drv_print_date, drv_closing_date, drv_cash, drv_ticket, drv_cheque, drv_card, drv_unpaid, drv_amount, drv_takeaway) VALUES (633, TO_DATE('17/05/2003', 'dd/MM/yyyy'), TO_DATE('22/05/2003', 'dd/MM/yyyy'), TO_DATE('22/05/2003', 'dd/MM/yyyy'), 0.0, 0.0, 0.0, 58.0, 0.0, 58.0, true);
INSERT INTO t_vat_revenue (vtr_id, drv_id, vat_id, vtr_amount, vtr_value) VALUES (1265, 633, 1, 0, 0);
INSERT INTO t_vat_revenue (vtr_id, drv_id, vat_id, vtr_amount, vtr_value) VALUES (1266, 633, 2, 58.0, 3.0236967);
INSERT INTO t_day_revenue (drv_id, drv_revenue_date, drv_print_date, drv_closing_date, drv_cash, drv_ticket, drv_cheque, drv_card, drv_unpaid, drv_amount, drv_takeaway) VALUES (634, TO_DATE('17/05/2003', 'dd/MM/yyyy'), TO_DATE('22/05/2003', 'dd/MM/yyyy'), TO_DATE('22/05/2003', 'dd/MM/yyyy'), 18.5, 79.1, 457.5, 1112.4, 0.0, 1667.5, false);
INSERT INTO t_vat_revenue (vtr_id, drv_id, vat_id, vtr_amount, vtr_value) VALUES (1267, 634, 1, 1667.5, 273.26923);
INSERT INTO t_vat_revenue (vtr_id, drv_id, vat_id, vtr_amount, vtr_value) VALUES (1268, 634, 2, 0, 0);
INSERT INTO t_day_revenue (drv_id, drv_revenue_date, drv_print_date, drv_closing_date, drv_cash, drv_ticket, drv_cheque, drv_card, drv_unpaid, drv_amount, drv_takeaway) VALUES (635, TO_DATE('18/05/2003', 'dd/MM/yyyy'), TO_DATE('22/05/2003', 'dd/MM/yyyy'), TO_DATE('22/05/2003', 'dd/MM/yyyy'), 0.0, 0.0, 0.0, 0.0, 0.0, 0.0, true);
INSERT INTO t_vat_revenue (vtr_id, drv_id, vat_id, vtr_amount, vtr_value) VALUES (1269, 635, 1, 0, 0);
INSERT INTO t_vat_revenue (vtr_id, drv_id, vat_id, vtr_amount, vtr_value) VALUES (1270, 635, 2, 0.0, 0.0);
INSERT INTO t_day_revenue (drv_id, drv_revenue_date, drv_print_date, drv_closing_date, drv_cash, drv_ticket, drv_cheque, drv_card, drv_unpaid, drv_amount, drv_takeaway) VALUES (636, TO_DATE('18/05/2003', 'dd/MM/yyyy'), TO_DATE('22/05/2003', 'dd/MM/yyyy'), TO_DATE('22/05/2003', 'dd/MM/yyyy'), 0.0, 18.0, 359.0, 1068.5, 0.0, 1445.5, false);
INSERT INTO t_vat_revenue (vtr_id, drv_id, vat_id, vtr_amount, vtr_value) VALUES (1271, 636, 1, 1445.5, 236.88797);
INSERT INTO t_vat_revenue (vtr_id, drv_id, vat_id, vtr_amount, vtr_value) VALUES (1272, 636, 2, 0, 0);
INSERT INTO t_day_revenue (drv_id, drv_revenue_date, drv_print_date, drv_closing_date, drv_cash, drv_ticket, drv_cheque, drv_card, drv_unpaid, drv_amount, drv_takeaway) VALUES (637, TO_DATE('19/05/2003', 'dd/MM/yyyy'), TO_DATE('22/05/2003', 'dd/MM/yyyy'), TO_DATE('22/05/2003', 'dd/MM/yyyy'), 0.0, 0.0, 0.0, 0.0, 0.0, 0.0, true);
INSERT INTO t_vat_revenue (vtr_id, drv_id, vat_id, vtr_amount, vtr_value) VALUES (1273, 637, 1, 0, 0);
INSERT INTO t_vat_revenue (vtr_id, drv_id, vat_id, vtr_amount, vtr_value) VALUES (1274, 637, 2, 0.0, 0.0);
INSERT INTO t_day_revenue (drv_id, drv_revenue_date, drv_print_date, drv_closing_date, drv_cash, drv_ticket, drv_cheque, drv_card, drv_unpaid, drv_amount, drv_takeaway) VALUES (638, TO_DATE('19/05/2003', 'dd/MM/yyyy'), TO_DATE('22/05/2003', 'dd/MM/yyyy'), TO_DATE('22/05/2003', 'dd/MM/yyyy'), 22.5, 55.0, 81.0, 461.0, 0.0, 619.5, false);
INSERT INTO t_vat_revenue (vtr_id, drv_id, vat_id, vtr_amount, vtr_value) VALUES (1275, 638, 1, 619.5, 101.523415);
INSERT INTO t_vat_revenue (vtr_id, drv_id, vat_id, vtr_amount, vtr_value) VALUES (1276, 638, 2, 0, 0);
INSERT INTO t_day_revenue (drv_id, drv_revenue_date, drv_print_date, drv_closing_date, drv_cash, drv_ticket, drv_cheque, drv_card, drv_unpaid, drv_amount, drv_takeaway) VALUES (639, TO_DATE('20/05/2003', 'dd/MM/yyyy'), TO_DATE('22/05/2003', 'dd/MM/yyyy'), TO_DATE('22/05/2003', 'dd/MM/yyyy'), 0.0, 0.0, 0.0, 111.0, 0.0, 111.0, true);
INSERT INTO t_vat_revenue (vtr_id, drv_id, vat_id, vtr_amount, vtr_value) VALUES (1277, 639, 1, 0, 0);
INSERT INTO t_vat_revenue (vtr_id, drv_id, vat_id, vtr_amount, vtr_value) VALUES (1278, 639, 2, 111.0, 5.78673);
INSERT INTO t_day_revenue (drv_id, drv_revenue_date, drv_print_date, drv_closing_date, drv_cash, drv_ticket, drv_cheque, drv_card, drv_unpaid, drv_amount, drv_takeaway) VALUES (640, TO_DATE('20/05/2003', 'dd/MM/yyyy'), TO_DATE('22/05/2003', 'dd/MM/yyyy'), TO_DATE('22/05/2003', 'dd/MM/yyyy'), 28.5, 28.0, 377.5, 550.0, 0.0, 984.0, false);
INSERT INTO t_vat_revenue (vtr_id, drv_id, vat_id, vtr_amount, vtr_value) VALUES (1279, 640, 1, 984.0, 161.25754);
INSERT INTO t_vat_revenue (vtr_id, drv_id, vat_id, vtr_amount, vtr_value) VALUES (1280, 640, 2, 0, 0);
INSERT INTO t_day_revenue (drv_id, drv_revenue_date, drv_print_date, drv_closing_date, drv_cash, drv_ticket, drv_cheque, drv_card, drv_unpaid, drv_amount, drv_takeaway) VALUES (641, TO_DATE('21/05/2003', 'dd/MM/yyyy'), TO_DATE('22/05/2003', 'dd/MM/yyyy'), TO_DATE('22/05/2003', 'dd/MM/yyyy'), 0.0, 0.0, 37.5, 154.5, 0.0, 192.0, true);
INSERT INTO t_vat_revenue (vtr_id, drv_id, vat_id, vtr_amount, vtr_value) VALUES (1281, 641, 1, 0, 0);
INSERT INTO t_vat_revenue (vtr_id, drv_id, vat_id, vtr_amount, vtr_value) VALUES (1282, 641, 2, 192.0, 10.009479);
INSERT INTO t_day_revenue (drv_id, drv_revenue_date, drv_print_date, drv_closing_date, drv_cash, drv_ticket, drv_cheque, drv_card, drv_unpaid, drv_amount, drv_takeaway) VALUES (642, TO_DATE('21/05/2003', 'dd/MM/yyyy'), TO_DATE('22/05/2003', 'dd/MM/yyyy'), TO_DATE('22/05/2003', 'dd/MM/yyyy'), 10.0, 0.0, 0.0, 467.0, 0.0, 477.0, false);
INSERT INTO t_vat_revenue (vtr_id, drv_id, vat_id, vtr_amount, vtr_value) VALUES (1283, 642, 1, 477.0, 78.17057);
INSERT INTO t_vat_revenue (vtr_id, drv_id, vat_id, vtr_amount, vtr_value) VALUES (1284, 642, 2, 0, 0);
INSERT INTO t_day_revenue (drv_id, drv_revenue_date, drv_print_date, drv_closing_date, drv_cash, drv_ticket, drv_cheque, drv_card, drv_unpaid, drv_amount, drv_takeaway) VALUES (643, TO_DATE('22/05/2003', 'dd/MM/yyyy'), TO_DATE('30/05/2003', 'dd/MM/yyyy'), TO_DATE('30/05/2003', 'dd/MM/yyyy'), 0.0, 0.0, 0.0, 79.5, 0.0, 79.5, true);
INSERT INTO t_vat_revenue (vtr_id, drv_id, vat_id, vtr_amount, vtr_value) VALUES (1285, 643, 1, 0, 0);
INSERT INTO t_vat_revenue (vtr_id, drv_id, vat_id, vtr_amount, vtr_value) VALUES (1286, 643, 2, 79.5, 4.14455);
INSERT INTO t_day_revenue (drv_id, drv_revenue_date, drv_print_date, drv_closing_date, drv_cash, drv_ticket, drv_cheque, drv_card, drv_unpaid, drv_amount, drv_takeaway) VALUES (644, TO_DATE('22/05/2003', 'dd/MM/yyyy'), TO_DATE('30/05/2003', 'dd/MM/yyyy'), TO_DATE('30/05/2003', 'dd/MM/yyyy'), 24.0, 5.8, 282.7, 498.0, 0.0, 810.5, false);
INSERT INTO t_vat_revenue (vtr_id, drv_id, vat_id, vtr_amount, vtr_value) VALUES (1287, 644, 1, 810.5, 132.82442);
INSERT INTO t_vat_revenue (vtr_id, drv_id, vat_id, vtr_amount, vtr_value) VALUES (1288, 644, 2, 0, 0);
INSERT INTO t_day_revenue (drv_id, drv_revenue_date, drv_print_date, drv_closing_date, drv_cash, drv_ticket, drv_cheque, drv_card, drv_unpaid, drv_amount, drv_takeaway) VALUES (645, TO_DATE('23/05/2003', 'dd/MM/yyyy'), TO_DATE('30/05/2003', 'dd/MM/yyyy'), TO_DATE('30/05/2003', 'dd/MM/yyyy'), 0.0, 0.0, 23.0, 202.5, 0.0, 225.5, true);
INSERT INTO t_vat_revenue (vtr_id, drv_id, vat_id, vtr_amount, vtr_value) VALUES (1289, 645, 1, 0, 0);
INSERT INTO t_vat_revenue (vtr_id, drv_id, vat_id, vtr_amount, vtr_value) VALUES (1290, 645, 2, 225.5, 11.755924);
INSERT INTO t_day_revenue (drv_id, drv_revenue_date, drv_print_date, drv_closing_date, drv_cash, drv_ticket, drv_cheque, drv_card, drv_unpaid, drv_amount, drv_takeaway) VALUES (646, TO_DATE('23/05/2003', 'dd/MM/yyyy'), TO_DATE('30/05/2003', 'dd/MM/yyyy'), TO_DATE('30/05/2003', 'dd/MM/yyyy'), 94.99, 47.0, 156.5, 701.51, 0.0, 1000.0, false);
INSERT INTO t_vat_revenue (vtr_id, drv_id, vat_id, vtr_amount, vtr_value) VALUES (1291, 646, 1, 1000.0, 163.87961);
INSERT INTO t_vat_revenue (vtr_id, drv_id, vat_id, vtr_amount, vtr_value) VALUES (1292, 646, 2, 0, 0);
INSERT INTO t_day_revenue (drv_id, drv_revenue_date, drv_print_date, drv_closing_date, drv_cash, drv_ticket, drv_cheque, drv_card, drv_unpaid, drv_amount, drv_takeaway) VALUES (647, TO_DATE('24/05/2003', 'dd/MM/yyyy'), TO_DATE('30/05/2003', 'dd/MM/yyyy'), TO_DATE('30/05/2003', 'dd/MM/yyyy'), 0.0, 0.0, 0.0, 96.0, 0.0, 96.0, true);
INSERT INTO t_vat_revenue (vtr_id, drv_id, vat_id, vtr_amount, vtr_value) VALUES (1293, 647, 1, 0, 0);
INSERT INTO t_vat_revenue (vtr_id, drv_id, vat_id, vtr_amount, vtr_value) VALUES (1294, 647, 2, 96.0, 5.0047393);
INSERT INTO t_day_revenue (drv_id, drv_revenue_date, drv_print_date, drv_closing_date, drv_cash, drv_ticket, drv_cheque, drv_card, drv_unpaid, drv_amount, drv_takeaway) VALUES (648, TO_DATE('24/05/2003', 'dd/MM/yyyy'), TO_DATE('30/05/2003', 'dd/MM/yyyy'), TO_DATE('30/05/2003', 'dd/MM/yyyy'), 20.0, 33.5, 775.5, 1446.5, 0.0, 2275.5, false);
INSERT INTO t_vat_revenue (vtr_id, drv_id, vat_id, vtr_amount, vtr_value) VALUES (1295, 648, 1, 2275.5, 372.90805);
INSERT INTO t_vat_revenue (vtr_id, drv_id, vat_id, vtr_amount, vtr_value) VALUES (1296, 648, 2, 0, 0);
INSERT INTO t_day_revenue (drv_id, drv_revenue_date, drv_print_date, drv_closing_date, drv_cash, drv_ticket, drv_cheque, drv_card, drv_unpaid, drv_amount, drv_takeaway) VALUES (649, TO_DATE('25/05/2003', 'dd/MM/yyyy'), TO_DATE('30/05/2003', 'dd/MM/yyyy'), TO_DATE('30/05/2003', 'dd/MM/yyyy'), 0.0, 78.5, 0.0, 52.0, 0.0, 130.5, true);
INSERT INTO t_vat_revenue (vtr_id, drv_id, vat_id, vtr_amount, vtr_value) VALUES (1297, 649, 1, 0, 0);
INSERT INTO t_vat_revenue (vtr_id, drv_id, vat_id, vtr_amount, vtr_value) VALUES (1298, 649, 2, 130.5, 6.8033175);
INSERT INTO t_day_revenue (drv_id, drv_revenue_date, drv_print_date, drv_closing_date, drv_cash, drv_ticket, drv_cheque, drv_card, drv_unpaid, drv_amount, drv_takeaway) VALUES (650, TO_DATE('25/05/2003', 'dd/MM/yyyy'), TO_DATE('30/05/2003', 'dd/MM/yyyy'), TO_DATE('30/05/2003', 'dd/MM/yyyy'), 0.5, 0.0, 1194.0, 1483.5, 0.0, 2678.0, false);
INSERT INTO t_vat_revenue (vtr_id, drv_id, vat_id, vtr_amount, vtr_value) VALUES (1299, 650, 1, 2678.0, 438.86957);
INSERT INTO t_vat_revenue (vtr_id, drv_id, vat_id, vtr_amount, vtr_value) VALUES (1300, 650, 2, 0, 0);
INSERT INTO t_day_revenue (drv_id, drv_revenue_date, drv_print_date, drv_closing_date, drv_cash, drv_ticket, drv_cheque, drv_card, drv_unpaid, drv_amount, drv_takeaway) VALUES (651, TO_DATE('26/05/2003', 'dd/MM/yyyy'), TO_DATE('30/05/2003', 'dd/MM/yyyy'), TO_DATE('30/05/2003', 'dd/MM/yyyy'), 0.0, 0.0, 0.0, 42.5, 0.0, 42.5, true);
INSERT INTO t_vat_revenue (vtr_id, drv_id, vat_id, vtr_amount, vtr_value) VALUES (1301, 651, 1, 0, 0);
INSERT INTO t_vat_revenue (vtr_id, drv_id, vat_id, vtr_amount, vtr_value) VALUES (1302, 651, 2, 42.5, 2.2156398);
INSERT INTO t_day_revenue (drv_id, drv_revenue_date, drv_print_date, drv_closing_date, drv_cash, drv_ticket, drv_cheque, drv_card, drv_unpaid, drv_amount, drv_takeaway) VALUES (652, TO_DATE('26/05/2003', 'dd/MM/yyyy'), TO_DATE('30/05/2003', 'dd/MM/yyyy'), TO_DATE('30/05/2003', 'dd/MM/yyyy'), -1.0, 11.5, 269.5, 195.5, 0.0, 475.5, false);
INSERT INTO t_vat_revenue (vtr_id, drv_id, vat_id, vtr_amount, vtr_value) VALUES (1303, 652, 1, 475.5, 77.92475);
INSERT INTO t_vat_revenue (vtr_id, drv_id, vat_id, vtr_amount, vtr_value) VALUES (1304, 652, 2, 0, 0);
INSERT INTO t_day_revenue (drv_id, drv_revenue_date, drv_print_date, drv_closing_date, drv_cash, drv_ticket, drv_cheque, drv_card, drv_unpaid, drv_amount, drv_takeaway) VALUES (653, TO_DATE('27/05/2003', 'dd/MM/yyyy'), TO_DATE('30/05/2003', 'dd/MM/yyyy'), TO_DATE('30/05/2003', 'dd/MM/yyyy'), 0.0, 0.0, 161.5, 138.0, 0.0, 299.5, true);
INSERT INTO t_vat_revenue (vtr_id, drv_id, vat_id, vtr_amount, vtr_value) VALUES (1305, 653, 1, 0, 0);
INSERT INTO t_vat_revenue (vtr_id, drv_id, vat_id, vtr_amount, vtr_value) VALUES (1306, 653, 2, 299.5, 15.613744);
INSERT INTO t_day_revenue (drv_id, drv_revenue_date, drv_print_date, drv_closing_date, drv_cash, drv_ticket, drv_cheque, drv_card, drv_unpaid, drv_amount, drv_takeaway) VALUES (654, TO_DATE('27/05/2003', 'dd/MM/yyyy'), TO_DATE('30/05/2003', 'dd/MM/yyyy'), TO_DATE('30/05/2003', 'dd/MM/yyyy'), 0.0, 0.0, 117.5, 599.0, 0.0, 716.5, false);
INSERT INTO t_vat_revenue (vtr_id, drv_id, vat_id, vtr_amount, vtr_value) VALUES (1307, 654, 1, 716.5, 117.41974);
INSERT INTO t_vat_revenue (vtr_id, drv_id, vat_id, vtr_amount, vtr_value) VALUES (1308, 654, 2, 0, 0);
INSERT INTO t_day_revenue (drv_id, drv_revenue_date, drv_print_date, drv_closing_date, drv_cash, drv_ticket, drv_cheque, drv_card, drv_unpaid, drv_amount, drv_takeaway) VALUES (655, TO_DATE('28/05/2003', 'dd/MM/yyyy'), TO_DATE('30/05/2003', 'dd/MM/yyyy'), TO_DATE('30/05/2003', 'dd/MM/yyyy'), 0.0, 0.0, 38.5, 281.5, 0.0, 320.0, true);
INSERT INTO t_vat_revenue (vtr_id, drv_id, vat_id, vtr_amount, vtr_value) VALUES (1309, 655, 1, 0, 0);
INSERT INTO t_vat_revenue (vtr_id, drv_id, vat_id, vtr_amount, vtr_value) VALUES (1310, 655, 2, 320.0, 16.682465);
INSERT INTO t_day_revenue (drv_id, drv_revenue_date, drv_print_date, drv_closing_date, drv_cash, drv_ticket, drv_cheque, drv_card, drv_unpaid, drv_amount, drv_takeaway) VALUES (656, TO_DATE('28/05/2003', 'dd/MM/yyyy'), TO_DATE('30/05/2003', 'dd/MM/yyyy'), TO_DATE('30/05/2003', 'dd/MM/yyyy'), 11.5, 0.0, 238.5, 168.0, 0.0, 418.0, false);
INSERT INTO t_vat_revenue (vtr_id, drv_id, vat_id, vtr_amount, vtr_value) VALUES (1311, 656, 1, 418.0, 68.50167);
INSERT INTO t_vat_revenue (vtr_id, drv_id, vat_id, vtr_amount, vtr_value) VALUES (1312, 656, 2, 0, 0);
INSERT INTO t_day_revenue (drv_id, drv_revenue_date, drv_print_date, drv_closing_date, drv_cash, drv_ticket, drv_cheque, drv_card, drv_unpaid, drv_amount, drv_takeaway) VALUES (657, TO_DATE('29/05/2003', 'dd/MM/yyyy'), TO_DATE('30/05/2003', 'dd/MM/yyyy'), TO_DATE('30/05/2003', 'dd/MM/yyyy'), 0.0, 0.0, 0.0, 38.0, 0.0, 38.0, true);
INSERT INTO t_vat_revenue (vtr_id, drv_id, vat_id, vtr_amount, vtr_value) VALUES (1313, 657, 1, 0, 0);
INSERT INTO t_vat_revenue (vtr_id, drv_id, vat_id, vtr_amount, vtr_value) VALUES (1314, 657, 2, 38.0, 1.9810426);
INSERT INTO t_day_revenue (drv_id, drv_revenue_date, drv_print_date, drv_closing_date, drv_cash, drv_ticket, drv_cheque, drv_card, drv_unpaid, drv_amount, drv_takeaway) VALUES (658, TO_DATE('29/05/2003', 'dd/MM/yyyy'), TO_DATE('30/05/2003', 'dd/MM/yyyy'), TO_DATE('30/05/2003', 'dd/MM/yyyy'), 0.0, 21.0, 37.5, 759.5, 0.0, 818.0, false);
INSERT INTO t_vat_revenue (vtr_id, drv_id, vat_id, vtr_amount, vtr_value) VALUES (1315, 658, 1, 818.0, 134.05351);
INSERT INTO t_vat_revenue (vtr_id, drv_id, vat_id, vtr_amount, vtr_value) VALUES (1316, 658, 2, 0, 0);
INSERT INTO t_day_revenue (drv_id, drv_revenue_date, drv_print_date, drv_closing_date, drv_cash, drv_ticket, drv_cheque, drv_card, drv_unpaid, drv_amount, drv_takeaway) VALUES (659, TO_DATE('30/05/2003', 'dd/MM/yyyy'), TO_DATE('03/06/2003', 'dd/MM/yyyy'), TO_DATE('03/06/2003', 'dd/MM/yyyy'), 0.0, 0.0, 53.5, 94.5, 0.0, 148.0, true);
INSERT INTO t_vat_revenue (vtr_id, drv_id, vat_id, vtr_amount, vtr_value) VALUES (1317, 659, 1, 0, 0);
INSERT INTO t_vat_revenue (vtr_id, drv_id, vat_id, vtr_amount, vtr_value) VALUES (1318, 659, 2, 148.0, 7.7156396);
INSERT INTO t_day_revenue (drv_id, drv_revenue_date, drv_print_date, drv_closing_date, drv_cash, drv_ticket, drv_cheque, drv_card, drv_unpaid, drv_amount, drv_takeaway) VALUES (660, TO_DATE('30/05/2003', 'dd/MM/yyyy'), TO_DATE('03/06/2003', 'dd/MM/yyyy'), TO_DATE('03/06/2003', 'dd/MM/yyyy'), 122.0, 0.0, 73.0, 861.0, 0.0, 1056.0, false);
INSERT INTO t_vat_revenue (vtr_id, drv_id, vat_id, vtr_amount, vtr_value) VALUES (1319, 660, 1, 1056.0, 173.05685);
INSERT INTO t_vat_revenue (vtr_id, drv_id, vat_id, vtr_amount, vtr_value) VALUES (1320, 660, 2, 0, 0);
INSERT INTO t_day_revenue (drv_id, drv_revenue_date, drv_print_date, drv_closing_date, drv_cash, drv_ticket, drv_cheque, drv_card, drv_unpaid, drv_amount, drv_takeaway) VALUES (661, TO_DATE('31/05/2003', 'dd/MM/yyyy'), TO_DATE('03/06/2003', 'dd/MM/yyyy'), TO_DATE('03/06/2003', 'dd/MM/yyyy'), 0.0, 0.0, 0.0, 99.5, 0.0, 99.5, true);
INSERT INTO t_vat_revenue (vtr_id, drv_id, vat_id, vtr_amount, vtr_value) VALUES (1321, 661, 1, 0, 0);
INSERT INTO t_vat_revenue (vtr_id, drv_id, vat_id, vtr_amount, vtr_value) VALUES (1322, 661, 2, 99.5, 5.187204);
INSERT INTO t_day_revenue (drv_id, drv_revenue_date, drv_print_date, drv_closing_date, drv_cash, drv_ticket, drv_cheque, drv_card, drv_unpaid, drv_amount, drv_takeaway) VALUES (662, TO_DATE('31/05/2003', 'dd/MM/yyyy'), TO_DATE('03/06/2003', 'dd/MM/yyyy'), TO_DATE('03/06/2003', 'dd/MM/yyyy'), 27.3, 73.2, 390.5, 560.5, 0.0, 1051.5, false);
INSERT INTO t_vat_revenue (vtr_id, drv_id, vat_id, vtr_amount, vtr_value) VALUES (1323, 662, 1, 1051.5, 172.3194);
INSERT INTO t_vat_revenue (vtr_id, drv_id, vat_id, vtr_amount, vtr_value) VALUES (1324, 662, 2, 0, 0);
INSERT INTO t_day_revenue (drv_id, drv_revenue_date, drv_print_date, drv_closing_date, drv_cash, drv_ticket, drv_cheque, drv_card, drv_unpaid, drv_amount, drv_takeaway) VALUES (663, TO_DATE('01/06/2003', 'dd/MM/yyyy'), TO_DATE('03/06/2003', 'dd/MM/yyyy'), TO_DATE('07/07/2003', 'dd/MM/yyyy'), 0.0, 0.0, 0.0, 20.5, 0.0, 20.5, true);
INSERT INTO t_vat_revenue (vtr_id, drv_id, vat_id, vtr_amount, vtr_value) VALUES (1325, 663, 1, 0, 0);
INSERT INTO t_vat_revenue (vtr_id, drv_id, vat_id, vtr_amount, vtr_value) VALUES (1326, 663, 2, 20.5, 1.0687203);
INSERT INTO t_day_revenue (drv_id, drv_revenue_date, drv_print_date, drv_closing_date, drv_cash, drv_ticket, drv_cheque, drv_card, drv_unpaid, drv_amount, drv_takeaway) VALUES (664, TO_DATE('01/06/2003', 'dd/MM/yyyy'), TO_DATE('03/06/2003', 'dd/MM/yyyy'), TO_DATE('07/07/2003', 'dd/MM/yyyy'), 13.5, 27.3, 406.0, 390.7, 0.0, 837.5, false);
INSERT INTO t_vat_revenue (vtr_id, drv_id, vat_id, vtr_amount, vtr_value) VALUES (1327, 664, 1, 837.5, 137.24916);
INSERT INTO t_vat_revenue (vtr_id, drv_id, vat_id, vtr_amount, vtr_value) VALUES (1328, 664, 2, 0, 0);
INSERT INTO t_day_revenue (drv_id, drv_revenue_date, drv_print_date, drv_closing_date, drv_cash, drv_ticket, drv_cheque, drv_card, drv_unpaid, drv_amount, drv_takeaway) VALUES (665, TO_DATE('02/06/2003', 'dd/MM/yyyy'), TO_DATE('03/06/2003', 'dd/MM/yyyy'), TO_DATE('03/06/2003', 'dd/MM/yyyy'), 0.0, 0.0, 59.0, 0.0, 0.0, 59.0, true);
INSERT INTO t_vat_revenue (vtr_id, drv_id, vat_id, vtr_amount, vtr_value) VALUES (1329, 665, 1, 0, 0);
INSERT INTO t_vat_revenue (vtr_id, drv_id, vat_id, vtr_amount, vtr_value) VALUES (1330, 665, 2, 59.0, 3.0758293);
INSERT INTO t_day_revenue (drv_id, drv_revenue_date, drv_print_date, drv_closing_date, drv_cash, drv_ticket, drv_cheque, drv_card, drv_unpaid, drv_amount, drv_takeaway) VALUES (666, TO_DATE('02/06/2003', 'dd/MM/yyyy'), TO_DATE('03/06/2003', 'dd/MM/yyyy'), TO_DATE('03/06/2003', 'dd/MM/yyyy'), 14.8, 28.7, 153.0, 786.0, 0.0, 982.5, false);
INSERT INTO t_vat_revenue (vtr_id, drv_id, vat_id, vtr_amount, vtr_value) VALUES (1331, 666, 1, 982.5, 161.0117);
INSERT INTO t_vat_revenue (vtr_id, drv_id, vat_id, vtr_amount, vtr_value) VALUES (1332, 666, 2, 0, 0);
INSERT INTO t_day_revenue (drv_id, drv_revenue_date, drv_print_date, drv_closing_date, drv_cash, drv_ticket, drv_cheque, drv_card, drv_unpaid, drv_amount, drv_takeaway) VALUES (667, TO_DATE('03/06/2003', 'dd/MM/yyyy'), TO_DATE('05/06/2003', 'dd/MM/yyyy'), TO_DATE('05/06/2003', 'dd/MM/yyyy'), 0.0, 0.0, 89.0, 108.0, 0.0, 197.0, true);
INSERT INTO t_vat_revenue (vtr_id, drv_id, vat_id, vtr_amount, vtr_value) VALUES (1333, 667, 1, 0, 0);
INSERT INTO t_vat_revenue (vtr_id, drv_id, vat_id, vtr_amount, vtr_value) VALUES (1334, 667, 2, 197.0, 10.270143);
INSERT INTO t_day_revenue (drv_id, drv_revenue_date, drv_print_date, drv_closing_date, drv_cash, drv_ticket, drv_cheque, drv_card, drv_unpaid, drv_amount, drv_takeaway) VALUES (668, TO_DATE('03/06/2003', 'dd/MM/yyyy'), TO_DATE('05/06/2003', 'dd/MM/yyyy'), TO_DATE('05/06/2003', 'dd/MM/yyyy'), 11.0, 17.0, 197.5, 471.0, 0.0, 696.5, false);
INSERT INTO t_vat_revenue (vtr_id, drv_id, vat_id, vtr_amount, vtr_value) VALUES (1335, 668, 1, 696.5, 114.14214);
INSERT INTO t_vat_revenue (vtr_id, drv_id, vat_id, vtr_amount, vtr_value) VALUES (1336, 668, 2, 0, 0);
INSERT INTO t_day_revenue (drv_id, drv_revenue_date, drv_print_date, drv_closing_date, drv_cash, drv_ticket, drv_cheque, drv_card, drv_unpaid, drv_amount, drv_takeaway) VALUES (669, TO_DATE('04/06/2003', 'dd/MM/yyyy'), TO_DATE('05/06/2003', 'dd/MM/yyyy'), TO_DATE('05/06/2003', 'dd/MM/yyyy'), 0.0, 0.0, 35.0, 142.0, 0.0, 177.0, true);
INSERT INTO t_vat_revenue (vtr_id, drv_id, vat_id, vtr_amount, vtr_value) VALUES (1337, 669, 1, 0, 0);
INSERT INTO t_vat_revenue (vtr_id, drv_id, vat_id, vtr_amount, vtr_value) VALUES (1338, 669, 2, 177.0, 9.2274885);
INSERT INTO t_day_revenue (drv_id, drv_revenue_date, drv_print_date, drv_closing_date, drv_cash, drv_ticket, drv_cheque, drv_card, drv_unpaid, drv_amount, drv_takeaway) VALUES (670, TO_DATE('04/06/2003', 'dd/MM/yyyy'), TO_DATE('05/06/2003', 'dd/MM/yyyy'), TO_DATE('05/06/2003', 'dd/MM/yyyy'), 10.0, 14.7, 56.5, 233.8, 0.0, 315.0, false);
INSERT INTO t_vat_revenue (vtr_id, drv_id, vat_id, vtr_amount, vtr_value) VALUES (1339, 670, 1, 315.0, 51.622074);
INSERT INTO t_vat_revenue (vtr_id, drv_id, vat_id, vtr_amount, vtr_value) VALUES (1340, 670, 2, 0, 0);
INSERT INTO t_day_revenue (drv_id, drv_revenue_date, drv_print_date, drv_closing_date, drv_cash, drv_ticket, drv_cheque, drv_card, drv_unpaid, drv_amount, drv_takeaway) VALUES (671, TO_DATE('05/06/2003', 'dd/MM/yyyy'), TO_DATE('13/06/2003', 'dd/MM/yyyy'), TO_DATE('13/06/2003', 'dd/MM/yyyy'), 0.0, 0.0, 51.5, 24.5, 0.0, 76.0, true);
INSERT INTO t_vat_revenue (vtr_id, drv_id, vat_id, vtr_amount, vtr_value) VALUES (1341, 671, 1, 0, 0);
INSERT INTO t_vat_revenue (vtr_id, drv_id, vat_id, vtr_amount, vtr_value) VALUES (1342, 671, 2, 76.0, 3.9620852);
INSERT INTO t_day_revenue (drv_id, drv_revenue_date, drv_print_date, drv_closing_date, drv_cash, drv_ticket, drv_cheque, drv_card, drv_unpaid, drv_amount, drv_takeaway) VALUES (672, TO_DATE('05/06/2003', 'dd/MM/yyyy'), TO_DATE('13/06/2003', 'dd/MM/yyyy'), TO_DATE('13/06/2003', 'dd/MM/yyyy'), 100.5, 13.5, 382.5, 272.0, 0.0, 768.5, false);
INSERT INTO t_vat_revenue (vtr_id, drv_id, vat_id, vtr_amount, vtr_value) VALUES (1343, 672, 1, 768.5, 125.941475);
INSERT INTO t_vat_revenue (vtr_id, drv_id, vat_id, vtr_amount, vtr_value) VALUES (1344, 672, 2, 0, 0);
INSERT INTO t_day_revenue (drv_id, drv_revenue_date, drv_print_date, drv_closing_date, drv_cash, drv_ticket, drv_cheque, drv_card, drv_unpaid, drv_amount, drv_takeaway) VALUES (673, TO_DATE('06/06/2003', 'dd/MM/yyyy'), TO_DATE('13/06/2003', 'dd/MM/yyyy'), TO_DATE('13/06/2003', 'dd/MM/yyyy'), 0.0, 0.0, 0.0, 43.5, 0.0, 43.5, true);
INSERT INTO t_vat_revenue (vtr_id, drv_id, vat_id, vtr_amount, vtr_value) VALUES (1345, 673, 1, 0, 0);
INSERT INTO t_vat_revenue (vtr_id, drv_id, vat_id, vtr_amount, vtr_value) VALUES (1346, 673, 2, 43.5, 2.2677724);
INSERT INTO t_day_revenue (drv_id, drv_revenue_date, drv_print_date, drv_closing_date, drv_cash, drv_ticket, drv_cheque, drv_card, drv_unpaid, drv_amount, drv_takeaway) VALUES (674, TO_DATE('06/06/2003', 'dd/MM/yyyy'), TO_DATE('13/06/2003', 'dd/MM/yyyy'), TO_DATE('13/06/2003', 'dd/MM/yyyy'), 30.0, 24.5, 278.0, 1120.5, 0.0, 1453.0, false);
INSERT INTO t_vat_revenue (vtr_id, drv_id, vat_id, vtr_amount, vtr_value) VALUES (1347, 674, 1, 1453.0, 238.11707);
INSERT INTO t_vat_revenue (vtr_id, drv_id, vat_id, vtr_amount, vtr_value) VALUES (1348, 674, 2, 0, 0);
INSERT INTO t_day_revenue (drv_id, drv_revenue_date, drv_print_date, drv_closing_date, drv_cash, drv_ticket, drv_cheque, drv_card, drv_unpaid, drv_amount, drv_takeaway) VALUES (675, TO_DATE('07/06/2003', 'dd/MM/yyyy'), TO_DATE('13/06/2003', 'dd/MM/yyyy'), TO_DATE('13/06/2003', 'dd/MM/yyyy'), 0.0, 0.0, 0.0, 0.0, 0.0, 0.0, true);
INSERT INTO t_vat_revenue (vtr_id, drv_id, vat_id, vtr_amount, vtr_value) VALUES (1349, 675, 1, 0, 0);
INSERT INTO t_vat_revenue (vtr_id, drv_id, vat_id, vtr_amount, vtr_value) VALUES (1350, 675, 2, 0.0, 0.0);
INSERT INTO t_day_revenue (drv_id, drv_revenue_date, drv_print_date, drv_closing_date, drv_cash, drv_ticket, drv_cheque, drv_card, drv_unpaid, drv_amount, drv_takeaway) VALUES (676, TO_DATE('07/06/2003', 'dd/MM/yyyy'), TO_DATE('13/06/2003', 'dd/MM/yyyy'), TO_DATE('13/06/2003', 'dd/MM/yyyy'), 0.0, 20.0, 200.5, 773.0, 0.0, 993.5, false);
INSERT INTO t_vat_revenue (vtr_id, drv_id, vat_id, vtr_amount, vtr_value) VALUES (1351, 676, 1, 993.5, 162.81438);
INSERT INTO t_vat_revenue (vtr_id, drv_id, vat_id, vtr_amount, vtr_value) VALUES (1352, 676, 2, 0, 0);
INSERT INTO t_day_revenue (drv_id, drv_revenue_date, drv_print_date, drv_closing_date, drv_cash, drv_ticket, drv_cheque, drv_card, drv_unpaid, drv_amount, drv_takeaway) VALUES (677, TO_DATE('08/06/2003', 'dd/MM/yyyy'), TO_DATE('13/06/2003', 'dd/MM/yyyy'), TO_DATE('13/06/2003', 'dd/MM/yyyy'), 0.0, 0.0, 0.0, 0.0, 0.0, 0.0, true);
INSERT INTO t_vat_revenue (vtr_id, drv_id, vat_id, vtr_amount, vtr_value) VALUES (1353, 677, 1, 0, 0);
INSERT INTO t_vat_revenue (vtr_id, drv_id, vat_id, vtr_amount, vtr_value) VALUES (1354, 677, 2, 0.0, 0.0);
INSERT INTO t_day_revenue (drv_id, drv_revenue_date, drv_print_date, drv_closing_date, drv_cash, drv_ticket, drv_cheque, drv_card, drv_unpaid, drv_amount, drv_takeaway) VALUES (678, TO_DATE('08/06/2003', 'dd/MM/yyyy'), TO_DATE('13/06/2003', 'dd/MM/yyyy'), TO_DATE('13/06/2003', 'dd/MM/yyyy'), 7.2, 48.78, 279.5, 782.52, 0.0, 1118.0, false);
INSERT INTO t_vat_revenue (vtr_id, drv_id, vat_id, vtr_amount, vtr_value) VALUES (1355, 678, 1, 1118.0, 183.2174);
INSERT INTO t_vat_revenue (vtr_id, drv_id, vat_id, vtr_amount, vtr_value) VALUES (1356, 678, 2, 0, 0);
INSERT INTO t_day_revenue (drv_id, drv_revenue_date, drv_print_date, drv_closing_date, drv_cash, drv_ticket, drv_cheque, drv_card, drv_unpaid, drv_amount, drv_takeaway) VALUES (679, TO_DATE('09/06/2003', 'dd/MM/yyyy'), TO_DATE('13/06/2003', 'dd/MM/yyyy'), TO_DATE('13/06/2003', 'dd/MM/yyyy'), 0.0, 0.0, 0.0, 97.5, 0.0, 97.5, true);
INSERT INTO t_vat_revenue (vtr_id, drv_id, vat_id, vtr_amount, vtr_value) VALUES (1357, 679, 1, 0, 0);
INSERT INTO t_vat_revenue (vtr_id, drv_id, vat_id, vtr_amount, vtr_value) VALUES (1358, 679, 2, 97.5, 5.082938);
INSERT INTO t_day_revenue (drv_id, drv_revenue_date, drv_print_date, drv_closing_date, drv_cash, drv_ticket, drv_cheque, drv_card, drv_unpaid, drv_amount, drv_takeaway) VALUES (680, TO_DATE('09/06/2003', 'dd/MM/yyyy'), TO_DATE('13/06/2003', 'dd/MM/yyyy'), TO_DATE('13/06/2003', 'dd/MM/yyyy'), 0.0, 0.0, 85.5, 777.0, 0.0, 862.5, false);
INSERT INTO t_vat_revenue (vtr_id, drv_id, vat_id, vtr_amount, vtr_value) VALUES (1359, 680, 1, 862.5, 141.34616);
INSERT INTO t_vat_revenue (vtr_id, drv_id, vat_id, vtr_amount, vtr_value) VALUES (1360, 680, 2, 0, 0);
INSERT INTO t_day_revenue (drv_id, drv_revenue_date, drv_print_date, drv_closing_date, drv_cash, drv_ticket, drv_cheque, drv_card, drv_unpaid, drv_amount, drv_takeaway) VALUES (681, TO_DATE('10/06/2003', 'dd/MM/yyyy'), TO_DATE('13/06/2003', 'dd/MM/yyyy'), TO_DATE('13/06/2003', 'dd/MM/yyyy'), 0.0, 0.0, 0.0, 15.5, 0.0, 15.5, true);
INSERT INTO t_vat_revenue (vtr_id, drv_id, vat_id, vtr_amount, vtr_value) VALUES (1361, 681, 1, 0, 0);
INSERT INTO t_vat_revenue (vtr_id, drv_id, vat_id, vtr_amount, vtr_value) VALUES (1362, 681, 2, 15.5, 0.8080569);
INSERT INTO t_day_revenue (drv_id, drv_revenue_date, drv_print_date, drv_closing_date, drv_cash, drv_ticket, drv_cheque, drv_card, drv_unpaid, drv_amount, drv_takeaway) VALUES (682, TO_DATE('10/06/2003', 'dd/MM/yyyy'), TO_DATE('13/06/2003', 'dd/MM/yyyy'), TO_DATE('13/06/2003', 'dd/MM/yyyy'), 4.5, 25.25, 223.25, 569.0, 0.0, 822.0, false);
INSERT INTO t_vat_revenue (vtr_id, drv_id, vat_id, vtr_amount, vtr_value) VALUES (1363, 682, 1, 822.0, 134.70903);
INSERT INTO t_vat_revenue (vtr_id, drv_id, vat_id, vtr_amount, vtr_value) VALUES (1364, 682, 2, 0, 0);
INSERT INTO t_day_revenue (drv_id, drv_revenue_date, drv_print_date, drv_closing_date, drv_cash, drv_ticket, drv_cheque, drv_card, drv_unpaid, drv_amount, drv_takeaway) VALUES (683, TO_DATE('11/06/2003', 'dd/MM/yyyy'), TO_DATE('13/06/2003', 'dd/MM/yyyy'), TO_DATE('13/06/2003', 'dd/MM/yyyy'), 0.0, 0.0, 0.0, 201.0, 0.0, 201.0, true);
INSERT INTO t_vat_revenue (vtr_id, drv_id, vat_id, vtr_amount, vtr_value) VALUES (1365, 683, 1, 0, 0);
INSERT INTO t_vat_revenue (vtr_id, drv_id, vat_id, vtr_amount, vtr_value) VALUES (1366, 683, 2, 201.0, 10.478673);
INSERT INTO t_day_revenue (drv_id, drv_revenue_date, drv_print_date, drv_closing_date, drv_cash, drv_ticket, drv_cheque, drv_card, drv_unpaid, drv_amount, drv_takeaway) VALUES (684, TO_DATE('11/06/2003', 'dd/MM/yyyy'), TO_DATE('13/06/2003', 'dd/MM/yyyy'), TO_DATE('13/06/2003', 'dd/MM/yyyy'), 16.8, 9.2, 109.5, 436.0, 0.0, 571.5, false);
INSERT INTO t_vat_revenue (vtr_id, drv_id, vat_id, vtr_amount, vtr_value) VALUES (1367, 684, 1, 571.5, 93.657196);
INSERT INTO t_vat_revenue (vtr_id, drv_id, vat_id, vtr_amount, vtr_value) VALUES (1368, 684, 2, 0, 0);
INSERT INTO t_day_revenue (drv_id, drv_revenue_date, drv_print_date, drv_closing_date, drv_cash, drv_ticket, drv_cheque, drv_card, drv_unpaid, drv_amount, drv_takeaway) VALUES (685, TO_DATE('12/06/2003', 'dd/MM/yyyy'), TO_DATE('13/06/2003', 'dd/MM/yyyy'), TO_DATE('13/06/2003', 'dd/MM/yyyy'), 28.0, 0.0, 66.5, 0.0, 0.0, 94.5, true);
INSERT INTO t_vat_revenue (vtr_id, drv_id, vat_id, vtr_amount, vtr_value) VALUES (1369, 685, 1, 0, 0);
INSERT INTO t_vat_revenue (vtr_id, drv_id, vat_id, vtr_amount, vtr_value) VALUES (1370, 685, 2, 94.5, 4.9265404);
INSERT INTO t_day_revenue (drv_id, drv_revenue_date, drv_print_date, drv_closing_date, drv_cash, drv_ticket, drv_cheque, drv_card, drv_unpaid, drv_amount, drv_takeaway) VALUES (686, TO_DATE('12/06/2003', 'dd/MM/yyyy'), TO_DATE('13/06/2003', 'dd/MM/yyyy'), TO_DATE('13/06/2003', 'dd/MM/yyyy'), 0.0, 35.0, 598.0, 1025.0, 0.0, 1658.0, false);
INSERT INTO t_vat_revenue (vtr_id, drv_id, vat_id, vtr_amount, vtr_value) VALUES (1371, 686, 1, 1658.0, 271.71237);
INSERT INTO t_vat_revenue (vtr_id, drv_id, vat_id, vtr_amount, vtr_value) VALUES (1372, 686, 2, 0, 0);
INSERT INTO t_day_revenue (drv_id, drv_revenue_date, drv_print_date, drv_closing_date, drv_cash, drv_ticket, drv_cheque, drv_card, drv_unpaid, drv_amount, drv_takeaway) VALUES (687, TO_DATE('13/06/2003', 'dd/MM/yyyy'), TO_DATE('19/06/2003', 'dd/MM/yyyy'), TO_DATE('19/06/2003', 'dd/MM/yyyy'), 0.0, 0.0, 17.5, 115.5, 0.0, 133.0, true);
INSERT INTO t_vat_revenue (vtr_id, drv_id, vat_id, vtr_amount, vtr_value) VALUES (1373, 687, 1, 0, 0);
INSERT INTO t_vat_revenue (vtr_id, drv_id, vat_id, vtr_amount, vtr_value) VALUES (1374, 687, 2, 133.0, 6.933649);
INSERT INTO t_day_revenue (drv_id, drv_revenue_date, drv_print_date, drv_closing_date, drv_cash, drv_ticket, drv_cheque, drv_card, drv_unpaid, drv_amount, drv_takeaway) VALUES (688, TO_DATE('13/06/2003', 'dd/MM/yyyy'), TO_DATE('19/06/2003', 'dd/MM/yyyy'), TO_DATE('19/06/2003', 'dd/MM/yyyy'), 16.0, 8.0, 403.5, 652.5, 0.0, 1080.0, false);
INSERT INTO t_vat_revenue (vtr_id, drv_id, vat_id, vtr_amount, vtr_value) VALUES (1375, 688, 1, 1080.0, 176.98997);
INSERT INTO t_vat_revenue (vtr_id, drv_id, vat_id, vtr_amount, vtr_value) VALUES (1376, 688, 2, 0, 0);
INSERT INTO t_day_revenue (drv_id, drv_revenue_date, drv_print_date, drv_closing_date, drv_cash, drv_ticket, drv_cheque, drv_card, drv_unpaid, drv_amount, drv_takeaway) VALUES (689, TO_DATE('14/06/2003', 'dd/MM/yyyy'), TO_DATE('19/06/2003', 'dd/MM/yyyy'), TO_DATE('19/06/2003', 'dd/MM/yyyy'), 0.0, 0.0, 0.0, 70.0, 0.0, 70.0, true);
INSERT INTO t_vat_revenue (vtr_id, drv_id, vat_id, vtr_amount, vtr_value) VALUES (1377, 689, 1, 0, 0);
INSERT INTO t_vat_revenue (vtr_id, drv_id, vat_id, vtr_amount, vtr_value) VALUES (1378, 689, 2, 70.0, 3.6492891);
INSERT INTO t_day_revenue (drv_id, drv_revenue_date, drv_print_date, drv_closing_date, drv_cash, drv_ticket, drv_cheque, drv_card, drv_unpaid, drv_amount, drv_takeaway) VALUES (690, TO_DATE('14/06/2003', 'dd/MM/yyyy'), TO_DATE('19/06/2003', 'dd/MM/yyyy'), TO_DATE('19/06/2003', 'dd/MM/yyyy'), 10.5, 48.5, 539.3, 1205.7, 0.0, 1804.0, false);
INSERT INTO t_vat_revenue (vtr_id, drv_id, vat_id, vtr_amount, vtr_value) VALUES (1379, 690, 1, 1804.0, 295.63882);
INSERT INTO t_vat_revenue (vtr_id, drv_id, vat_id, vtr_amount, vtr_value) VALUES (1380, 690, 2, 0, 0);
INSERT INTO t_day_revenue (drv_id, drv_revenue_date, drv_print_date, drv_closing_date, drv_cash, drv_ticket, drv_cheque, drv_card, drv_unpaid, drv_amount, drv_takeaway) VALUES (691, TO_DATE('15/06/2003', 'dd/MM/yyyy'), TO_DATE('19/06/2003', 'dd/MM/yyyy'), TO_DATE('19/06/2003', 'dd/MM/yyyy'), 0.0, 0.0, 0.0, 0.0, 0.0, 0.0, true);
INSERT INTO t_vat_revenue (vtr_id, drv_id, vat_id, vtr_amount, vtr_value) VALUES (1381, 691, 1, 0, 0);
INSERT INTO t_vat_revenue (vtr_id, drv_id, vat_id, vtr_amount, vtr_value) VALUES (1382, 691, 2, 0.0, 0.0);
INSERT INTO t_day_revenue (drv_id, drv_revenue_date, drv_print_date, drv_closing_date, drv_cash, drv_ticket, drv_cheque, drv_card, drv_unpaid, drv_amount, drv_takeaway) VALUES (692, TO_DATE('15/06/2003', 'dd/MM/yyyy'), TO_DATE('19/06/2003', 'dd/MM/yyyy'), TO_DATE('19/06/2003', 'dd/MM/yyyy'), 21.5, 78.5, 1123.5, 811.5, 0.0, 2035.0, false);
INSERT INTO t_vat_revenue (vtr_id, drv_id, vat_id, vtr_amount, vtr_value) VALUES (1383, 692, 1, 2035.0, 333.495);
INSERT INTO t_vat_revenue (vtr_id, drv_id, vat_id, vtr_amount, vtr_value) VALUES (1384, 692, 2, 0, 0);
INSERT INTO t_day_revenue (drv_id, drv_revenue_date, drv_print_date, drv_closing_date, drv_cash, drv_ticket, drv_cheque, drv_card, drv_unpaid, drv_amount, drv_takeaway) VALUES (693, TO_DATE('16/06/2003', 'dd/MM/yyyy'), TO_DATE('19/06/2003', 'dd/MM/yyyy'), TO_DATE('19/06/2003', 'dd/MM/yyyy'), 0.0, 0.0, 0.0, 0.0, 0.0, 0.0, true);
INSERT INTO t_vat_revenue (vtr_id, drv_id, vat_id, vtr_amount, vtr_value) VALUES (1385, 693, 1, 0, 0);
INSERT INTO t_vat_revenue (vtr_id, drv_id, vat_id, vtr_amount, vtr_value) VALUES (1386, 693, 2, 0.0, 0.0);
INSERT INTO t_day_revenue (drv_id, drv_revenue_date, drv_print_date, drv_closing_date, drv_cash, drv_ticket, drv_cheque, drv_card, drv_unpaid, drv_amount, drv_takeaway) VALUES (694, TO_DATE('16/06/2003', 'dd/MM/yyyy'), TO_DATE('19/06/2003', 'dd/MM/yyyy'), TO_DATE('19/06/2003', 'dd/MM/yyyy'), 18.75, 0.0, 151.25, 29.5, 0.0, 199.5, false);
INSERT INTO t_vat_revenue (vtr_id, drv_id, vat_id, vtr_amount, vtr_value) VALUES (1387, 694, 1, 199.5, 32.69398);
INSERT INTO t_vat_revenue (vtr_id, drv_id, vat_id, vtr_amount, vtr_value) VALUES (1388, 694, 2, 0, 0);
INSERT INTO t_day_revenue (drv_id, drv_revenue_date, drv_print_date, drv_closing_date, drv_cash, drv_ticket, drv_cheque, drv_card, drv_unpaid, drv_amount, drv_takeaway) VALUES (695, TO_DATE('17/06/2003', 'dd/MM/yyyy'), TO_DATE('19/06/2003', 'dd/MM/yyyy'), TO_DATE('19/06/2003', 'dd/MM/yyyy'), 0.0, 0.0, 0.0, 57.0, 0.0, 57.0, true);
INSERT INTO t_vat_revenue (vtr_id, drv_id, vat_id, vtr_amount, vtr_value) VALUES (1389, 695, 1, 0, 0);
INSERT INTO t_vat_revenue (vtr_id, drv_id, vat_id, vtr_amount, vtr_value) VALUES (1390, 695, 2, 57.0, 2.971564);
INSERT INTO t_day_revenue (drv_id, drv_revenue_date, drv_print_date, drv_closing_date, drv_cash, drv_ticket, drv_cheque, drv_card, drv_unpaid, drv_amount, drv_takeaway) VALUES (696, TO_DATE('17/06/2003', 'dd/MM/yyyy'), TO_DATE('19/06/2003', 'dd/MM/yyyy'), TO_DATE('19/06/2003', 'dd/MM/yyyy'), 16.0, 26.6, 206.4, 471.0, 0.0, 720.0, false);
INSERT INTO t_vat_revenue (vtr_id, drv_id, vat_id, vtr_amount, vtr_value) VALUES (1391, 696, 1, 720.0, 117.99331);
INSERT INTO t_vat_revenue (vtr_id, drv_id, vat_id, vtr_amount, vtr_value) VALUES (1392, 696, 2, 0, 0);
INSERT INTO t_day_revenue (drv_id, drv_revenue_date, drv_print_date, drv_closing_date, drv_cash, drv_ticket, drv_cheque, drv_card, drv_unpaid, drv_amount, drv_takeaway) VALUES (697, TO_DATE('18/06/2003', 'dd/MM/yyyy'), TO_DATE('19/06/2003', 'dd/MM/yyyy'), TO_DATE('19/06/2003', 'dd/MM/yyyy'), 0.0, 0.0, 77.0, 37.0, 0.0, 114.0, true);
INSERT INTO t_vat_revenue (vtr_id, drv_id, vat_id, vtr_amount, vtr_value) VALUES (1393, 697, 1, 0, 0);
INSERT INTO t_vat_revenue (vtr_id, drv_id, vat_id, vtr_amount, vtr_value) VALUES (1394, 697, 2, 114.0, 5.943128);
INSERT INTO t_day_revenue (drv_id, drv_revenue_date, drv_print_date, drv_closing_date, drv_cash, drv_ticket, drv_cheque, drv_card, drv_unpaid, drv_amount, drv_takeaway) VALUES (698, TO_DATE('18/06/2003', 'dd/MM/yyyy'), TO_DATE('19/06/2003', 'dd/MM/yyyy'), TO_DATE('19/06/2003', 'dd/MM/yyyy'), 10.0, 0.0, 243.0, 572.0, 0.0, 825.0, false);
INSERT INTO t_vat_revenue (vtr_id, drv_id, vat_id, vtr_amount, vtr_value) VALUES (1395, 698, 1, 825.0, 135.20067);
INSERT INTO t_vat_revenue (vtr_id, drv_id, vat_id, vtr_amount, vtr_value) VALUES (1396, 698, 2, 0, 0);
INSERT INTO t_day_revenue (drv_id, drv_revenue_date, drv_print_date, drv_closing_date, drv_cash, drv_ticket, drv_cheque, drv_card, drv_unpaid, drv_amount, drv_takeaway) VALUES (699, TO_DATE('19/06/2003', 'dd/MM/yyyy'), TO_DATE('26/06/2003', 'dd/MM/yyyy'), TO_DATE('26/06/2003', 'dd/MM/yyyy'), 0.0, 0.0, 0.0, 28.5, 0.0, 28.5, true);
INSERT INTO t_vat_revenue (vtr_id, drv_id, vat_id, vtr_amount, vtr_value) VALUES (1397, 699, 1, 0, 0);
INSERT INTO t_vat_revenue (vtr_id, drv_id, vat_id, vtr_amount, vtr_value) VALUES (1398, 699, 2, 28.5, 1.485782);
INSERT INTO t_day_revenue (drv_id, drv_revenue_date, drv_print_date, drv_closing_date, drv_cash, drv_ticket, drv_cheque, drv_card, drv_unpaid, drv_amount, drv_takeaway) VALUES (700, TO_DATE('19/06/2003', 'dd/MM/yyyy'), TO_DATE('26/06/2003', 'dd/MM/yyyy'), TO_DATE('26/06/2003', 'dd/MM/yyyy'), 48.5, 0.0, 116.5, 389.5, 0.0, 554.5, false);
INSERT INTO t_vat_revenue (vtr_id, drv_id, vat_id, vtr_amount, vtr_value) VALUES (1399, 700, 1, 554.5, 90.87124);
INSERT INTO t_vat_revenue (vtr_id, drv_id, vat_id, vtr_amount, vtr_value) VALUES (1400, 700, 2, 0, 0);
INSERT INTO t_day_revenue (drv_id, drv_revenue_date, drv_print_date, drv_closing_date, drv_cash, drv_ticket, drv_cheque, drv_card, drv_unpaid, drv_amount, drv_takeaway) VALUES (701, TO_DATE('20/06/2003', 'dd/MM/yyyy'), TO_DATE('26/06/2003', 'dd/MM/yyyy'), TO_DATE('26/06/2003', 'dd/MM/yyyy'), 0.0, 0.0, 71.5, 40.5, 0.0, 112.0, true);
INSERT INTO t_vat_revenue (vtr_id, drv_id, vat_id, vtr_amount, vtr_value) VALUES (1401, 701, 1, 0, 0);
INSERT INTO t_vat_revenue (vtr_id, drv_id, vat_id, vtr_amount, vtr_value) VALUES (1402, 701, 2, 112.0, 5.8388624);
INSERT INTO t_day_revenue (drv_id, drv_revenue_date, drv_print_date, drv_closing_date, drv_cash, drv_ticket, drv_cheque, drv_card, drv_unpaid, drv_amount, drv_takeaway) VALUES (702, TO_DATE('20/06/2003', 'dd/MM/yyyy'), TO_DATE('26/06/2003', 'dd/MM/yyyy'), TO_DATE('26/06/2003', 'dd/MM/yyyy'), 114.5, 24.6, 463.5, 517.9, 0.0, 1120.5, false);
INSERT INTO t_vat_revenue (vtr_id, drv_id, vat_id, vtr_amount, vtr_value) VALUES (1403, 702, 1, 1120.5, 183.6271);
INSERT INTO t_vat_revenue (vtr_id, drv_id, vat_id, vtr_amount, vtr_value) VALUES (1404, 702, 2, 0, 0);
INSERT INTO t_day_revenue (drv_id, drv_revenue_date, drv_print_date, drv_closing_date, drv_cash, drv_ticket, drv_cheque, drv_card, drv_unpaid, drv_amount, drv_takeaway) VALUES (703, TO_DATE('21/06/2003', 'dd/MM/yyyy'), TO_DATE('26/06/2003', 'dd/MM/yyyy'), TO_DATE('26/06/2003', 'dd/MM/yyyy'), 0.0, 0.0, 0.0, 0.0, 0.0, 0.0, true);
INSERT INTO t_vat_revenue (vtr_id, drv_id, vat_id, vtr_amount, vtr_value) VALUES (1405, 703, 1, 0, 0);
INSERT INTO t_vat_revenue (vtr_id, drv_id, vat_id, vtr_amount, vtr_value) VALUES (1406, 703, 2, 0.0, 0.0);
INSERT INTO t_day_revenue (drv_id, drv_revenue_date, drv_print_date, drv_closing_date, drv_cash, drv_ticket, drv_cheque, drv_card, drv_unpaid, drv_amount, drv_takeaway) VALUES (704, TO_DATE('21/06/2003', 'dd/MM/yyyy'), TO_DATE('26/06/2003', 'dd/MM/yyyy'), TO_DATE('26/06/2003', 'dd/MM/yyyy'), 35.0, 0.0, 194.0, 366.5, 0.0, 595.5, false);
INSERT INTO t_vat_revenue (vtr_id, drv_id, vat_id, vtr_amount, vtr_value) VALUES (1407, 704, 1, 595.5, 97.5903);
INSERT INTO t_vat_revenue (vtr_id, drv_id, vat_id, vtr_amount, vtr_value) VALUES (1408, 704, 2, 0, 0);
INSERT INTO t_day_revenue (drv_id, drv_revenue_date, drv_print_date, drv_closing_date, drv_cash, drv_ticket, drv_cheque, drv_card, drv_unpaid, drv_amount, drv_takeaway) VALUES (705, TO_DATE('22/06/2003', 'dd/MM/yyyy'), TO_DATE('26/06/2003', 'dd/MM/yyyy'), TO_DATE('26/06/2003', 'dd/MM/yyyy'), 0.0, 0.0, 0.0, 22.0, 0.0, 22.0, true);
INSERT INTO t_vat_revenue (vtr_id, drv_id, vat_id, vtr_amount, vtr_value) VALUES (1409, 705, 1, 0, 0);
INSERT INTO t_vat_revenue (vtr_id, drv_id, vat_id, vtr_amount, vtr_value) VALUES (1410, 705, 2, 22.0, 1.1469195);
INSERT INTO t_day_revenue (drv_id, drv_revenue_date, drv_print_date, drv_closing_date, drv_cash, drv_ticket, drv_cheque, drv_card, drv_unpaid, drv_amount, drv_takeaway) VALUES (706, TO_DATE('22/06/2003', 'dd/MM/yyyy'), TO_DATE('26/06/2003', 'dd/MM/yyyy'), TO_DATE('26/06/2003', 'dd/MM/yyyy'), 0.0, 58.0, 144.0, 854.0, 0.0, 1056.0, false);
INSERT INTO t_vat_revenue (vtr_id, drv_id, vat_id, vtr_amount, vtr_value) VALUES (1411, 706, 1, 1056.0, 173.05685);
INSERT INTO t_vat_revenue (vtr_id, drv_id, vat_id, vtr_amount, vtr_value) VALUES (1412, 706, 2, 0, 0);
INSERT INTO t_day_revenue (drv_id, drv_revenue_date, drv_print_date, drv_closing_date, drv_cash, drv_ticket, drv_cheque, drv_card, drv_unpaid, drv_amount, drv_takeaway) VALUES (707, TO_DATE('23/06/2003', 'dd/MM/yyyy'), TO_DATE('26/06/2003', 'dd/MM/yyyy'), TO_DATE('26/06/2003', 'dd/MM/yyyy'), 0.0, 0.0, 0.0, 192.5, 0.0, 192.5, true);
INSERT INTO t_vat_revenue (vtr_id, drv_id, vat_id, vtr_amount, vtr_value) VALUES (1413, 707, 1, 0, 0);
INSERT INTO t_vat_revenue (vtr_id, drv_id, vat_id, vtr_amount, vtr_value) VALUES (1414, 707, 2, 192.5, 10.035545);
INSERT INTO t_day_revenue (drv_id, drv_revenue_date, drv_print_date, drv_closing_date, drv_cash, drv_ticket, drv_cheque, drv_card, drv_unpaid, drv_amount, drv_takeaway) VALUES (708, TO_DATE('23/06/2003', 'dd/MM/yyyy'), TO_DATE('26/06/2003', 'dd/MM/yyyy'), TO_DATE('26/06/2003', 'dd/MM/yyyy'), 0.0, 10.0, 244.0, 455.0, 0.0, 709.0, false);
INSERT INTO t_vat_revenue (vtr_id, drv_id, vat_id, vtr_amount, vtr_value) VALUES (1415, 708, 1, 709.0, 116.19064);
INSERT INTO t_vat_revenue (vtr_id, drv_id, vat_id, vtr_amount, vtr_value) VALUES (1416, 708, 2, 0, 0);
INSERT INTO t_day_revenue (drv_id, drv_revenue_date, drv_print_date, drv_closing_date, drv_cash, drv_ticket, drv_cheque, drv_card, drv_unpaid, drv_amount, drv_takeaway) VALUES (709, TO_DATE('24/06/2003', 'dd/MM/yyyy'), TO_DATE('26/06/2003', 'dd/MM/yyyy'), TO_DATE('26/06/2003', 'dd/MM/yyyy'), 0.0, 0.0, 58.0, 216.5, 0.0, 274.5, true);
INSERT INTO t_vat_revenue (vtr_id, drv_id, vat_id, vtr_amount, vtr_value) VALUES (1417, 709, 1, 0, 0);
INSERT INTO t_vat_revenue (vtr_id, drv_id, vat_id, vtr_amount, vtr_value) VALUES (1418, 709, 2, 274.5, 14.310427);
INSERT INTO t_day_revenue (drv_id, drv_revenue_date, drv_print_date, drv_closing_date, drv_cash, drv_ticket, drv_cheque, drv_card, drv_unpaid, drv_amount, drv_takeaway) VALUES (710, TO_DATE('24/06/2003', 'dd/MM/yyyy'), TO_DATE('26/06/2003', 'dd/MM/yyyy'), TO_DATE('26/06/2003', 'dd/MM/yyyy'), 169.0, 0.0, 203.5, 422.5, 0.0, 795.0, false);
INSERT INTO t_vat_revenue (vtr_id, drv_id, vat_id, vtr_amount, vtr_value) VALUES (1419, 710, 1, 795.0, 130.28429);
INSERT INTO t_vat_revenue (vtr_id, drv_id, vat_id, vtr_amount, vtr_value) VALUES (1420, 710, 2, 0, 0);
INSERT INTO t_day_revenue (drv_id, drv_revenue_date, drv_print_date, drv_closing_date, drv_cash, drv_ticket, drv_cheque, drv_card, drv_unpaid, drv_amount, drv_takeaway) VALUES (711, TO_DATE('25/06/2003', 'dd/MM/yyyy'), TO_DATE('26/06/2003', 'dd/MM/yyyy'), TO_DATE('26/06/2003', 'dd/MM/yyyy'), 0.0, 0.0, 65.5, 187.5, 0.0, 253.0, true);
INSERT INTO t_vat_revenue (vtr_id, drv_id, vat_id, vtr_amount, vtr_value) VALUES (1421, 711, 1, 0, 0);
INSERT INTO t_vat_revenue (vtr_id, drv_id, vat_id, vtr_amount, vtr_value) VALUES (1422, 711, 2, 253.0, 13.189573);
INSERT INTO t_day_revenue (drv_id, drv_revenue_date, drv_print_date, drv_closing_date, drv_cash, drv_ticket, drv_cheque, drv_card, drv_unpaid, drv_amount, drv_takeaway) VALUES (712, TO_DATE('25/06/2003', 'dd/MM/yyyy'), TO_DATE('26/06/2003', 'dd/MM/yyyy'), TO_DATE('26/06/2003', 'dd/MM/yyyy'), 26.5, 0.0, 16.0, 247.0, 0.0, 289.5, false);
INSERT INTO t_vat_revenue (vtr_id, drv_id, vat_id, vtr_amount, vtr_value) VALUES (1423, 712, 1, 289.5, 47.443146);
INSERT INTO t_vat_revenue (vtr_id, drv_id, vat_id, vtr_amount, vtr_value) VALUES (1424, 712, 2, 0, 0);
INSERT INTO t_day_revenue (drv_id, drv_revenue_date, drv_print_date, drv_closing_date, drv_cash, drv_ticket, drv_cheque, drv_card, drv_unpaid, drv_amount, drv_takeaway) VALUES (713, TO_DATE('26/06/2003', 'dd/MM/yyyy'), TO_DATE('27/06/2003', 'dd/MM/yyyy'), TO_DATE('27/06/2003', 'dd/MM/yyyy'), 0.0, 0.0, 0.0, 0.0, 0.0, 0.0, true);
INSERT INTO t_vat_revenue (vtr_id, drv_id, vat_id, vtr_amount, vtr_value) VALUES (1425, 713, 1, 0, 0);
INSERT INTO t_vat_revenue (vtr_id, drv_id, vat_id, vtr_amount, vtr_value) VALUES (1426, 713, 2, 0.0, 0.0);
INSERT INTO t_day_revenue (drv_id, drv_revenue_date, drv_print_date, drv_closing_date, drv_cash, drv_ticket, drv_cheque, drv_card, drv_unpaid, drv_amount, drv_takeaway) VALUES (714, TO_DATE('26/06/2003', 'dd/MM/yyyy'), TO_DATE('27/06/2003', 'dd/MM/yyyy'), TO_DATE('27/06/2003', 'dd/MM/yyyy'), 169.5, 0.0, 163.0, 707.0, 0.0, 1039.5, false);
INSERT INTO t_vat_revenue (vtr_id, drv_id, vat_id, vtr_amount, vtr_value) VALUES (1427, 714, 1, 1039.5, 170.35286);
INSERT INTO t_vat_revenue (vtr_id, drv_id, vat_id, vtr_amount, vtr_value) VALUES (1428, 714, 2, 0, 0);
INSERT INTO t_day_revenue (drv_id, drv_revenue_date, drv_print_date, drv_closing_date, drv_cash, drv_ticket, drv_cheque, drv_card, drv_unpaid, drv_amount, drv_takeaway) VALUES (715, TO_DATE('27/06/2003', 'dd/MM/yyyy'), TO_DATE('30/06/2003', 'dd/MM/yyyy'), TO_DATE('30/06/2003', 'dd/MM/yyyy'), 0.0, 0.0, 0.0, 128.5, 0.0, 128.5, true);
INSERT INTO t_vat_revenue (vtr_id, drv_id, vat_id, vtr_amount, vtr_value) VALUES (1429, 715, 1, 0, 0);
INSERT INTO t_vat_revenue (vtr_id, drv_id, vat_id, vtr_amount, vtr_value) VALUES (1430, 715, 2, 128.5, 6.6990523);
INSERT INTO t_day_revenue (drv_id, drv_revenue_date, drv_print_date, drv_closing_date, drv_cash, drv_ticket, drv_cheque, drv_card, drv_unpaid, drv_amount, drv_takeaway) VALUES (716, TO_DATE('27/06/2003', 'dd/MM/yyyy'), TO_DATE('30/06/2003', 'dd/MM/yyyy'), TO_DATE('30/06/2003', 'dd/MM/yyyy'), 8.0, 44.5, 424.0, 1054.5, 0.0, 1531.0, false);
INSERT INTO t_vat_revenue (vtr_id, drv_id, vat_id, vtr_amount, vtr_value) VALUES (1431, 716, 1, 1531.0, 250.89966);
INSERT INTO t_vat_revenue (vtr_id, drv_id, vat_id, vtr_amount, vtr_value) VALUES (1432, 716, 2, 0, 0);
INSERT INTO t_day_revenue (drv_id, drv_revenue_date, drv_print_date, drv_closing_date, drv_cash, drv_ticket, drv_cheque, drv_card, drv_unpaid, drv_amount, drv_takeaway) VALUES (717, TO_DATE('28/06/2003', 'dd/MM/yyyy'), TO_DATE('30/06/2003', 'dd/MM/yyyy'), TO_DATE('30/06/2003', 'dd/MM/yyyy'), 0.0, 0.0, 110.0, 224.5, 0.0, 334.5, true);
INSERT INTO t_vat_revenue (vtr_id, drv_id, vat_id, vtr_amount, vtr_value) VALUES (1433, 717, 1, 0, 0);
INSERT INTO t_vat_revenue (vtr_id, drv_id, vat_id, vtr_amount, vtr_value) VALUES (1434, 717, 2, 334.5, 17.438389);
INSERT INTO t_day_revenue (drv_id, drv_revenue_date, drv_print_date, drv_closing_date, drv_cash, drv_ticket, drv_cheque, drv_card, drv_unpaid, drv_amount, drv_takeaway) VALUES (718, TO_DATE('28/06/2003', 'dd/MM/yyyy'), TO_DATE('30/06/2003', 'dd/MM/yyyy'), TO_DATE('30/06/2003', 'dd/MM/yyyy'), 20.0, 0.0, 326.0, 672.0, 0.0, 1018.0, false);
INSERT INTO t_vat_revenue (vtr_id, drv_id, vat_id, vtr_amount, vtr_value) VALUES (1435, 718, 1, 1018.0, 166.82944);
INSERT INTO t_vat_revenue (vtr_id, drv_id, vat_id, vtr_amount, vtr_value) VALUES (1436, 718, 2, 0, 0);
INSERT INTO t_day_revenue (drv_id, drv_revenue_date, drv_print_date, drv_closing_date, drv_cash, drv_ticket, drv_cheque, drv_card, drv_unpaid, drv_amount, drv_takeaway) VALUES (719, TO_DATE('29/06/2003', 'dd/MM/yyyy'), TO_DATE('30/06/2003', 'dd/MM/yyyy'), TO_DATE('30/06/2003', 'dd/MM/yyyy'), 0.0, 0.0, 0.0, 72.5, 0.0, 72.5, true);
INSERT INTO t_vat_revenue (vtr_id, drv_id, vat_id, vtr_amount, vtr_value) VALUES (1437, 719, 1, 0, 0);
INSERT INTO t_vat_revenue (vtr_id, drv_id, vat_id, vtr_amount, vtr_value) VALUES (1438, 719, 2, 72.5, 3.779621);
INSERT INTO t_day_revenue (drv_id, drv_revenue_date, drv_print_date, drv_closing_date, drv_cash, drv_ticket, drv_cheque, drv_card, drv_unpaid, drv_amount, drv_takeaway) VALUES (720, TO_DATE('29/06/2003', 'dd/MM/yyyy'), TO_DATE('30/06/2003', 'dd/MM/yyyy'), TO_DATE('30/06/2003', 'dd/MM/yyyy'), 0.0, 0.0, 307.0, 635.0, 0.0, 942.0, false);
INSERT INTO t_vat_revenue (vtr_id, drv_id, vat_id, vtr_amount, vtr_value) VALUES (1439, 720, 1, 942.0, 154.37459);
INSERT INTO t_vat_revenue (vtr_id, drv_id, vat_id, vtr_amount, vtr_value) VALUES (1440, 720, 2, 0, 0);
INSERT INTO t_day_revenue (drv_id, drv_revenue_date, drv_print_date, drv_closing_date, drv_cash, drv_ticket, drv_cheque, drv_card, drv_unpaid, drv_amount, drv_takeaway) VALUES (721, TO_DATE('30/06/2003', 'dd/MM/yyyy'), TO_DATE('01/07/2003', 'dd/MM/yyyy'), TO_DATE('01/07/2003', 'dd/MM/yyyy'), 0.0, 0.0, 117.5, 100.0, 0.0, 217.5, true);
INSERT INTO t_vat_revenue (vtr_id, drv_id, vat_id, vtr_amount, vtr_value) VALUES (1441, 721, 1, 0, 0);
INSERT INTO t_vat_revenue (vtr_id, drv_id, vat_id, vtr_amount, vtr_value) VALUES (1442, 721, 2, 217.5, 11.338862);
INSERT INTO t_day_revenue (drv_id, drv_revenue_date, drv_print_date, drv_closing_date, drv_cash, drv_ticket, drv_cheque, drv_card, drv_unpaid, drv_amount, drv_takeaway) VALUES (722, TO_DATE('30/06/2003', 'dd/MM/yyyy'), TO_DATE('01/07/2003', 'dd/MM/yyyy'), TO_DATE('01/07/2003', 'dd/MM/yyyy'), 94.5, 0.0, 198.5, 750.0, 0.0, 1043.0, false);
INSERT INTO t_vat_revenue (vtr_id, drv_id, vat_id, vtr_amount, vtr_value) VALUES (1443, 722, 1, 1043.0, 170.92644);
INSERT INTO t_vat_revenue (vtr_id, drv_id, vat_id, vtr_amount, vtr_value) VALUES (1444, 722, 2, 0, 0);
INSERT INTO t_day_revenue (drv_id, drv_revenue_date, drv_print_date, drv_closing_date, drv_cash, drv_ticket, drv_cheque, drv_card, drv_unpaid, drv_amount, drv_takeaway) VALUES (723, TO_DATE('01/07/2003', 'dd/MM/yyyy'), TO_DATE('07/07/2003', 'dd/MM/yyyy'), TO_DATE('07/07/2003', 'dd/MM/yyyy'), 0.0, 0.0, 161.0, 134.5, 0.0, 295.5, true);
INSERT INTO t_vat_revenue (vtr_id, drv_id, vat_id, vtr_amount, vtr_value) VALUES (1445, 723, 1, 0, 0);
INSERT INTO t_vat_revenue (vtr_id, drv_id, vat_id, vtr_amount, vtr_value) VALUES (1446, 723, 2, 295.5, 15.405213);
INSERT INTO t_day_revenue (drv_id, drv_revenue_date, drv_print_date, drv_closing_date, drv_cash, drv_ticket, drv_cheque, drv_card, drv_unpaid, drv_amount, drv_takeaway) VALUES (724, TO_DATE('01/07/2003', 'dd/MM/yyyy'), TO_DATE('07/07/2003', 'dd/MM/yyyy'), TO_DATE('07/07/2003', 'dd/MM/yyyy'), 136.5, 13.5, 342.0, 639.0, 0.0, 1131.0, false);
INSERT INTO t_vat_revenue (vtr_id, drv_id, vat_id, vtr_amount, vtr_value) VALUES (1447, 724, 1, 1131.0, 185.34782);
INSERT INTO t_vat_revenue (vtr_id, drv_id, vat_id, vtr_amount, vtr_value) VALUES (1448, 724, 2, 0, 0);
INSERT INTO t_day_revenue (drv_id, drv_revenue_date, drv_print_date, drv_closing_date, drv_cash, drv_ticket, drv_cheque, drv_card, drv_unpaid, drv_amount, drv_takeaway) VALUES (725, TO_DATE('02/07/2003', 'dd/MM/yyyy'), TO_DATE('07/07/2003', 'dd/MM/yyyy'), TO_DATE('07/07/2003', 'dd/MM/yyyy'), 0.0, 0.0, 28.0, 218.0, 0.0, 246.0, true);
INSERT INTO t_vat_revenue (vtr_id, drv_id, vat_id, vtr_amount, vtr_value) VALUES (1449, 725, 1, 0, 0);
INSERT INTO t_vat_revenue (vtr_id, drv_id, vat_id, vtr_amount, vtr_value) VALUES (1450, 725, 2, 246.0, 12.824644);
INSERT INTO t_day_revenue (drv_id, drv_revenue_date, drv_print_date, drv_closing_date, drv_cash, drv_ticket, drv_cheque, drv_card, drv_unpaid, drv_amount, drv_takeaway) VALUES (726, TO_DATE('02/07/2003', 'dd/MM/yyyy'), TO_DATE('07/07/2003', 'dd/MM/yyyy'), TO_DATE('07/07/2003', 'dd/MM/yyyy'), 0.0, 12.5, 243.5, 261.0, 0.0, 517.0, false);
INSERT INTO t_vat_revenue (vtr_id, drv_id, vat_id, vtr_amount, vtr_value) VALUES (1451, 726, 1, 517.0, 84.72575);
INSERT INTO t_vat_revenue (vtr_id, drv_id, vat_id, vtr_amount, vtr_value) VALUES (1452, 726, 2, 0, 0);
INSERT INTO t_day_revenue (drv_id, drv_revenue_date, drv_print_date, drv_closing_date, drv_cash, drv_ticket, drv_cheque, drv_card, drv_unpaid, drv_amount, drv_takeaway) VALUES (727, TO_DATE('03/07/2003', 'dd/MM/yyyy'), TO_DATE('07/07/2003', 'dd/MM/yyyy'), TO_DATE('07/07/2003', 'dd/MM/yyyy'), 0.0, 0.0, 0.0, 222.5, 0.0, 222.5, true);
INSERT INTO t_vat_revenue (vtr_id, drv_id, vat_id, vtr_amount, vtr_value) VALUES (1453, 727, 1, 0, 0);
INSERT INTO t_vat_revenue (vtr_id, drv_id, vat_id, vtr_amount, vtr_value) VALUES (1454, 727, 2, 222.5, 11.599526);
INSERT INTO t_day_revenue (drv_id, drv_revenue_date, drv_print_date, drv_closing_date, drv_cash, drv_ticket, drv_cheque, drv_card, drv_unpaid, drv_amount, drv_takeaway) VALUES (728, TO_DATE('03/07/2003', 'dd/MM/yyyy'), TO_DATE('07/07/2003', 'dd/MM/yyyy'), TO_DATE('07/07/2003', 'dd/MM/yyyy'), 46.0, 0.0, 855.0, 759.0, 0.0, 1660.0, false);
INSERT INTO t_vat_revenue (vtr_id, drv_id, vat_id, vtr_amount, vtr_value) VALUES (1455, 728, 1, 1660.0, 272.04013);
INSERT INTO t_vat_revenue (vtr_id, drv_id, vat_id, vtr_amount, vtr_value) VALUES (1456, 728, 2, 0, 0);
INSERT INTO t_day_revenue (drv_id, drv_revenue_date, drv_print_date, drv_closing_date, drv_cash, drv_ticket, drv_cheque, drv_card, drv_unpaid, drv_amount, drv_takeaway) VALUES (729, TO_DATE('04/07/2003', 'dd/MM/yyyy'), TO_DATE('07/07/2003', 'dd/MM/yyyy'), TO_DATE('07/07/2003', 'dd/MM/yyyy'), 0.0, 0.0, 177.5, 273.0, 0.0, 450.5, true);
INSERT INTO t_vat_revenue (vtr_id, drv_id, vat_id, vtr_amount, vtr_value) VALUES (1457, 729, 1, 0, 0);
INSERT INTO t_vat_revenue (vtr_id, drv_id, vat_id, vtr_amount, vtr_value) VALUES (1458, 729, 2, 450.5, 23.485783);
INSERT INTO t_day_revenue (drv_id, drv_revenue_date, drv_print_date, drv_closing_date, drv_cash, drv_ticket, drv_cheque, drv_card, drv_unpaid, drv_amount, drv_takeaway) VALUES (730, TO_DATE('04/07/2003', 'dd/MM/yyyy'), TO_DATE('07/07/2003', 'dd/MM/yyyy'), TO_DATE('07/07/2003', 'dd/MM/yyyy'), 39.51, 45.99, 637.0, 733.5, 0.0, 1456.0, false);
INSERT INTO t_vat_revenue (vtr_id, drv_id, vat_id, vtr_amount, vtr_value) VALUES (1459, 730, 1, 1456.0, 238.60869);
INSERT INTO t_vat_revenue (vtr_id, drv_id, vat_id, vtr_amount, vtr_value) VALUES (1460, 730, 2, 0, 0);
INSERT INTO t_day_revenue (drv_id, drv_revenue_date, drv_print_date, drv_closing_date, drv_cash, drv_ticket, drv_cheque, drv_card, drv_unpaid, drv_amount, drv_takeaway) VALUES (731, TO_DATE('05/07/2003', 'dd/MM/yyyy'), TO_DATE('07/07/2003', 'dd/MM/yyyy'), TO_DATE('07/07/2003', 'dd/MM/yyyy'), 0.0, 0.0, 25.0, 292.0, 0.0, 317.0, true);
INSERT INTO t_vat_revenue (vtr_id, drv_id, vat_id, vtr_amount, vtr_value) VALUES (1461, 731, 1, 0, 0);
INSERT INTO t_vat_revenue (vtr_id, drv_id, vat_id, vtr_amount, vtr_value) VALUES (1462, 731, 2, 317.0, 16.526066);
INSERT INTO t_day_revenue (drv_id, drv_revenue_date, drv_print_date, drv_closing_date, drv_cash, drv_ticket, drv_cheque, drv_card, drv_unpaid, drv_amount, drv_takeaway) VALUES (732, TO_DATE('05/07/2003', 'dd/MM/yyyy'), TO_DATE('07/07/2003', 'dd/MM/yyyy'), TO_DATE('07/07/2003', 'dd/MM/yyyy'), 22.5, 37.5, 235.0, 769.5, 0.0, 1064.5, false);
INSERT INTO t_vat_revenue (vtr_id, drv_id, vat_id, vtr_amount, vtr_value) VALUES (1463, 732, 1, 1064.5, 174.44984);
INSERT INTO t_vat_revenue (vtr_id, drv_id, vat_id, vtr_amount, vtr_value) VALUES (1464, 732, 2, 0, 0);
INSERT INTO t_day_revenue (drv_id, drv_revenue_date, drv_print_date, drv_closing_date, drv_cash, drv_ticket, drv_cheque, drv_card, drv_unpaid, drv_amount, drv_takeaway) VALUES (733, TO_DATE('06/07/2003', 'dd/MM/yyyy'), TO_DATE('07/07/2003', 'dd/MM/yyyy'), TO_DATE('07/07/2003', 'dd/MM/yyyy'), 0.0, 0.0, 0.0, 123.5, 0.0, 123.5, true);
INSERT INTO t_vat_revenue (vtr_id, drv_id, vat_id, vtr_amount, vtr_value) VALUES (1465, 733, 1, 0, 0);
INSERT INTO t_vat_revenue (vtr_id, drv_id, vat_id, vtr_amount, vtr_value) VALUES (1466, 733, 2, 123.5, 6.438389);
INSERT INTO t_day_revenue (drv_id, drv_revenue_date, drv_print_date, drv_closing_date, drv_cash, drv_ticket, drv_cheque, drv_card, drv_unpaid, drv_amount, drv_takeaway) VALUES (734, TO_DATE('06/07/2003', 'dd/MM/yyyy'), TO_DATE('07/07/2003', 'dd/MM/yyyy'), TO_DATE('07/07/2003', 'dd/MM/yyyy'), 37.5, 63.0, 394.5, 677.5, 0.0, 1172.5, false);
INSERT INTO t_vat_revenue (vtr_id, drv_id, vat_id, vtr_amount, vtr_value) VALUES (1467, 734, 1, 1172.5, 192.14883);
INSERT INTO t_vat_revenue (vtr_id, drv_id, vat_id, vtr_amount, vtr_value) VALUES (1468, 734, 2, 0, 0);
INSERT INTO t_day_revenue (drv_id, drv_revenue_date, drv_print_date, drv_closing_date, drv_cash, drv_ticket, drv_cheque, drv_card, drv_unpaid, drv_amount, drv_takeaway) VALUES (735, TO_DATE('07/07/2003', 'dd/MM/yyyy'), TO_DATE('09/07/2003', 'dd/MM/yyyy'), TO_DATE('09/07/2003', 'dd/MM/yyyy'), 0.0, 0.0, 128.25, 138.5, 0.0, 266.75, true);
INSERT INTO t_vat_revenue (vtr_id, drv_id, vat_id, vtr_amount, vtr_value) VALUES (1469, 735, 1, 0, 0);
INSERT INTO t_vat_revenue (vtr_id, drv_id, vat_id, vtr_amount, vtr_value) VALUES (1470, 735, 2, 266.75, 13.906398);
INSERT INTO t_day_revenue (drv_id, drv_revenue_date, drv_print_date, drv_closing_date, drv_cash, drv_ticket, drv_cheque, drv_card, drv_unpaid, drv_amount, drv_takeaway) VALUES (736, TO_DATE('07/07/2003', 'dd/MM/yyyy'), TO_DATE('09/07/2003', 'dd/MM/yyyy'), TO_DATE('09/07/2003', 'dd/MM/yyyy'), 5.3, 34.7, 126.0, 784.5, 0.0, 950.5, false);
INSERT INTO t_vat_revenue (vtr_id, drv_id, vat_id, vtr_amount, vtr_value) VALUES (1471, 736, 1, 950.5, 155.76756);
INSERT INTO t_vat_revenue (vtr_id, drv_id, vat_id, vtr_amount, vtr_value) VALUES (1472, 736, 2, 0, 0);
INSERT INTO t_day_revenue (drv_id, drv_revenue_date, drv_print_date, drv_closing_date, drv_cash, drv_ticket, drv_cheque, drv_card, drv_unpaid, drv_amount, drv_takeaway) VALUES (737, TO_DATE('08/07/2003', 'dd/MM/yyyy'), TO_DATE('09/07/2003', 'dd/MM/yyyy'), TO_DATE('09/07/2003', 'dd/MM/yyyy'), 0.0, 0.0, 181.5, 150.5, 0.0, 332.0, true);
INSERT INTO t_vat_revenue (vtr_id, drv_id, vat_id, vtr_amount, vtr_value) VALUES (1473, 737, 1, 0, 0);
INSERT INTO t_vat_revenue (vtr_id, drv_id, vat_id, vtr_amount, vtr_value) VALUES (1474, 737, 2, 332.0, 17.308058);
INSERT INTO t_day_revenue (drv_id, drv_revenue_date, drv_print_date, drv_closing_date, drv_cash, drv_ticket, drv_cheque, drv_card, drv_unpaid, drv_amount, drv_takeaway) VALUES (738, TO_DATE('08/07/2003', 'dd/MM/yyyy'), TO_DATE('09/07/2003', 'dd/MM/yyyy'), TO_DATE('09/07/2003', 'dd/MM/yyyy'), 2.2, 13.8, 229.5, 755.5, 0.0, 1001.0, false);
INSERT INTO t_vat_revenue (vtr_id, drv_id, vat_id, vtr_amount, vtr_value) VALUES (1475, 738, 1, 1001.0, 164.04347);
INSERT INTO t_vat_revenue (vtr_id, drv_id, vat_id, vtr_amount, vtr_value) VALUES (1476, 738, 2, 0, 0);
INSERT INTO t_day_revenue (drv_id, drv_revenue_date, drv_print_date, drv_closing_date, drv_cash, drv_ticket, drv_cheque, drv_card, drv_unpaid, drv_amount, drv_takeaway) VALUES (739, TO_DATE('09/07/2003', 'dd/MM/yyyy'), TO_DATE('10/07/2003', 'dd/MM/yyyy'), TO_DATE('10/07/2003', 'dd/MM/yyyy'), 0.0, 0.0, 59.5, 123.5, 0.0, 183.0, true);
INSERT INTO t_vat_revenue (vtr_id, drv_id, vat_id, vtr_amount, vtr_value) VALUES (1477, 739, 1, 0, 0);
INSERT INTO t_vat_revenue (vtr_id, drv_id, vat_id, vtr_amount, vtr_value) VALUES (1478, 739, 2, 183.0, 9.540284);
INSERT INTO t_day_revenue (drv_id, drv_revenue_date, drv_print_date, drv_closing_date, drv_cash, drv_ticket, drv_cheque, drv_card, drv_unpaid, drv_amount, drv_takeaway) VALUES (740, TO_DATE('09/07/2003', 'dd/MM/yyyy'), TO_DATE('10/07/2003', 'dd/MM/yyyy'), TO_DATE('10/07/2003', 'dd/MM/yyyy'), 4.32, 43.0, 150.51, 819.17, 0.0, 1017.0, false);
INSERT INTO t_vat_revenue (vtr_id, drv_id, vat_id, vtr_amount, vtr_value) VALUES (1479, 740, 1, 1017.0, 166.66556);
INSERT INTO t_vat_revenue (vtr_id, drv_id, vat_id, vtr_amount, vtr_value) VALUES (1480, 740, 2, 0, 0);
INSERT INTO t_day_revenue (drv_id, drv_revenue_date, drv_print_date, drv_closing_date, drv_cash, drv_ticket, drv_cheque, drv_card, drv_unpaid, drv_amount, drv_takeaway) VALUES (741, TO_DATE('10/07/2003', 'dd/MM/yyyy'), TO_DATE('11/07/2003', 'dd/MM/yyyy'), TO_DATE('11/07/2003', 'dd/MM/yyyy'), 0.0, 0.0, 191.0, 38.0, 0.0, 229.0, true);
INSERT INTO t_vat_revenue (vtr_id, drv_id, vat_id, vtr_amount, vtr_value) VALUES (1481, 741, 1, 0, 0);
INSERT INTO t_vat_revenue (vtr_id, drv_id, vat_id, vtr_amount, vtr_value) VALUES (1482, 741, 2, 229.0, 11.938389);
INSERT INTO t_day_revenue (drv_id, drv_revenue_date, drv_print_date, drv_closing_date, drv_cash, drv_ticket, drv_cheque, drv_card, drv_unpaid, drv_amount, drv_takeaway) VALUES (742, TO_DATE('10/07/2003', 'dd/MM/yyyy'), TO_DATE('11/07/2003', 'dd/MM/yyyy'), TO_DATE('11/07/2003', 'dd/MM/yyyy'), 0.74, 51.1, 198.66, 726.5, 0.0, 977.0, false);
INSERT INTO t_vat_revenue (vtr_id, drv_id, vat_id, vtr_amount, vtr_value) VALUES (1483, 742, 1, 977.0, 160.11038);
INSERT INTO t_vat_revenue (vtr_id, drv_id, vat_id, vtr_amount, vtr_value) VALUES (1484, 742, 2, 0, 0);
INSERT INTO t_day_revenue (drv_id, drv_revenue_date, drv_print_date, drv_closing_date, drv_cash, drv_ticket, drv_cheque, drv_card, drv_unpaid, drv_amount, drv_takeaway) VALUES (743, TO_DATE('11/07/2003', 'dd/MM/yyyy'), TO_DATE('16/07/2003', 'dd/MM/yyyy'), TO_DATE('16/07/2003', 'dd/MM/yyyy'), 0.0, 0.0, 0.0, 238.0, 0.0, 238.0, true);
INSERT INTO t_vat_revenue (vtr_id, drv_id, vat_id, vtr_amount, vtr_value) VALUES (1485, 743, 1, 0, 0);
INSERT INTO t_vat_revenue (vtr_id, drv_id, vat_id, vtr_amount, vtr_value) VALUES (1486, 743, 2, 238.0, 12.407583);
INSERT INTO t_day_revenue (drv_id, drv_revenue_date, drv_print_date, drv_closing_date, drv_cash, drv_ticket, drv_cheque, drv_card, drv_unpaid, drv_amount, drv_takeaway) VALUES (744, TO_DATE('11/07/2003', 'dd/MM/yyyy'), TO_DATE('16/07/2003', 'dd/MM/yyyy'), TO_DATE('16/07/2003', 'dd/MM/yyyy'), 42.5, 36.0, 58.5, 528.5, 0.0, 665.5, false);
INSERT INTO t_vat_revenue (vtr_id, drv_id, vat_id, vtr_amount, vtr_value) VALUES (1487, 744, 1, 665.5, 109.061874);
INSERT INTO t_vat_revenue (vtr_id, drv_id, vat_id, vtr_amount, vtr_value) VALUES (1488, 744, 2, 0, 0);
INSERT INTO t_day_revenue (drv_id, drv_revenue_date, drv_print_date, drv_closing_date, drv_cash, drv_ticket, drv_cheque, drv_card, drv_unpaid, drv_amount, drv_takeaway) VALUES (745, TO_DATE('12/07/2003', 'dd/MM/yyyy'), TO_DATE('07/08/2003', 'dd/MM/yyyy'), TO_DATE('07/08/2003', 'dd/MM/yyyy'), 0.0, 0.0, 129.5, 155.0, 0.0, 284.5, true);
INSERT INTO t_vat_revenue (vtr_id, drv_id, vat_id, vtr_amount, vtr_value) VALUES (1489, 745, 1, 0, 0);
INSERT INTO t_vat_revenue (vtr_id, drv_id, vat_id, vtr_amount, vtr_value) VALUES (1490, 745, 2, 284.5, 14.831754);
INSERT INTO t_day_revenue (drv_id, drv_revenue_date, drv_print_date, drv_closing_date, drv_cash, drv_ticket, drv_cheque, drv_card, drv_unpaid, drv_amount, drv_takeaway) VALUES (746, TO_DATE('12/07/2003', 'dd/MM/yyyy'), TO_DATE('07/08/2003', 'dd/MM/yyyy'), TO_DATE('07/08/2003', 'dd/MM/yyyy'), 14.0, 42.0, 132.0, 530.0, 0.0, 718.0, false);
INSERT INTO t_vat_revenue (vtr_id, drv_id, vat_id, vtr_amount, vtr_value) VALUES (1491, 746, 1, 718.0, 117.66555);
INSERT INTO t_vat_revenue (vtr_id, drv_id, vat_id, vtr_amount, vtr_value) VALUES (1492, 746, 2, 0, 0);
INSERT INTO t_day_revenue (drv_id, drv_revenue_date, drv_print_date, drv_closing_date, drv_cash, drv_ticket, drv_cheque, drv_card, drv_unpaid, drv_amount, drv_takeaway) VALUES (747, TO_DATE('13/07/2003', 'dd/MM/yyyy'), TO_DATE('16/07/2003', 'dd/MM/yyyy'), TO_DATE('16/07/2003', 'dd/MM/yyyy'), 0.0, 0.0, 0.0, 85.0, 0.0, 85.0, true);
INSERT INTO t_vat_revenue (vtr_id, drv_id, vat_id, vtr_amount, vtr_value) VALUES (1493, 747, 1, 0, 0);
INSERT INTO t_vat_revenue (vtr_id, drv_id, vat_id, vtr_amount, vtr_value) VALUES (1494, 747, 2, 85.0, 4.4312797);
INSERT INTO t_day_revenue (drv_id, drv_revenue_date, drv_print_date, drv_closing_date, drv_cash, drv_ticket, drv_cheque, drv_card, drv_unpaid, drv_amount, drv_takeaway) VALUES (748, TO_DATE('13/07/2003', 'dd/MM/yyyy'), TO_DATE('16/07/2003', 'dd/MM/yyyy'), TO_DATE('16/07/2003', 'dd/MM/yyyy'), 19.0, 30.0, 170.0, 729.0, 0.0, 948.0, false);
INSERT INTO t_vat_revenue (vtr_id, drv_id, vat_id, vtr_amount, vtr_value) VALUES (1495, 748, 1, 948.0, 155.35786);
INSERT INTO t_vat_revenue (vtr_id, drv_id, vat_id, vtr_amount, vtr_value) VALUES (1496, 748, 2, 0, 0);
INSERT INTO t_day_revenue (drv_id, drv_revenue_date, drv_print_date, drv_closing_date, drv_cash, drv_ticket, drv_cheque, drv_card, drv_unpaid, drv_amount, drv_takeaway) VALUES (749, TO_DATE('14/07/2003', 'dd/MM/yyyy'), TO_DATE('16/07/2003', 'dd/MM/yyyy'), TO_DATE('16/07/2003', 'dd/MM/yyyy'), 0.0, 0.0, 68.5, 345.5, 0.0, 414.0, true);
INSERT INTO t_vat_revenue (vtr_id, drv_id, vat_id, vtr_amount, vtr_value) VALUES (1497, 749, 1, 0, 0);
INSERT INTO t_vat_revenue (vtr_id, drv_id, vat_id, vtr_amount, vtr_value) VALUES (1498, 749, 2, 414.0, 21.58294);
INSERT INTO t_day_revenue (drv_id, drv_revenue_date, drv_print_date, drv_closing_date, drv_cash, drv_ticket, drv_cheque, drv_card, drv_unpaid, drv_amount, drv_takeaway) VALUES (750, TO_DATE('14/07/2003', 'dd/MM/yyyy'), TO_DATE('16/07/2003', 'dd/MM/yyyy'), TO_DATE('16/07/2003', 'dd/MM/yyyy'), 0.0, 0.0, 264.0, 396.5, 0.0, 660.5, false);
INSERT INTO t_vat_revenue (vtr_id, drv_id, vat_id, vtr_amount, vtr_value) VALUES (1499, 750, 1, 660.5, 108.24248);
INSERT INTO t_vat_revenue (vtr_id, drv_id, vat_id, vtr_amount, vtr_value) VALUES (1500, 750, 2, 0, 0);
INSERT INTO t_day_revenue (drv_id, drv_revenue_date, drv_print_date, drv_closing_date, drv_cash, drv_ticket, drv_cheque, drv_card, drv_unpaid, drv_amount, drv_takeaway) VALUES (751, TO_DATE('15/07/2003', 'dd/MM/yyyy'), TO_DATE('16/07/2003', 'dd/MM/yyyy'), TO_DATE('16/07/2003', 'dd/MM/yyyy'), 0.0, 0.0, 0.0, 204.0, 0.0, 204.0, true);
INSERT INTO t_vat_revenue (vtr_id, drv_id, vat_id, vtr_amount, vtr_value) VALUES (1501, 751, 1, 0, 0);
INSERT INTO t_vat_revenue (vtr_id, drv_id, vat_id, vtr_amount, vtr_value) VALUES (1502, 751, 2, 204.0, 10.635071);
INSERT INTO t_day_revenue (drv_id, drv_revenue_date, drv_print_date, drv_closing_date, drv_cash, drv_ticket, drv_cheque, drv_card, drv_unpaid, drv_amount, drv_takeaway) VALUES (752, TO_DATE('15/07/2003', 'dd/MM/yyyy'), TO_DATE('16/07/2003', 'dd/MM/yyyy'), TO_DATE('16/07/2003', 'dd/MM/yyyy'), 0.0, 0.0, 48.5, 280.0, 0.0, 328.5, false);
INSERT INTO t_vat_revenue (vtr_id, drv_id, vat_id, vtr_amount, vtr_value) VALUES (1503, 752, 1, 328.5, 53.83445);
INSERT INTO t_vat_revenue (vtr_id, drv_id, vat_id, vtr_amount, vtr_value) VALUES (1504, 752, 2, 0, 0);
INSERT INTO t_day_revenue (drv_id, drv_revenue_date, drv_print_date, drv_closing_date, drv_cash, drv_ticket, drv_cheque, drv_card, drv_unpaid, drv_amount, drv_takeaway) VALUES (753, TO_DATE('16/07/2003', 'dd/MM/yyyy'), TO_DATE('17/07/2003', 'dd/MM/yyyy'), TO_DATE('17/07/2003', 'dd/MM/yyyy'), 0.0, 0.0, 24.0, 114.5, 0.0, 138.5, true);
INSERT INTO t_vat_revenue (vtr_id, drv_id, vat_id, vtr_amount, vtr_value) VALUES (1505, 753, 1, 0, 0);
INSERT INTO t_vat_revenue (vtr_id, drv_id, vat_id, vtr_amount, vtr_value) VALUES (1506, 753, 2, 138.5, 7.2203794);
INSERT INTO t_day_revenue (drv_id, drv_revenue_date, drv_print_date, drv_closing_date, drv_cash, drv_ticket, drv_cheque, drv_card, drv_unpaid, drv_amount, drv_takeaway) VALUES (754, TO_DATE('16/07/2003', 'dd/MM/yyyy'), TO_DATE('17/07/2003', 'dd/MM/yyyy'), TO_DATE('17/07/2003', 'dd/MM/yyyy'), 30.5, 20.0, 129.5, 610.5, 0.0, 790.5, false);
INSERT INTO t_vat_revenue (vtr_id, drv_id, vat_id, vtr_amount, vtr_value) VALUES (1507, 754, 1, 790.5, 129.54683);
INSERT INTO t_vat_revenue (vtr_id, drv_id, vat_id, vtr_amount, vtr_value) VALUES (1508, 754, 2, 0, 0);
INSERT INTO t_day_revenue (drv_id, drv_revenue_date, drv_print_date, drv_closing_date, drv_cash, drv_ticket, drv_cheque, drv_card, drv_unpaid, drv_amount, drv_takeaway) VALUES (755, TO_DATE('17/07/2003', 'dd/MM/yyyy'), TO_DATE('18/07/2003', 'dd/MM/yyyy'), TO_DATE('18/07/2003', 'dd/MM/yyyy'), 0.0, 0.0, 0.0, 264.5, 0.0, 264.5, true);
INSERT INTO t_vat_revenue (vtr_id, drv_id, vat_id, vtr_amount, vtr_value) VALUES (1509, 755, 1, 0, 0);
INSERT INTO t_vat_revenue (vtr_id, drv_id, vat_id, vtr_amount, vtr_value) VALUES (1510, 755, 2, 264.5, 13.7891);
INSERT INTO t_day_revenue (drv_id, drv_revenue_date, drv_print_date, drv_closing_date, drv_cash, drv_ticket, drv_cheque, drv_card, drv_unpaid, drv_amount, drv_takeaway) VALUES (756, TO_DATE('17/07/2003', 'dd/MM/yyyy'), TO_DATE('18/07/2003', 'dd/MM/yyyy'), TO_DATE('18/07/2003', 'dd/MM/yyyy'), 0.0, 0.0, 92.0, 454.5, 0.0, 546.5, false);
INSERT INTO t_vat_revenue (vtr_id, drv_id, vat_id, vtr_amount, vtr_value) VALUES (1511, 756, 1, 546.5, 89.5602);
INSERT INTO t_vat_revenue (vtr_id, drv_id, vat_id, vtr_amount, vtr_value) VALUES (1512, 756, 2, 0, 0);
INSERT INTO t_day_revenue (drv_id, drv_revenue_date, drv_print_date, drv_closing_date, drv_cash, drv_ticket, drv_cheque, drv_card, drv_unpaid, drv_amount, drv_takeaway) VALUES (757, TO_DATE('18/07/2003', 'dd/MM/yyyy'), TO_DATE('21/07/2003', 'dd/MM/yyyy'), TO_DATE('21/07/2003', 'dd/MM/yyyy'), 0.0, 0.0, 84.0, 214.5, 0.0, 298.5, true);
INSERT INTO t_vat_revenue (vtr_id, drv_id, vat_id, vtr_amount, vtr_value) VALUES (1513, 757, 1, 0, 0);
INSERT INTO t_vat_revenue (vtr_id, drv_id, vat_id, vtr_amount, vtr_value) VALUES (1514, 757, 2, 298.5, 15.561611);
INSERT INTO t_day_revenue (drv_id, drv_revenue_date, drv_print_date, drv_closing_date, drv_cash, drv_ticket, drv_cheque, drv_card, drv_unpaid, drv_amount, drv_takeaway) VALUES (758, TO_DATE('18/07/2003', 'dd/MM/yyyy'), TO_DATE('21/07/2003', 'dd/MM/yyyy'), TO_DATE('21/07/2003', 'dd/MM/yyyy'), 2.95, 13.8, 484.25, 303.0, 0.0, 804.0, false);
INSERT INTO t_vat_revenue (vtr_id, drv_id, vat_id, vtr_amount, vtr_value) VALUES (1515, 758, 1, 804.0, 131.7592);
INSERT INTO t_vat_revenue (vtr_id, drv_id, vat_id, vtr_amount, vtr_value) VALUES (1516, 758, 2, 0, 0);
INSERT INTO t_day_revenue (drv_id, drv_revenue_date, drv_print_date, drv_closing_date, drv_cash, drv_ticket, drv_cheque, drv_card, drv_unpaid, drv_amount, drv_takeaway) VALUES (759, TO_DATE('19/07/2003', 'dd/MM/yyyy'), TO_DATE('21/07/2003', 'dd/MM/yyyy'), TO_DATE('21/07/2003', 'dd/MM/yyyy'), 2.4, 0.0, 84.6, 329.0, 0.0, 416.0, true);
INSERT INTO t_vat_revenue (vtr_id, drv_id, vat_id, vtr_amount, vtr_value) VALUES (1517, 759, 1, 0, 0);
INSERT INTO t_vat_revenue (vtr_id, drv_id, vat_id, vtr_amount, vtr_value) VALUES (1518, 759, 2, 416.0, 21.687204);
INSERT INTO t_day_revenue (drv_id, drv_revenue_date, drv_print_date, drv_closing_date, drv_cash, drv_ticket, drv_cheque, drv_card, drv_unpaid, drv_amount, drv_takeaway) VALUES (760, TO_DATE('19/07/2003', 'dd/MM/yyyy'), TO_DATE('21/07/2003', 'dd/MM/yyyy'), TO_DATE('21/07/2003', 'dd/MM/yyyy'), 14.0, 42.0, 386.0, 398.5, 0.0, 840.5, false);
INSERT INTO t_vat_revenue (vtr_id, drv_id, vat_id, vtr_amount, vtr_value) VALUES (1519, 760, 1, 840.5, 137.74081);
INSERT INTO t_vat_revenue (vtr_id, drv_id, vat_id, vtr_amount, vtr_value) VALUES (1520, 760, 2, 0, 0);
INSERT INTO t_day_revenue (drv_id, drv_revenue_date, drv_print_date, drv_closing_date, drv_cash, drv_ticket, drv_cheque, drv_card, drv_unpaid, drv_amount, drv_takeaway) VALUES (761, TO_DATE('20/07/2003', 'dd/MM/yyyy'), TO_DATE('21/07/2003', 'dd/MM/yyyy'), TO_DATE('21/07/2003', 'dd/MM/yyyy'), 0.0, 0.0, 76.0, 0.0, 0.0, 76.0, true);
INSERT INTO t_vat_revenue (vtr_id, drv_id, vat_id, vtr_amount, vtr_value) VALUES (1521, 761, 1, 0, 0);
INSERT INTO t_vat_revenue (vtr_id, drv_id, vat_id, vtr_amount, vtr_value) VALUES (1522, 761, 2, 76.0, 3.9620852);
INSERT INTO t_day_revenue (drv_id, drv_revenue_date, drv_print_date, drv_closing_date, drv_cash, drv_ticket, drv_cheque, drv_card, drv_unpaid, drv_amount, drv_takeaway) VALUES (762, TO_DATE('20/07/2003', 'dd/MM/yyyy'), TO_DATE('21/07/2003', 'dd/MM/yyyy'), TO_DATE('21/07/2003', 'dd/MM/yyyy'), 0.0, 0.0, 245.5, 300.0, 0.0, 545.5, false);
INSERT INTO t_vat_revenue (vtr_id, drv_id, vat_id, vtr_amount, vtr_value) VALUES (1523, 762, 1, 545.5, 89.396324);
INSERT INTO t_vat_revenue (vtr_id, drv_id, vat_id, vtr_amount, vtr_value) VALUES (1524, 762, 2, 0, 0);
INSERT INTO t_day_revenue (drv_id, drv_revenue_date, drv_print_date, drv_closing_date, drv_cash, drv_ticket, drv_cheque, drv_card, drv_unpaid, drv_amount, drv_takeaway) VALUES (763, TO_DATE('21/07/2003', 'dd/MM/yyyy'), TO_DATE('24/07/2003', 'dd/MM/yyyy'), TO_DATE('24/07/2003', 'dd/MM/yyyy'), 0.0, 0.0, 49.5, 214.5, 0.0, 264.0, true);
INSERT INTO t_vat_revenue (vtr_id, drv_id, vat_id, vtr_amount, vtr_value) VALUES (1525, 763, 1, 0, 0);
INSERT INTO t_vat_revenue (vtr_id, drv_id, vat_id, vtr_amount, vtr_value) VALUES (1526, 763, 2, 264.0, 13.763033);
INSERT INTO t_day_revenue (drv_id, drv_revenue_date, drv_print_date, drv_closing_date, drv_cash, drv_ticket, drv_cheque, drv_card, drv_unpaid, drv_amount, drv_takeaway) VALUES (764, TO_DATE('21/07/2003', 'dd/MM/yyyy'), TO_DATE('24/07/2003', 'dd/MM/yyyy'), TO_DATE('24/07/2003', 'dd/MM/yyyy'), 15.5, 35.86, 119.14, 356.0, 0.0, 526.5, false);
INSERT INTO t_vat_revenue (vtr_id, drv_id, vat_id, vtr_amount, vtr_value) VALUES (1527, 764, 1, 526.5, 86.282616);
INSERT INTO t_vat_revenue (vtr_id, drv_id, vat_id, vtr_amount, vtr_value) VALUES (1528, 764, 2, 0, 0);
INSERT INTO t_day_revenue (drv_id, drv_revenue_date, drv_print_date, drv_closing_date, drv_cash, drv_ticket, drv_cheque, drv_card, drv_unpaid, drv_amount, drv_takeaway) VALUES (765, TO_DATE('22/07/2003', 'dd/MM/yyyy'), TO_DATE('23/07/2003', 'dd/MM/yyyy'), TO_DATE('23/07/2003', 'dd/MM/yyyy'), 0.0, 0.0, 77.5, 154.0, 0.0, 231.5, true);
INSERT INTO t_vat_revenue (vtr_id, drv_id, vat_id, vtr_amount, vtr_value) VALUES (1529, 765, 1, 0, 0);
INSERT INTO t_vat_revenue (vtr_id, drv_id, vat_id, vtr_amount, vtr_value) VALUES (1530, 765, 2, 231.5, 12.068721);
INSERT INTO t_day_revenue (drv_id, drv_revenue_date, drv_print_date, drv_closing_date, drv_cash, drv_ticket, drv_cheque, drv_card, drv_unpaid, drv_amount, drv_takeaway) VALUES (766, TO_DATE('22/07/2003', 'dd/MM/yyyy'), TO_DATE('23/07/2003', 'dd/MM/yyyy'), TO_DATE('23/07/2003', 'dd/MM/yyyy'), 44.0, 0.0, 206.5, 273.0, 0.0, 523.5, false);
INSERT INTO t_vat_revenue (vtr_id, drv_id, vat_id, vtr_amount, vtr_value) VALUES (1531, 766, 1, 523.5, 85.79098);
INSERT INTO t_vat_revenue (vtr_id, drv_id, vat_id, vtr_amount, vtr_value) VALUES (1532, 766, 2, 0, 0);
INSERT INTO t_day_revenue (drv_id, drv_revenue_date, drv_print_date, drv_closing_date, drv_cash, drv_ticket, drv_cheque, drv_card, drv_unpaid, drv_amount, drv_takeaway) VALUES (767, TO_DATE('23/07/2003', 'dd/MM/yyyy'), TO_DATE('24/07/2003', 'dd/MM/yyyy'), TO_DATE('24/07/2003', 'dd/MM/yyyy'), 0.0, 0.0, 113.0, 172.5, 0.0, 285.5, true);
INSERT INTO t_vat_revenue (vtr_id, drv_id, vat_id, vtr_amount, vtr_value) VALUES (1533, 767, 1, 0, 0);
INSERT INTO t_vat_revenue (vtr_id, drv_id, vat_id, vtr_amount, vtr_value) VALUES (1534, 767, 2, 285.5, 14.883886);
INSERT INTO t_day_revenue (drv_id, drv_revenue_date, drv_print_date, drv_closing_date, drv_cash, drv_ticket, drv_cheque, drv_card, drv_unpaid, drv_amount, drv_takeaway) VALUES (768, TO_DATE('23/07/2003', 'dd/MM/yyyy'), TO_DATE('24/07/2003', 'dd/MM/yyyy'), TO_DATE('24/07/2003', 'dd/MM/yyyy'), 6.5, 18.0, 362.0, 781.0, 0.0, 1167.5, false);
INSERT INTO t_vat_revenue (vtr_id, drv_id, vat_id, vtr_amount, vtr_value) VALUES (1535, 768, 1, 1167.5, 191.32944);
INSERT INTO t_vat_revenue (vtr_id, drv_id, vat_id, vtr_amount, vtr_value) VALUES (1536, 768, 2, 0, 0);
INSERT INTO t_day_revenue (drv_id, drv_revenue_date, drv_print_date, drv_closing_date, drv_cash, drv_ticket, drv_cheque, drv_card, drv_unpaid, drv_amount, drv_takeaway) VALUES (769, TO_DATE('24/07/2003', 'dd/MM/yyyy'), TO_DATE('25/07/2003', 'dd/MM/yyyy'), TO_DATE('25/07/2003', 'dd/MM/yyyy'), 0.0, 0.0, 37.0, 208.5, 0.0, 245.5, true);
INSERT INTO t_vat_revenue (vtr_id, drv_id, vat_id, vtr_amount, vtr_value) VALUES (1537, 769, 1, 0, 0);
INSERT INTO t_vat_revenue (vtr_id, drv_id, vat_id, vtr_amount, vtr_value) VALUES (1538, 769, 2, 245.5, 12.798578);
INSERT INTO t_day_revenue (drv_id, drv_revenue_date, drv_print_date, drv_closing_date, drv_cash, drv_ticket, drv_cheque, drv_card, drv_unpaid, drv_amount, drv_takeaway) VALUES (770, TO_DATE('24/07/2003', 'dd/MM/yyyy'), TO_DATE('25/07/2003', 'dd/MM/yyyy'), TO_DATE('25/07/2003', 'dd/MM/yyyy'), 12.5, 43.86, 321.64, 566.5, 0.0, 944.5, false);
INSERT INTO t_vat_revenue (vtr_id, drv_id, vat_id, vtr_amount, vtr_value) VALUES (1539, 770, 1, 944.5, 154.78429);
INSERT INTO t_vat_revenue (vtr_id, drv_id, vat_id, vtr_amount, vtr_value) VALUES (1540, 770, 2, 0, 0);
INSERT INTO t_day_revenue (drv_id, drv_revenue_date, drv_print_date, drv_closing_date, drv_cash, drv_ticket, drv_cheque, drv_card, drv_unpaid, drv_amount, drv_takeaway) VALUES (771, TO_DATE('25/07/2003', 'dd/MM/yyyy'), TO_DATE('28/07/2003', 'dd/MM/yyyy'), TO_DATE('28/07/2003', 'dd/MM/yyyy'), 0.0, 0.0, 0.0, 256.5, 0.0, 256.5, true);
INSERT INTO t_vat_revenue (vtr_id, drv_id, vat_id, vtr_amount, vtr_value) VALUES (1541, 771, 1, 0, 0);
INSERT INTO t_vat_revenue (vtr_id, drv_id, vat_id, vtr_amount, vtr_value) VALUES (1542, 771, 2, 256.5, 13.372038);
INSERT INTO t_day_revenue (drv_id, drv_revenue_date, drv_print_date, drv_closing_date, drv_cash, drv_ticket, drv_cheque, drv_card, drv_unpaid, drv_amount, drv_takeaway) VALUES (772, TO_DATE('25/07/2003', 'dd/MM/yyyy'), TO_DATE('28/07/2003', 'dd/MM/yyyy'), TO_DATE('28/07/2003', 'dd/MM/yyyy'), 150.5, 0.0, 201.5, 501.0, 0.0, 853.0, false);
INSERT INTO t_vat_revenue (vtr_id, drv_id, vat_id, vtr_amount, vtr_value) VALUES (1543, 772, 1, 853.0, 139.7893);
INSERT INTO t_vat_revenue (vtr_id, drv_id, vat_id, vtr_amount, vtr_value) VALUES (1544, 772, 2, 0, 0);
INSERT INTO t_day_revenue (drv_id, drv_revenue_date, drv_print_date, drv_closing_date, drv_cash, drv_ticket, drv_cheque, drv_card, drv_unpaid, drv_amount, drv_takeaway) VALUES (773, TO_DATE('26/07/2003', 'dd/MM/yyyy'), TO_DATE('28/07/2003', 'dd/MM/yyyy'), TO_DATE('28/07/2003', 'dd/MM/yyyy'), 0.0, 0.0, 131.5, 177.5, 0.0, 309.0, true);
INSERT INTO t_vat_revenue (vtr_id, drv_id, vat_id, vtr_amount, vtr_value) VALUES (1545, 773, 1, 0, 0);
INSERT INTO t_vat_revenue (vtr_id, drv_id, vat_id, vtr_amount, vtr_value) VALUES (1546, 773, 2, 309.0, 16.109005);
INSERT INTO t_day_revenue (drv_id, drv_revenue_date, drv_print_date, drv_closing_date, drv_cash, drv_ticket, drv_cheque, drv_card, drv_unpaid, drv_amount, drv_takeaway) VALUES (774, TO_DATE('26/07/2003', 'dd/MM/yyyy'), TO_DATE('28/07/2003', 'dd/MM/yyyy'), TO_DATE('28/07/2003', 'dd/MM/yyyy'), 0.0, 0.0, 180.5, 1270.5, 0.0, 1451.0, false);
INSERT INTO t_vat_revenue (vtr_id, drv_id, vat_id, vtr_amount, vtr_value) VALUES (1547, 774, 1, 1451.0, 237.78929);
INSERT INTO t_vat_revenue (vtr_id, drv_id, vat_id, vtr_amount, vtr_value) VALUES (1548, 774, 2, 0, 0);
INSERT INTO t_day_revenue (drv_id, drv_revenue_date, drv_print_date, drv_closing_date, drv_cash, drv_ticket, drv_cheque, drv_card, drv_unpaid, drv_amount, drv_takeaway) VALUES (775, TO_DATE('27/07/2003', 'dd/MM/yyyy'), TO_DATE('28/07/2003', 'dd/MM/yyyy'), TO_DATE('28/07/2003', 'dd/MM/yyyy'), 0.0, 0.0, 159.0, 82.0, 0.0, 241.0, true);
INSERT INTO t_vat_revenue (vtr_id, drv_id, vat_id, vtr_amount, vtr_value) VALUES (1549, 775, 1, 0, 0);
INSERT INTO t_vat_revenue (vtr_id, drv_id, vat_id, vtr_amount, vtr_value) VALUES (1550, 775, 2, 241.0, 12.563981);
INSERT INTO t_day_revenue (drv_id, drv_revenue_date, drv_print_date, drv_closing_date, drv_cash, drv_ticket, drv_cheque, drv_card, drv_unpaid, drv_amount, drv_takeaway) VALUES (776, TO_DATE('27/07/2003', 'dd/MM/yyyy'), TO_DATE('28/07/2003', 'dd/MM/yyyy'), TO_DATE('28/07/2003', 'dd/MM/yyyy'), 0.0, 24.0, 132.0, 421.0, 0.0, 577.0, false);
INSERT INTO t_vat_revenue (vtr_id, drv_id, vat_id, vtr_amount, vtr_value) VALUES (1551, 776, 1, 577.0, 94.55853);
INSERT INTO t_vat_revenue (vtr_id, drv_id, vat_id, vtr_amount, vtr_value) VALUES (1552, 776, 2, 0, 0);
INSERT INTO t_day_revenue (drv_id, drv_revenue_date, drv_print_date, drv_closing_date, drv_cash, drv_ticket, drv_cheque, drv_card, drv_unpaid, drv_amount, drv_takeaway) VALUES (777, TO_DATE('28/07/2003', 'dd/MM/yyyy'), TO_DATE('29/07/2003', 'dd/MM/yyyy'), TO_DATE('29/07/2003', 'dd/MM/yyyy'), 0.0, 0.0, 0.0, 132.5, 0.0, 132.5, true);
INSERT INTO t_vat_revenue (vtr_id, drv_id, vat_id, vtr_amount, vtr_value) VALUES (1553, 777, 1, 0, 0);
INSERT INTO t_vat_revenue (vtr_id, drv_id, vat_id, vtr_amount, vtr_value) VALUES (1554, 777, 2, 132.5, 6.9075828);
INSERT INTO t_day_revenue (drv_id, drv_revenue_date, drv_print_date, drv_closing_date, drv_cash, drv_ticket, drv_cheque, drv_card, drv_unpaid, drv_amount, drv_takeaway) VALUES (778, TO_DATE('28/07/2003', 'dd/MM/yyyy'), TO_DATE('29/07/2003', 'dd/MM/yyyy'), TO_DATE('29/07/2003', 'dd/MM/yyyy'), 17.0, 0.0, 200.0, 448.5, 0.0, 665.5, false);
INSERT INTO t_vat_revenue (vtr_id, drv_id, vat_id, vtr_amount, vtr_value) VALUES (1555, 778, 1, 665.5, 109.061874);
INSERT INTO t_vat_revenue (vtr_id, drv_id, vat_id, vtr_amount, vtr_value) VALUES (1556, 778, 2, 0, 0);
INSERT INTO t_day_revenue (drv_id, drv_revenue_date, drv_print_date, drv_closing_date, drv_cash, drv_ticket, drv_cheque, drv_card, drv_unpaid, drv_amount, drv_takeaway) VALUES (779, TO_DATE('29/07/2003', 'dd/MM/yyyy'), TO_DATE('30/07/2003', 'dd/MM/yyyy'), TO_DATE('30/07/2003', 'dd/MM/yyyy'), 0.0, 0.0, 0.0, 23.0, 0.0, 23.0, true);
INSERT INTO t_vat_revenue (vtr_id, drv_id, vat_id, vtr_amount, vtr_value) VALUES (1557, 779, 1, 0, 0);
INSERT INTO t_vat_revenue (vtr_id, drv_id, vat_id, vtr_amount, vtr_value) VALUES (1558, 779, 2, 23.0, 1.1990521);
INSERT INTO t_day_revenue (drv_id, drv_revenue_date, drv_print_date, drv_closing_date, drv_cash, drv_ticket, drv_cheque, drv_card, drv_unpaid, drv_amount, drv_takeaway) VALUES (780, TO_DATE('29/07/2003', 'dd/MM/yyyy'), TO_DATE('30/07/2003', 'dd/MM/yyyy'), TO_DATE('30/07/2003', 'dd/MM/yyyy'), 29.5, 0.0, 766.0, 277.75, 0.0, 1073.25, false);
INSERT INTO t_vat_revenue (vtr_id, drv_id, vat_id, vtr_amount, vtr_value) VALUES (1559, 780, 1, 1073.25, 175.88379);
INSERT INTO t_vat_revenue (vtr_id, drv_id, vat_id, vtr_amount, vtr_value) VALUES (1560, 780, 2, 0, 0);
INSERT INTO t_day_revenue (drv_id, drv_revenue_date, drv_print_date, drv_closing_date, drv_cash, drv_ticket, drv_cheque, drv_card, drv_unpaid, drv_amount, drv_takeaway) VALUES (781, TO_DATE('30/07/2003', 'dd/MM/yyyy'), TO_DATE('31/07/2003', 'dd/MM/yyyy'), TO_DATE('31/07/2003', 'dd/MM/yyyy'), 0.0, 0.0, 0.0, 198.5, 0.0, 198.5, true);
INSERT INTO t_vat_revenue (vtr_id, drv_id, vat_id, vtr_amount, vtr_value) VALUES (1561, 781, 1, 0, 0);
INSERT INTO t_vat_revenue (vtr_id, drv_id, vat_id, vtr_amount, vtr_value) VALUES (1562, 781, 2, 198.5, 10.348341);
INSERT INTO t_day_revenue (drv_id, drv_revenue_date, drv_print_date, drv_closing_date, drv_cash, drv_ticket, drv_cheque, drv_card, drv_unpaid, drv_amount, drv_takeaway) VALUES (782, TO_DATE('30/07/2003', 'dd/MM/yyyy'), TO_DATE('31/07/2003', 'dd/MM/yyyy'), TO_DATE('31/07/2003', 'dd/MM/yyyy'), 15.2, 18.3, 208.0, 963.5, 0.0, 1205.0, false);
INSERT INTO t_vat_revenue (vtr_id, drv_id, vat_id, vtr_amount, vtr_value) VALUES (1563, 782, 1, 1205.0, 197.47491);
INSERT INTO t_vat_revenue (vtr_id, drv_id, vat_id, vtr_amount, vtr_value) VALUES (1564, 782, 2, 0, 0);
INSERT INTO t_day_revenue (drv_id, drv_revenue_date, drv_print_date, drv_closing_date, drv_cash, drv_ticket, drv_cheque, drv_card, drv_unpaid, drv_amount, drv_takeaway) VALUES (783, TO_DATE('31/07/2003', 'dd/MM/yyyy'), TO_DATE('01/08/2003', 'dd/MM/yyyy'), TO_DATE('01/08/2003', 'dd/MM/yyyy'), 0.0, 0.0, 61.5, 0.0, 0.0, 61.5, true);
INSERT INTO t_vat_revenue (vtr_id, drv_id, vat_id, vtr_amount, vtr_value) VALUES (1565, 783, 1, 0, 0);
INSERT INTO t_vat_revenue (vtr_id, drv_id, vat_id, vtr_amount, vtr_value) VALUES (1566, 783, 2, 61.5, 3.206161);
INSERT INTO t_day_revenue (drv_id, drv_revenue_date, drv_print_date, drv_closing_date, drv_cash, drv_ticket, drv_cheque, drv_card, drv_unpaid, drv_amount, drv_takeaway) VALUES (784, TO_DATE('31/07/2003', 'dd/MM/yyyy'), TO_DATE('01/08/2003', 'dd/MM/yyyy'), TO_DATE('01/08/2003', 'dd/MM/yyyy'), 57.0, 0.0, 156.5, 973.0, 0.0, 1186.5, false);
INSERT INTO t_vat_revenue (vtr_id, drv_id, vat_id, vtr_amount, vtr_value) VALUES (1567, 784, 1, 1186.5, 194.44315);
INSERT INTO t_vat_revenue (vtr_id, drv_id, vat_id, vtr_amount, vtr_value) VALUES (1568, 784, 2, 0, 0);
INSERT INTO t_day_revenue (drv_id, drv_revenue_date, drv_print_date, drv_closing_date, drv_cash, drv_ticket, drv_cheque, drv_card, drv_unpaid, drv_amount, drv_takeaway) VALUES (785, TO_DATE('01/08/2003', 'dd/MM/yyyy'), TO_DATE('05/08/2003', 'dd/MM/yyyy'), TO_DATE('05/08/2003', 'dd/MM/yyyy'), 0.0, 0.0, 0.0, 130.0, 0.0, 130.0, true);
INSERT INTO t_vat_revenue (vtr_id, drv_id, vat_id, vtr_amount, vtr_value) VALUES (1569, 785, 1, 0, 0);
INSERT INTO t_vat_revenue (vtr_id, drv_id, vat_id, vtr_amount, vtr_value) VALUES (1570, 785, 2, 130.0, 6.7772512);
INSERT INTO t_day_revenue (drv_id, drv_revenue_date, drv_print_date, drv_closing_date, drv_cash, drv_ticket, drv_cheque, drv_card, drv_unpaid, drv_amount, drv_takeaway) VALUES (786, TO_DATE('01/08/2003', 'dd/MM/yyyy'), TO_DATE('05/08/2003', 'dd/MM/yyyy'), TO_DATE('05/08/2003', 'dd/MM/yyyy'), 13.5, 40.0, 295.5, 769.5, 0.0, 1118.5, false);
INSERT INTO t_vat_revenue (vtr_id, drv_id, vat_id, vtr_amount, vtr_value) VALUES (1571, 786, 1, 1118.5, 183.29933);
INSERT INTO t_vat_revenue (vtr_id, drv_id, vat_id, vtr_amount, vtr_value) VALUES (1572, 786, 2, 0, 0);
INSERT INTO t_day_revenue (drv_id, drv_revenue_date, drv_print_date, drv_closing_date, drv_cash, drv_ticket, drv_cheque, drv_card, drv_unpaid, drv_amount, drv_takeaway) VALUES (787, TO_DATE('02/08/2003', 'dd/MM/yyyy'), TO_DATE('05/08/2003', 'dd/MM/yyyy'), TO_DATE('05/08/2003', 'dd/MM/yyyy'), 0.0, 0.0, 0.0, 0.0, 0.0, 0.0, true);
INSERT INTO t_vat_revenue (vtr_id, drv_id, vat_id, vtr_amount, vtr_value) VALUES (1573, 787, 1, 0, 0);
INSERT INTO t_vat_revenue (vtr_id, drv_id, vat_id, vtr_amount, vtr_value) VALUES (1574, 787, 2, 0.0, 0.0);
INSERT INTO t_day_revenue (drv_id, drv_revenue_date, drv_print_date, drv_closing_date, drv_cash, drv_ticket, drv_cheque, drv_card, drv_unpaid, drv_amount, drv_takeaway) VALUES (788, TO_DATE('02/08/2003', 'dd/MM/yyyy'), TO_DATE('05/08/2003', 'dd/MM/yyyy'), TO_DATE('05/08/2003', 'dd/MM/yyyy'), 0.0, 27.0, 74.0, 297.0, 0.0, 398.0, false);
INSERT INTO t_vat_revenue (vtr_id, drv_id, vat_id, vtr_amount, vtr_value) VALUES (1575, 788, 1, 398.0, 65.22408);
INSERT INTO t_vat_revenue (vtr_id, drv_id, vat_id, vtr_amount, vtr_value) VALUES (1576, 788, 2, 0, 0);
INSERT INTO t_day_revenue (drv_id, drv_revenue_date, drv_print_date, drv_closing_date, drv_cash, drv_ticket, drv_cheque, drv_card, drv_unpaid, drv_amount, drv_takeaway) VALUES (789, TO_DATE('03/08/2003', 'dd/MM/yyyy'), TO_DATE('05/08/2003', 'dd/MM/yyyy'), TO_DATE('05/08/2003', 'dd/MM/yyyy'), 0.0, 0.0, 0.0, 0.0, 0.0, 0.0, true);
INSERT INTO t_vat_revenue (vtr_id, drv_id, vat_id, vtr_amount, vtr_value) VALUES (1577, 789, 1, 0, 0);
INSERT INTO t_vat_revenue (vtr_id, drv_id, vat_id, vtr_amount, vtr_value) VALUES (1578, 789, 2, 0.0, 0.0);
INSERT INTO t_day_revenue (drv_id, drv_revenue_date, drv_print_date, drv_closing_date, drv_cash, drv_ticket, drv_cheque, drv_card, drv_unpaid, drv_amount, drv_takeaway) VALUES (790, TO_DATE('03/08/2003', 'dd/MM/yyyy'), TO_DATE('05/08/2003', 'dd/MM/yyyy'), TO_DATE('05/08/2003', 'dd/MM/yyyy'), 46.0, 100.0, 61.5, 406.5, 0.0, 614.0, false);
INSERT INTO t_vat_revenue (vtr_id, drv_id, vat_id, vtr_amount, vtr_value) VALUES (1579, 790, 1, 614.0, 100.62208);
INSERT INTO t_vat_revenue (vtr_id, drv_id, vat_id, vtr_amount, vtr_value) VALUES (1580, 790, 2, 0, 0);
INSERT INTO t_day_revenue (drv_id, drv_revenue_date, drv_print_date, drv_closing_date, drv_cash, drv_ticket, drv_cheque, drv_card, drv_unpaid, drv_amount, drv_takeaway) VALUES (791, TO_DATE('04/08/2003', 'dd/MM/yyyy'), TO_DATE('05/08/2003', 'dd/MM/yyyy'), TO_DATE('05/08/2003', 'dd/MM/yyyy'), 0.0, 0.0, 19.0, 21.0, 0.0, 40.0, true);
INSERT INTO t_vat_revenue (vtr_id, drv_id, vat_id, vtr_amount, vtr_value) VALUES (1581, 791, 1, 0, 0);
INSERT INTO t_vat_revenue (vtr_id, drv_id, vat_id, vtr_amount, vtr_value) VALUES (1582, 791, 2, 40.0, 2.085308);
INSERT INTO t_day_revenue (drv_id, drv_revenue_date, drv_print_date, drv_closing_date, drv_cash, drv_ticket, drv_cheque, drv_card, drv_unpaid, drv_amount, drv_takeaway) VALUES (792, TO_DATE('04/08/2003', 'dd/MM/yyyy'), TO_DATE('05/08/2003', 'dd/MM/yyyy'), TO_DATE('05/08/2003', 'dd/MM/yyyy'), 0.0, 15.0, 43.0, 221.0, 0.0, 279.0, false);
INSERT INTO t_vat_revenue (vtr_id, drv_id, vat_id, vtr_amount, vtr_value) VALUES (1583, 792, 1, 279.0, 45.72241);
INSERT INTO t_vat_revenue (vtr_id, drv_id, vat_id, vtr_amount, vtr_value) VALUES (1584, 792, 2, 0, 0);
INSERT INTO t_day_revenue (drv_id, drv_revenue_date, drv_print_date, drv_closing_date, drv_cash, drv_ticket, drv_cheque, drv_card, drv_unpaid, drv_amount, drv_takeaway) VALUES (793, TO_DATE('05/08/2003', 'dd/MM/yyyy'), TO_DATE('06/08/2003', 'dd/MM/yyyy'), TO_DATE('06/08/2003', 'dd/MM/yyyy'), 0.0, 0.0, 0.0, 43.5, 0.0, 43.5, true);
INSERT INTO t_vat_revenue (vtr_id, drv_id, vat_id, vtr_amount, vtr_value) VALUES (1585, 793, 1, 0, 0);
INSERT INTO t_vat_revenue (vtr_id, drv_id, vat_id, vtr_amount, vtr_value) VALUES (1586, 793, 2, 43.5, 2.2677724);
INSERT INTO t_day_revenue (drv_id, drv_revenue_date, drv_print_date, drv_closing_date, drv_cash, drv_ticket, drv_cheque, drv_card, drv_unpaid, drv_amount, drv_takeaway) VALUES (794, TO_DATE('05/08/2003', 'dd/MM/yyyy'), TO_DATE('06/08/2003', 'dd/MM/yyyy'), TO_DATE('06/08/2003', 'dd/MM/yyyy'), 90.5, 27.0, 370.0, 458.5, 0.0, 946.0, false);
INSERT INTO t_vat_revenue (vtr_id, drv_id, vat_id, vtr_amount, vtr_value) VALUES (1587, 794, 1, 946.0, 155.0301);
INSERT INTO t_vat_revenue (vtr_id, drv_id, vat_id, vtr_amount, vtr_value) VALUES (1588, 794, 2, 0, 0);
INSERT INTO t_day_revenue (drv_id, drv_revenue_date, drv_print_date, drv_closing_date, drv_cash, drv_ticket, drv_cheque, drv_card, drv_unpaid, drv_amount, drv_takeaway) VALUES (795, TO_DATE('06/08/2003', 'dd/MM/yyyy'), TO_DATE('07/08/2003', 'dd/MM/yyyy'), TO_DATE('07/08/2003', 'dd/MM/yyyy'), 0.0, 0.0, 49.0, 40.0, 0.0, 89.0, true);
INSERT INTO t_vat_revenue (vtr_id, drv_id, vat_id, vtr_amount, vtr_value) VALUES (1589, 795, 1, 0, 0);
INSERT INTO t_vat_revenue (vtr_id, drv_id, vat_id, vtr_amount, vtr_value) VALUES (1590, 795, 2, 89.0, 4.6398106);
INSERT INTO t_day_revenue (drv_id, drv_revenue_date, drv_print_date, drv_closing_date, drv_cash, drv_ticket, drv_cheque, drv_card, drv_unpaid, drv_amount, drv_takeaway) VALUES (796, TO_DATE('06/08/2003', 'dd/MM/yyyy'), TO_DATE('07/08/2003', 'dd/MM/yyyy'), TO_DATE('07/08/2003', 'dd/MM/yyyy'), 0.0, 12.5, 214.0, 260.0, 0.0, 486.5, false);
INSERT INTO t_vat_revenue (vtr_id, drv_id, vat_id, vtr_amount, vtr_value) VALUES (1591, 796, 1, 486.5, 79.72743);
INSERT INTO t_vat_revenue (vtr_id, drv_id, vat_id, vtr_amount, vtr_value) VALUES (1592, 796, 2, 0, 0);
INSERT INTO t_day_revenue (drv_id, drv_revenue_date, drv_print_date, drv_closing_date, drv_cash, drv_ticket, drv_cheque, drv_card, drv_unpaid, drv_amount, drv_takeaway) VALUES (797, TO_DATE('07/08/2003', 'dd/MM/yyyy'), TO_DATE('08/08/2003', 'dd/MM/yyyy'), TO_DATE('08/08/2003', 'dd/MM/yyyy'), 0.0, 0.0, 11.0, 31.5, 0.0, 42.5, true);
INSERT INTO t_vat_revenue (vtr_id, drv_id, vat_id, vtr_amount, vtr_value) VALUES (1593, 797, 1, 0, 0);
INSERT INTO t_vat_revenue (vtr_id, drv_id, vat_id, vtr_amount, vtr_value) VALUES (1594, 797, 2, 42.5, 2.2156398);
INSERT INTO t_day_revenue (drv_id, drv_revenue_date, drv_print_date, drv_closing_date, drv_cash, drv_ticket, drv_cheque, drv_card, drv_unpaid, drv_amount, drv_takeaway) VALUES (798, TO_DATE('07/08/2003', 'dd/MM/yyyy'), TO_DATE('08/08/2003', 'dd/MM/yyyy'), TO_DATE('08/08/2003', 'dd/MM/yyyy'), 0.0, 0.0, 157.0, 919.5, 0.0, 1076.5, false);
INSERT INTO t_vat_revenue (vtr_id, drv_id, vat_id, vtr_amount, vtr_value) VALUES (1595, 798, 1, 1076.5, 176.4164);
INSERT INTO t_vat_revenue (vtr_id, drv_id, vat_id, vtr_amount, vtr_value) VALUES (1596, 798, 2, 0, 0);
INSERT INTO t_day_revenue (drv_id, drv_revenue_date, drv_print_date, drv_closing_date, drv_cash, drv_ticket, drv_cheque, drv_card, drv_unpaid, drv_amount, drv_takeaway) VALUES (799, TO_DATE('08/08/2003', 'dd/MM/yyyy'), TO_DATE('22/08/2003', 'dd/MM/yyyy'), TO_DATE('22/08/2003', 'dd/MM/yyyy'), 0.0, 0.0, 77.0, 0.0, 0.0, 77.0, true);
INSERT INTO t_vat_revenue (vtr_id, drv_id, vat_id, vtr_amount, vtr_value) VALUES (1597, 799, 1, 0, 0);
INSERT INTO t_vat_revenue (vtr_id, drv_id, vat_id, vtr_amount, vtr_value) VALUES (1598, 799, 2, 77.0, 4.014218);
INSERT INTO t_day_revenue (drv_id, drv_revenue_date, drv_print_date, drv_closing_date, drv_cash, drv_ticket, drv_cheque, drv_card, drv_unpaid, drv_amount, drv_takeaway) VALUES (800, TO_DATE('08/08/2003', 'dd/MM/yyyy'), TO_DATE('22/08/2003', 'dd/MM/yyyy'), TO_DATE('22/08/2003', 'dd/MM/yyyy'), 36.0, 25.7, 78.8, 674.5, 0.0, 815.0, false);
INSERT INTO t_vat_revenue (vtr_id, drv_id, vat_id, vtr_amount, vtr_value) VALUES (1599, 800, 1, 815.0, 133.56187);
INSERT INTO t_vat_revenue (vtr_id, drv_id, vat_id, vtr_amount, vtr_value) VALUES (1600, 800, 2, 0, 0);
INSERT INTO t_day_revenue (drv_id, drv_revenue_date, drv_print_date, drv_closing_date, drv_cash, drv_ticket, drv_cheque, drv_card, drv_unpaid, drv_amount, drv_takeaway) VALUES (801, TO_DATE('09/08/2003', 'dd/MM/yyyy'), TO_DATE('22/08/2003', 'dd/MM/yyyy'), TO_DATE('22/08/2003', 'dd/MM/yyyy'), 0.0, 0.0, 0.0, 56.5, 0.0, 56.5, true);
INSERT INTO t_vat_revenue (vtr_id, drv_id, vat_id, vtr_amount, vtr_value) VALUES (1601, 801, 1, 0, 0);
INSERT INTO t_vat_revenue (vtr_id, drv_id, vat_id, vtr_amount, vtr_value) VALUES (1602, 801, 2, 56.5, 2.9454975);
INSERT INTO t_day_revenue (drv_id, drv_revenue_date, drv_print_date, drv_closing_date, drv_cash, drv_ticket, drv_cheque, drv_card, drv_unpaid, drv_amount, drv_takeaway) VALUES (802, TO_DATE('09/08/2003', 'dd/MM/yyyy'), TO_DATE('22/08/2003', 'dd/MM/yyyy'), TO_DATE('22/08/2003', 'dd/MM/yyyy'), 17.0, 31.0, 225.5, 718.5, 0.0, 992.0, false);
INSERT INTO t_vat_revenue (vtr_id, drv_id, vat_id, vtr_amount, vtr_value) VALUES (1603, 802, 1, 992.0, 162.56857);
INSERT INTO t_vat_revenue (vtr_id, drv_id, vat_id, vtr_amount, vtr_value) VALUES (1604, 802, 2, 0, 0);
INSERT INTO t_day_revenue (drv_id, drv_revenue_date, drv_print_date, drv_closing_date, drv_cash, drv_ticket, drv_cheque, drv_card, drv_unpaid, drv_amount, drv_takeaway) VALUES (803, TO_DATE('10/08/2003', 'dd/MM/yyyy'), TO_DATE('22/08/2003', 'dd/MM/yyyy'), TO_DATE('22/08/2003', 'dd/MM/yyyy'), 0.0, 0.0, 0.0, 0.0, 0.0, 0.0, true);
INSERT INTO t_vat_revenue (vtr_id, drv_id, vat_id, vtr_amount, vtr_value) VALUES (1605, 803, 1, 0, 0);
INSERT INTO t_vat_revenue (vtr_id, drv_id, vat_id, vtr_amount, vtr_value) VALUES (1606, 803, 2, 0.0, 0.0);
INSERT INTO t_day_revenue (drv_id, drv_revenue_date, drv_print_date, drv_closing_date, drv_cash, drv_ticket, drv_cheque, drv_card, drv_unpaid, drv_amount, drv_takeaway) VALUES (804, TO_DATE('10/08/2003', 'dd/MM/yyyy'), TO_DATE('22/08/2003', 'dd/MM/yyyy'), TO_DATE('22/08/2003', 'dd/MM/yyyy'), 22.9, 24.4, 173.5, 900.2, 0.0, 1121.0, false);
INSERT INTO t_vat_revenue (vtr_id, drv_id, vat_id, vtr_amount, vtr_value) VALUES (1607, 804, 1, 1121.0, 183.70903);
INSERT INTO t_vat_revenue (vtr_id, drv_id, vat_id, vtr_amount, vtr_value) VALUES (1608, 804, 2, 0, 0);
INSERT INTO t_day_revenue (drv_id, drv_revenue_date, drv_print_date, drv_closing_date, drv_cash, drv_ticket, drv_cheque, drv_card, drv_unpaid, drv_amount, drv_takeaway) VALUES (805, TO_DATE('11/08/2003', 'dd/MM/yyyy'), TO_DATE('22/08/2003', 'dd/MM/yyyy'), TO_DATE('22/08/2003', 'dd/MM/yyyy'), 0.0, 0.0, 0.0, 15.0, 0.0, 15.0, true);
INSERT INTO t_vat_revenue (vtr_id, drv_id, vat_id, vtr_amount, vtr_value) VALUES (1609, 805, 1, 0, 0);
INSERT INTO t_vat_revenue (vtr_id, drv_id, vat_id, vtr_amount, vtr_value) VALUES (1610, 805, 2, 15.0, 0.7819905);
INSERT INTO t_day_revenue (drv_id, drv_revenue_date, drv_print_date, drv_closing_date, drv_cash, drv_ticket, drv_cheque, drv_card, drv_unpaid, drv_amount, drv_takeaway) VALUES (806, TO_DATE('11/08/2003', 'dd/MM/yyyy'), TO_DATE('22/08/2003', 'dd/MM/yyyy'), TO_DATE('22/08/2003', 'dd/MM/yyyy'), 13.0, 40.5, 239.0, 465.5, 0.0, 758.0, false);
INSERT INTO t_vat_revenue (vtr_id, drv_id, vat_id, vtr_amount, vtr_value) VALUES (1611, 806, 1, 758.0, 124.22073);
INSERT INTO t_vat_revenue (vtr_id, drv_id, vat_id, vtr_amount, vtr_value) VALUES (1612, 806, 2, 0, 0);
INSERT INTO t_day_revenue (drv_id, drv_revenue_date, drv_print_date, drv_closing_date, drv_cash, drv_ticket, drv_cheque, drv_card, drv_unpaid, drv_amount, drv_takeaway) VALUES (807, TO_DATE('12/08/2003', 'dd/MM/yyyy'), TO_DATE('22/08/2003', 'dd/MM/yyyy'), TO_DATE('22/08/2003', 'dd/MM/yyyy'), 0.0, 0.0, 0.0, 34.0, 0.0, 34.0, true);
INSERT INTO t_vat_revenue (vtr_id, drv_id, vat_id, vtr_amount, vtr_value) VALUES (1613, 807, 1, 0, 0);
INSERT INTO t_vat_revenue (vtr_id, drv_id, vat_id, vtr_amount, vtr_value) VALUES (1614, 807, 2, 34.0, 1.7725118);
INSERT INTO t_day_revenue (drv_id, drv_revenue_date, drv_print_date, drv_closing_date, drv_cash, drv_ticket, drv_cheque, drv_card, drv_unpaid, drv_amount, drv_takeaway) VALUES (808, TO_DATE('12/08/2003', 'dd/MM/yyyy'), TO_DATE('22/08/2003', 'dd/MM/yyyy'), TO_DATE('22/08/2003', 'dd/MM/yyyy'), 2.3, 9.2, 112.0, 718.0, 0.0, 841.5, false);
INSERT INTO t_vat_revenue (vtr_id, drv_id, vat_id, vtr_amount, vtr_value) VALUES (1615, 808, 1, 841.5, 137.9047);
INSERT INTO t_vat_revenue (vtr_id, drv_id, vat_id, vtr_amount, vtr_value) VALUES (1616, 808, 2, 0, 0);
INSERT INTO t_day_revenue (drv_id, drv_revenue_date, drv_print_date, drv_closing_date, drv_cash, drv_ticket, drv_cheque, drv_card, drv_unpaid, drv_amount, drv_takeaway) VALUES (809, TO_DATE('13/08/2003', 'dd/MM/yyyy'), TO_DATE('22/08/2003', 'dd/MM/yyyy'), TO_DATE('22/08/2003', 'dd/MM/yyyy'), 0.0, 0.0, 25.0, 178.5, 0.0, 203.5, true);
INSERT INTO t_vat_revenue (vtr_id, drv_id, vat_id, vtr_amount, vtr_value) VALUES (1617, 809, 1, 0, 0);
INSERT INTO t_vat_revenue (vtr_id, drv_id, vat_id, vtr_amount, vtr_value) VALUES (1618, 809, 2, 203.5, 10.609005);
INSERT INTO t_day_revenue (drv_id, drv_revenue_date, drv_print_date, drv_closing_date, drv_cash, drv_ticket, drv_cheque, drv_card, drv_unpaid, drv_amount, drv_takeaway) VALUES (810, TO_DATE('13/08/2003', 'dd/MM/yyyy'), TO_DATE('22/08/2003', 'dd/MM/yyyy'), TO_DATE('22/08/2003', 'dd/MM/yyyy'), 12.0, 18.0, 115.7, 472.0, 0.0, 617.7, false);
INSERT INTO t_vat_revenue (vtr_id, drv_id, vat_id, vtr_amount, vtr_value) VALUES (1619, 810, 1, 617.7, 101.22844);
INSERT INTO t_vat_revenue (vtr_id, drv_id, vat_id, vtr_amount, vtr_value) VALUES (1620, 810, 2, 0, 0);
INSERT INTO t_day_revenue (drv_id, drv_revenue_date, drv_print_date, drv_closing_date, drv_cash, drv_ticket, drv_cheque, drv_card, drv_unpaid, drv_amount, drv_takeaway) VALUES (811, TO_DATE('14/08/2003', 'dd/MM/yyyy'), TO_DATE('22/08/2003', 'dd/MM/yyyy'), TO_DATE('22/08/2003', 'dd/MM/yyyy'), 0.0, 0.0, 0.0, 209.5, 0.0, 209.5, true);
INSERT INTO t_vat_revenue (vtr_id, drv_id, vat_id, vtr_amount, vtr_value) VALUES (1621, 811, 1, 0, 0);
INSERT INTO t_vat_revenue (vtr_id, drv_id, vat_id, vtr_amount, vtr_value) VALUES (1622, 811, 2, 209.5, 10.921801);
INSERT INTO t_day_revenue (drv_id, drv_revenue_date, drv_print_date, drv_closing_date, drv_cash, drv_ticket, drv_cheque, drv_card, drv_unpaid, drv_amount, drv_takeaway) VALUES (812, TO_DATE('14/08/2003', 'dd/MM/yyyy'), TO_DATE('22/08/2003', 'dd/MM/yyyy'), TO_DATE('22/08/2003', 'dd/MM/yyyy'), 10.4, 29.6, 318.5, 934.0, 0.0, 1292.5, false);
INSERT INTO t_vat_revenue (vtr_id, drv_id, vat_id, vtr_amount, vtr_value) VALUES (1623, 812, 1, 1292.5, 211.81438);
INSERT INTO t_vat_revenue (vtr_id, drv_id, vat_id, vtr_amount, vtr_value) VALUES (1624, 812, 2, 0, 0);
INSERT INTO t_day_revenue (drv_id, drv_revenue_date, drv_print_date, drv_closing_date, drv_cash, drv_ticket, drv_cheque, drv_card, drv_unpaid, drv_amount, drv_takeaway) VALUES (813, TO_DATE('15/08/2003', 'dd/MM/yyyy'), TO_DATE('22/08/2003', 'dd/MM/yyyy'), TO_DATE('22/08/2003', 'dd/MM/yyyy'), 0.0, 0.0, 0.0, 38.5, 0.0, 38.5, true);
INSERT INTO t_vat_revenue (vtr_id, drv_id, vat_id, vtr_amount, vtr_value) VALUES (1625, 813, 1, 0, 0);
INSERT INTO t_vat_revenue (vtr_id, drv_id, vat_id, vtr_amount, vtr_value) VALUES (1626, 813, 2, 38.5, 2.007109);
INSERT INTO t_day_revenue (drv_id, drv_revenue_date, drv_print_date, drv_closing_date, drv_cash, drv_ticket, drv_cheque, drv_card, drv_unpaid, drv_amount, drv_takeaway) VALUES (814, TO_DATE('15/08/2003', 'dd/MM/yyyy'), TO_DATE('22/08/2003', 'dd/MM/yyyy'), TO_DATE('22/08/2003', 'dd/MM/yyyy'), 17.0, 37.98, 234.5, 1202.52, 0.0, 1492.0, false);
INSERT INTO t_vat_revenue (vtr_id, drv_id, vat_id, vtr_amount, vtr_value) VALUES (1627, 814, 1, 1492.0, 244.50838);
INSERT INTO t_vat_revenue (vtr_id, drv_id, vat_id, vtr_amount, vtr_value) VALUES (1628, 814, 2, 0, 0);
INSERT INTO t_day_revenue (drv_id, drv_revenue_date, drv_print_date, drv_closing_date, drv_cash, drv_ticket, drv_cheque, drv_card, drv_unpaid, drv_amount, drv_takeaway) VALUES (815, TO_DATE('16/08/2003', 'dd/MM/yyyy'), TO_DATE('22/08/2003', 'dd/MM/yyyy'), TO_DATE('22/08/2003', 'dd/MM/yyyy'), 0.0, 0.0, 0.0, 61.5, 0.0, 61.5, true);
INSERT INTO t_vat_revenue (vtr_id, drv_id, vat_id, vtr_amount, vtr_value) VALUES (1629, 815, 1, 0, 0);
INSERT INTO t_vat_revenue (vtr_id, drv_id, vat_id, vtr_amount, vtr_value) VALUES (1630, 815, 2, 61.5, 3.206161);
INSERT INTO t_day_revenue (drv_id, drv_revenue_date, drv_print_date, drv_closing_date, drv_cash, drv_ticket, drv_cheque, drv_card, drv_unpaid, drv_amount, drv_takeaway) VALUES (816, TO_DATE('16/08/2003', 'dd/MM/yyyy'), TO_DATE('22/08/2003', 'dd/MM/yyyy'), TO_DATE('22/08/2003', 'dd/MM/yyyy'), 0.0, 35.0, 281.0, 811.0, 0.0, 1127.0, false);
INSERT INTO t_vat_revenue (vtr_id, drv_id, vat_id, vtr_amount, vtr_value) VALUES (1631, 816, 1, 1127.0, 184.69232);
INSERT INTO t_vat_revenue (vtr_id, drv_id, vat_id, vtr_amount, vtr_value) VALUES (1632, 816, 2, 0, 0);
INSERT INTO t_day_revenue (drv_id, drv_revenue_date, drv_print_date, drv_closing_date, drv_cash, drv_ticket, drv_cheque, drv_card, drv_unpaid, drv_amount, drv_takeaway) VALUES (817, TO_DATE('17/08/2003', 'dd/MM/yyyy'), TO_DATE('22/08/2003', 'dd/MM/yyyy'), TO_DATE('22/08/2003', 'dd/MM/yyyy'), 0.0, 0.0, 0.0, 63.5, 0.0, 63.5, true);
INSERT INTO t_vat_revenue (vtr_id, drv_id, vat_id, vtr_amount, vtr_value) VALUES (1633, 817, 1, 0, 0);
INSERT INTO t_vat_revenue (vtr_id, drv_id, vat_id, vtr_amount, vtr_value) VALUES (1634, 817, 2, 63.5, 3.3104265);
INSERT INTO t_day_revenue (drv_id, drv_revenue_date, drv_print_date, drv_closing_date, drv_cash, drv_ticket, drv_cheque, drv_card, drv_unpaid, drv_amount, drv_takeaway) VALUES (818, TO_DATE('17/08/2003', 'dd/MM/yyyy'), TO_DATE('22/08/2003', 'dd/MM/yyyy'), TO_DATE('22/08/2003', 'dd/MM/yyyy'), 14.4, 6.1, 218.5, 909.0, 0.0, 1148.0, false);
INSERT INTO t_vat_revenue (vtr_id, drv_id, vat_id, vtr_amount, vtr_value) VALUES (1635, 818, 1, 1148.0, 188.13379);
INSERT INTO t_vat_revenue (vtr_id, drv_id, vat_id, vtr_amount, vtr_value) VALUES (1636, 818, 2, 0, 0);
INSERT INTO t_day_revenue (drv_id, drv_revenue_date, drv_print_date, drv_closing_date, drv_cash, drv_ticket, drv_cheque, drv_card, drv_unpaid, drv_amount, drv_takeaway) VALUES (819, TO_DATE('18/08/2003', 'dd/MM/yyyy'), TO_DATE('22/08/2003', 'dd/MM/yyyy'), TO_DATE('22/08/2003', 'dd/MM/yyyy'), 0.0, 0.0, 0.0, 46.0, 0.0, 46.0, true);
INSERT INTO t_vat_revenue (vtr_id, drv_id, vat_id, vtr_amount, vtr_value) VALUES (1637, 819, 1, 0, 0);
INSERT INTO t_vat_revenue (vtr_id, drv_id, vat_id, vtr_amount, vtr_value) VALUES (1638, 819, 2, 46.0, 2.3981042);
INSERT INTO t_day_revenue (drv_id, drv_revenue_date, drv_print_date, drv_closing_date, drv_cash, drv_ticket, drv_cheque, drv_card, drv_unpaid, drv_amount, drv_takeaway) VALUES (820, TO_DATE('18/08/2003', 'dd/MM/yyyy'), TO_DATE('22/08/2003', 'dd/MM/yyyy'), TO_DATE('22/08/2003', 'dd/MM/yyyy'), 11.5, 28.5, 148.0, 637.0, 0.0, 825.0, false);
INSERT INTO t_vat_revenue (vtr_id, drv_id, vat_id, vtr_amount, vtr_value) VALUES (1639, 820, 1, 825.0, 135.20067);
INSERT INTO t_vat_revenue (vtr_id, drv_id, vat_id, vtr_amount, vtr_value) VALUES (1640, 820, 2, 0, 0);
INSERT INTO t_day_revenue (drv_id, drv_revenue_date, drv_print_date, drv_closing_date, drv_cash, drv_ticket, drv_cheque, drv_card, drv_unpaid, drv_amount, drv_takeaway) VALUES (821, TO_DATE('19/08/2003', 'dd/MM/yyyy'), TO_DATE('22/08/2003', 'dd/MM/yyyy'), TO_DATE('22/08/2003', 'dd/MM/yyyy'), 0.0, 0.0, 15.0, 44.0, 0.0, 59.0, true);
INSERT INTO t_vat_revenue (vtr_id, drv_id, vat_id, vtr_amount, vtr_value) VALUES (1641, 821, 1, 0, 0);
INSERT INTO t_vat_revenue (vtr_id, drv_id, vat_id, vtr_amount, vtr_value) VALUES (1642, 821, 2, 59.0, 3.0758293);
INSERT INTO t_day_revenue (drv_id, drv_revenue_date, drv_print_date, drv_closing_date, drv_cash, drv_ticket, drv_cheque, drv_card, drv_unpaid, drv_amount, drv_takeaway) VALUES (822, TO_DATE('19/08/2003', 'dd/MM/yyyy'), TO_DATE('22/08/2003', 'dd/MM/yyyy'), TO_DATE('22/08/2003', 'dd/MM/yyyy'), 11.0, 0.0, 336.5, 665.0, 0.0, 1012.5, false);
INSERT INTO t_vat_revenue (vtr_id, drv_id, vat_id, vtr_amount, vtr_value) VALUES (1643, 822, 1, 1012.5, 165.9281);
INSERT INTO t_vat_revenue (vtr_id, drv_id, vat_id, vtr_amount, vtr_value) VALUES (1644, 822, 2, 0, 0);
INSERT INTO t_day_revenue (drv_id, drv_revenue_date, drv_print_date, drv_closing_date, drv_cash, drv_ticket, drv_cheque, drv_card, drv_unpaid, drv_amount, drv_takeaway) VALUES (823, TO_DATE('20/08/2003', 'dd/MM/yyyy'), TO_DATE('22/08/2003', 'dd/MM/yyyy'), TO_DATE('22/08/2003', 'dd/MM/yyyy'), 0.0, 0.0, 114.0, 193.5, 0.0, 307.5, true);
INSERT INTO t_vat_revenue (vtr_id, drv_id, vat_id, vtr_amount, vtr_value) VALUES (1645, 823, 1, 0, 0);
INSERT INTO t_vat_revenue (vtr_id, drv_id, vat_id, vtr_amount, vtr_value) VALUES (1646, 823, 2, 307.5, 16.030806);
INSERT INTO t_day_revenue (drv_id, drv_revenue_date, drv_print_date, drv_closing_date, drv_cash, drv_ticket, drv_cheque, drv_card, drv_unpaid, drv_amount, drv_takeaway) VALUES (824, TO_DATE('20/08/2003', 'dd/MM/yyyy'), TO_DATE('22/08/2003', 'dd/MM/yyyy'), TO_DATE('22/08/2003', 'dd/MM/yyyy'), 7.0, 14.0, 116.0, 607.5, 0.0, 744.5, false);
INSERT INTO t_vat_revenue (vtr_id, drv_id, vat_id, vtr_amount, vtr_value) VALUES (1647, 824, 1, 744.5, 122.00836);
INSERT INTO t_vat_revenue (vtr_id, drv_id, vat_id, vtr_amount, vtr_value) VALUES (1648, 824, 2, 0, 0);
INSERT INTO t_day_revenue (drv_id, drv_revenue_date, drv_print_date, drv_closing_date, drv_cash, drv_ticket, drv_cheque, drv_card, drv_unpaid, drv_amount, drv_takeaway) VALUES (825, TO_DATE('21/08/2003', 'dd/MM/yyyy'), TO_DATE('22/08/2003', 'dd/MM/yyyy'), TO_DATE('22/08/2003', 'dd/MM/yyyy'), 0.0, 0.0, 46.5, 42.5, 0.0, 89.0, true);
INSERT INTO t_vat_revenue (vtr_id, drv_id, vat_id, vtr_amount, vtr_value) VALUES (1649, 825, 1, 0, 0);
INSERT INTO t_vat_revenue (vtr_id, drv_id, vat_id, vtr_amount, vtr_value) VALUES (1650, 825, 2, 89.0, 4.6398106);
INSERT INTO t_day_revenue (drv_id, drv_revenue_date, drv_print_date, drv_closing_date, drv_cash, drv_ticket, drv_cheque, drv_card, drv_unpaid, drv_amount, drv_takeaway) VALUES (826, TO_DATE('21/08/2003', 'dd/MM/yyyy'), TO_DATE('22/08/2003', 'dd/MM/yyyy'), TO_DATE('22/08/2003', 'dd/MM/yyyy'), 12.0, 15.7, 145.6, 304.7, 0.0, 478.0, false);
INSERT INTO t_vat_revenue (vtr_id, drv_id, vat_id, vtr_amount, vtr_value) VALUES (1651, 826, 1, 478.0, 78.33445);
INSERT INTO t_vat_revenue (vtr_id, drv_id, vat_id, vtr_amount, vtr_value) VALUES (1652, 826, 2, 0, 0);
INSERT INTO t_day_revenue (drv_id, drv_revenue_date, drv_print_date, drv_closing_date, drv_cash, drv_ticket, drv_cheque, drv_card, drv_unpaid, drv_amount, drv_takeaway) VALUES (827, TO_DATE('22/08/2003', 'dd/MM/yyyy'), TO_DATE('10/09/2003', 'dd/MM/yyyy'), TO_DATE('10/09/2003', 'dd/MM/yyyy'), 0.0, 0.0, 0.0, 55.5, 0.0, 55.5, true);
INSERT INTO t_vat_revenue (vtr_id, drv_id, vat_id, vtr_amount, vtr_value) VALUES (1653, 827, 1, 0, 0);
INSERT INTO t_vat_revenue (vtr_id, drv_id, vat_id, vtr_amount, vtr_value) VALUES (1654, 827, 2, 55.5, 2.893365);
INSERT INTO t_day_revenue (drv_id, drv_revenue_date, drv_print_date, drv_closing_date, drv_cash, drv_ticket, drv_cheque, drv_card, drv_unpaid, drv_amount, drv_takeaway) VALUES (828, TO_DATE('22/08/2003', 'dd/MM/yyyy'), TO_DATE('10/09/2003', 'dd/MM/yyyy'), TO_DATE('10/09/2003', 'dd/MM/yyyy'), 14.9, 6.1, 190.0, 788.5, 0.0, 999.5, false);
INSERT INTO t_vat_revenue (vtr_id, drv_id, vat_id, vtr_amount, vtr_value) VALUES (1655, 828, 1, 999.5, 163.79767);
INSERT INTO t_vat_revenue (vtr_id, drv_id, vat_id, vtr_amount, vtr_value) VALUES (1656, 828, 2, 0, 0);
INSERT INTO t_day_revenue (drv_id, drv_revenue_date, drv_print_date, drv_closing_date, drv_cash, drv_ticket, drv_cheque, drv_card, drv_unpaid, drv_amount, drv_takeaway) VALUES (829, TO_DATE('23/08/2003', 'dd/MM/yyyy'), TO_DATE('10/09/2003', 'dd/MM/yyyy'), TO_DATE('10/09/2003', 'dd/MM/yyyy'), 0.0, 0.0, 0.0, 0.0, 0.0, 0.0, true);
INSERT INTO t_vat_revenue (vtr_id, drv_id, vat_id, vtr_amount, vtr_value) VALUES (1657, 829, 1, 0, 0);
INSERT INTO t_vat_revenue (vtr_id, drv_id, vat_id, vtr_amount, vtr_value) VALUES (1658, 829, 2, 0.0, 0.0);
INSERT INTO t_day_revenue (drv_id, drv_revenue_date, drv_print_date, drv_closing_date, drv_cash, drv_ticket, drv_cheque, drv_card, drv_unpaid, drv_amount, drv_takeaway) VALUES (830, TO_DATE('23/08/2003', 'dd/MM/yyyy'), TO_DATE('10/09/2003', 'dd/MM/yyyy'), TO_DATE('10/09/2003', 'dd/MM/yyyy'), 17.4, 31.64, 243.46, 853.5, 0.0, 1146.0, false);
INSERT INTO t_vat_revenue (vtr_id, drv_id, vat_id, vtr_amount, vtr_value) VALUES (1659, 830, 1, 1146.0, 187.80602);
INSERT INTO t_vat_revenue (vtr_id, drv_id, vat_id, vtr_amount, vtr_value) VALUES (1660, 830, 2, 0, 0);
INSERT INTO t_day_revenue (drv_id, drv_revenue_date, drv_print_date, drv_closing_date, drv_cash, drv_ticket, drv_cheque, drv_card, drv_unpaid, drv_amount, drv_takeaway) VALUES (831, TO_DATE('24/08/2003', 'dd/MM/yyyy'), TO_DATE('10/09/2003', 'dd/MM/yyyy'), TO_DATE('10/09/2003', 'dd/MM/yyyy'), 0.0, 0.0, 0.0, 43.5, 0.0, 43.5, true);
INSERT INTO t_vat_revenue (vtr_id, drv_id, vat_id, vtr_amount, vtr_value) VALUES (1661, 831, 1, 0, 0);
INSERT INTO t_vat_revenue (vtr_id, drv_id, vat_id, vtr_amount, vtr_value) VALUES (1662, 831, 2, 43.5, 2.2677724);
INSERT INTO t_day_revenue (drv_id, drv_revenue_date, drv_print_date, drv_closing_date, drv_cash, drv_ticket, drv_cheque, drv_card, drv_unpaid, drv_amount, drv_takeaway) VALUES (832, TO_DATE('24/08/2003', 'dd/MM/yyyy'), TO_DATE('10/09/2003', 'dd/MM/yyyy'), TO_DATE('10/09/2003', 'dd/MM/yyyy'), 10.5, 11.0, 503.0, 830.0, 0.0, 1354.5, false);
INSERT INTO t_vat_revenue (vtr_id, drv_id, vat_id, vtr_amount, vtr_value) VALUES (1663, 832, 1, 1354.5, 221.97493);
INSERT INTO t_vat_revenue (vtr_id, drv_id, vat_id, vtr_amount, vtr_value) VALUES (1664, 832, 2, 0, 0);
INSERT INTO t_day_revenue (drv_id, drv_revenue_date, drv_print_date, drv_closing_date, drv_cash, drv_ticket, drv_cheque, drv_card, drv_unpaid, drv_amount, drv_takeaway) VALUES (833, TO_DATE('25/08/2003', 'dd/MM/yyyy'), TO_DATE('10/09/2003', 'dd/MM/yyyy'), TO_DATE('10/09/2003', 'dd/MM/yyyy'), 0.0, 0.0, 0.0, 132.0, 0.0, 132.0, true);
INSERT INTO t_vat_revenue (vtr_id, drv_id, vat_id, vtr_amount, vtr_value) VALUES (1665, 833, 1, 0, 0);
INSERT INTO t_vat_revenue (vtr_id, drv_id, vat_id, vtr_amount, vtr_value) VALUES (1666, 833, 2, 132.0, 6.8815165);
INSERT INTO t_day_revenue (drv_id, drv_revenue_date, drv_print_date, drv_closing_date, drv_cash, drv_ticket, drv_cheque, drv_card, drv_unpaid, drv_amount, drv_takeaway) VALUES (834, TO_DATE('25/08/2003', 'dd/MM/yyyy'), TO_DATE('10/09/2003', 'dd/MM/yyyy'), TO_DATE('10/09/2003', 'dd/MM/yyyy'), 12.0, 14.51, 139.5, 762.99, 0.0, 929.0, false);
INSERT INTO t_vat_revenue (vtr_id, drv_id, vat_id, vtr_amount, vtr_value) VALUES (1667, 834, 1, 929.0, 152.24416);
INSERT INTO t_vat_revenue (vtr_id, drv_id, vat_id, vtr_amount, vtr_value) VALUES (1668, 834, 2, 0, 0);
INSERT INTO t_day_revenue (drv_id, drv_revenue_date, drv_print_date, drv_closing_date, drv_cash, drv_ticket, drv_cheque, drv_card, drv_unpaid, drv_amount, drv_takeaway) VALUES (835, TO_DATE('26/08/2003', 'dd/MM/yyyy'), TO_DATE('11/09/2003', 'dd/MM/yyyy'), TO_DATE('11/09/2003', 'dd/MM/yyyy'), 0.0, 0.0, 0.0, 58.0, 0.0, 58.0, true);
INSERT INTO t_vat_revenue (vtr_id, drv_id, vat_id, vtr_amount, vtr_value) VALUES (1669, 835, 1, 0, 0);
INSERT INTO t_vat_revenue (vtr_id, drv_id, vat_id, vtr_amount, vtr_value) VALUES (1670, 835, 2, 58.0, 3.0236967);
INSERT INTO t_day_revenue (drv_id, drv_revenue_date, drv_print_date, drv_closing_date, drv_cash, drv_ticket, drv_cheque, drv_card, drv_unpaid, drv_amount, drv_takeaway) VALUES (836, TO_DATE('26/08/2003', 'dd/MM/yyyy'), TO_DATE('11/09/2003', 'dd/MM/yyyy'), TO_DATE('11/09/2003', 'dd/MM/yyyy'), 16.0, 0.0, 322.0, 749.5, 0.0, 1087.5, false);
INSERT INTO t_vat_revenue (vtr_id, drv_id, vat_id, vtr_amount, vtr_value) VALUES (1671, 836, 1, 1087.5, 178.21907);
INSERT INTO t_vat_revenue (vtr_id, drv_id, vat_id, vtr_amount, vtr_value) VALUES (1672, 836, 2, 0, 0);
INSERT INTO t_day_revenue (drv_id, drv_revenue_date, drv_print_date, drv_closing_date, drv_cash, drv_ticket, drv_cheque, drv_card, drv_unpaid, drv_amount, drv_takeaway) VALUES (837, TO_DATE('27/08/2003', 'dd/MM/yyyy'), TO_DATE('11/09/2003', 'dd/MM/yyyy'), TO_DATE('11/09/2003', 'dd/MM/yyyy'), 0.0, 0.0, 22.0, 350.5, 0.0, 372.5, true);
INSERT INTO t_vat_revenue (vtr_id, drv_id, vat_id, vtr_amount, vtr_value) VALUES (1673, 837, 1, 0, 0);
INSERT INTO t_vat_revenue (vtr_id, drv_id, vat_id, vtr_amount, vtr_value) VALUES (1674, 837, 2, 372.5, 19.419432);
INSERT INTO t_day_revenue (drv_id, drv_revenue_date, drv_print_date, drv_closing_date, drv_cash, drv_ticket, drv_cheque, drv_card, drv_unpaid, drv_amount, drv_takeaway) VALUES (838, TO_DATE('27/08/2003', 'dd/MM/yyyy'), TO_DATE('11/09/2003', 'dd/MM/yyyy'), TO_DATE('11/09/2003', 'dd/MM/yyyy'), 24.8, 49.0, 129.7, 486.5, 0.0, 690.0, false);
INSERT INTO t_vat_revenue (vtr_id, drv_id, vat_id, vtr_amount, vtr_value) VALUES (1675, 838, 1, 690.0, 113.07693);
INSERT INTO t_vat_revenue (vtr_id, drv_id, vat_id, vtr_amount, vtr_value) VALUES (1676, 838, 2, 0, 0);
INSERT INTO t_day_revenue (drv_id, drv_revenue_date, drv_print_date, drv_closing_date, drv_cash, drv_ticket, drv_cheque, drv_card, drv_unpaid, drv_amount, drv_takeaway) VALUES (839, TO_DATE('28/08/2003', 'dd/MM/yyyy'), TO_DATE('11/09/2003', 'dd/MM/yyyy'), TO_DATE('11/09/2003', 'dd/MM/yyyy'), 0.0, 0.0, 0.0, 53.0, 0.0, 53.0, true);
INSERT INTO t_vat_revenue (vtr_id, drv_id, vat_id, vtr_amount, vtr_value) VALUES (1677, 839, 1, 0, 0);
INSERT INTO t_vat_revenue (vtr_id, drv_id, vat_id, vtr_amount, vtr_value) VALUES (1678, 839, 2, 53.0, 2.7630332);
INSERT INTO t_day_revenue (drv_id, drv_revenue_date, drv_print_date, drv_closing_date, drv_cash, drv_ticket, drv_cheque, drv_card, drv_unpaid, drv_amount, drv_takeaway) VALUES (840, TO_DATE('28/08/2003', 'dd/MM/yyyy'), TO_DATE('11/09/2003', 'dd/MM/yyyy'), TO_DATE('11/09/2003', 'dd/MM/yyyy'), 14.0, 0.0, 101.5, 714.0, 0.0, 829.5, false);
INSERT INTO t_vat_revenue (vtr_id, drv_id, vat_id, vtr_amount, vtr_value) VALUES (1679, 840, 1, 829.5, 135.93813);
INSERT INTO t_vat_revenue (vtr_id, drv_id, vat_id, vtr_amount, vtr_value) VALUES (1680, 840, 2, 0, 0);
INSERT INTO t_day_revenue (drv_id, drv_revenue_date, drv_print_date, drv_closing_date, drv_cash, drv_ticket, drv_cheque, drv_card, drv_unpaid, drv_amount, drv_takeaway) VALUES (841, TO_DATE('29/08/2003', 'dd/MM/yyyy'), TO_DATE('11/09/2003', 'dd/MM/yyyy'), TO_DATE('11/09/2003', 'dd/MM/yyyy'), 0.0, 0.0, 0.0, 114.0, 0.0, 114.0, true);
INSERT INTO t_vat_revenue (vtr_id, drv_id, vat_id, vtr_amount, vtr_value) VALUES (1681, 841, 1, 0, 0);
INSERT INTO t_vat_revenue (vtr_id, drv_id, vat_id, vtr_amount, vtr_value) VALUES (1682, 841, 2, 114.0, 5.943128);
INSERT INTO t_day_revenue (drv_id, drv_revenue_date, drv_print_date, drv_closing_date, drv_cash, drv_ticket, drv_cheque, drv_card, drv_unpaid, drv_amount, drv_takeaway) VALUES (842, TO_DATE('29/08/2003', 'dd/MM/yyyy'), TO_DATE('11/09/2003', 'dd/MM/yyyy'), TO_DATE('11/09/2003', 'dd/MM/yyyy'), 27.3, 29.78, 884.21, 1372.21, 0.0, 2313.5, false);
INSERT INTO t_vat_revenue (vtr_id, drv_id, vat_id, vtr_amount, vtr_value) VALUES (1683, 842, 1, 2313.5, 379.13547);
INSERT INTO t_vat_revenue (vtr_id, drv_id, vat_id, vtr_amount, vtr_value) VALUES (1684, 842, 2, 0, 0);
INSERT INTO t_day_revenue (drv_id, drv_revenue_date, drv_print_date, drv_closing_date, drv_cash, drv_ticket, drv_cheque, drv_card, drv_unpaid, drv_amount, drv_takeaway) VALUES (843, TO_DATE('30/08/2003', 'dd/MM/yyyy'), TO_DATE('11/09/2003', 'dd/MM/yyyy'), TO_DATE('11/09/2003', 'dd/MM/yyyy'), 0.0, 0.0, 0.0, 39.0, 0.0, 39.0, true);
INSERT INTO t_vat_revenue (vtr_id, drv_id, vat_id, vtr_amount, vtr_value) VALUES (1685, 843, 1, 0, 0);
INSERT INTO t_vat_revenue (vtr_id, drv_id, vat_id, vtr_amount, vtr_value) VALUES (1686, 843, 2, 39.0, 2.0331755);
INSERT INTO t_day_revenue (drv_id, drv_revenue_date, drv_print_date, drv_closing_date, drv_cash, drv_ticket, drv_cheque, drv_card, drv_unpaid, drv_amount, drv_takeaway) VALUES (844, TO_DATE('30/08/2003', 'dd/MM/yyyy'), TO_DATE('11/09/2003', 'dd/MM/yyyy'), TO_DATE('11/09/2003', 'dd/MM/yyyy'), 10.3, 12.2, 308.5, 1113.5, 0.0, 1444.5, false);
INSERT INTO t_vat_revenue (vtr_id, drv_id, vat_id, vtr_amount, vtr_value) VALUES (1687, 844, 1, 1444.5, 236.72409);
INSERT INTO t_vat_revenue (vtr_id, drv_id, vat_id, vtr_amount, vtr_value) VALUES (1688, 844, 2, 0, 0);
INSERT INTO t_day_revenue (drv_id, drv_revenue_date, drv_print_date, drv_closing_date, drv_cash, drv_ticket, drv_cheque, drv_card, drv_unpaid, drv_amount, drv_takeaway) VALUES (845, TO_DATE('31/08/2003', 'dd/MM/yyyy'), TO_DATE('11/09/2003', 'dd/MM/yyyy'), TO_DATE('11/09/2003', 'dd/MM/yyyy'), 0.0, 0.0, 0.0, 0.0, 0.0, 0.0, true);
INSERT INTO t_vat_revenue (vtr_id, drv_id, vat_id, vtr_amount, vtr_value) VALUES (1689, 845, 1, 0, 0);
INSERT INTO t_vat_revenue (vtr_id, drv_id, vat_id, vtr_amount, vtr_value) VALUES (1690, 845, 2, 0.0, 0.0);
INSERT INTO t_day_revenue (drv_id, drv_revenue_date, drv_print_date, drv_closing_date, drv_cash, drv_ticket, drv_cheque, drv_card, drv_unpaid, drv_amount, drv_takeaway) VALUES (846, TO_DATE('31/08/2003', 'dd/MM/yyyy'), TO_DATE('11/09/2003', 'dd/MM/yyyy'), TO_DATE('11/09/2003', 'dd/MM/yyyy'), 7.0, 10.0, 307.5, 861.5, 0.0, 1186.0, false);
INSERT INTO t_vat_revenue (vtr_id, drv_id, vat_id, vtr_amount, vtr_value) VALUES (1691, 846, 1, 1186.0, 194.3612);
INSERT INTO t_vat_revenue (vtr_id, drv_id, vat_id, vtr_amount, vtr_value) VALUES (1692, 846, 2, 0, 0);
INSERT INTO t_day_revenue (drv_id, drv_revenue_date, drv_print_date, drv_closing_date, drv_cash, drv_ticket, drv_cheque, drv_card, drv_unpaid, drv_amount, drv_takeaway) VALUES (847, TO_DATE('01/09/2003', 'dd/MM/yyyy'), TO_DATE('11/09/2003', 'dd/MM/yyyy'), TO_DATE('11/09/2003', 'dd/MM/yyyy'), 0.0, 0.0, 0.0, 0.0, 0.0, 0.0, true);
INSERT INTO t_vat_revenue (vtr_id, drv_id, vat_id, vtr_amount, vtr_value) VALUES (1693, 847, 1, 0, 0);
INSERT INTO t_vat_revenue (vtr_id, drv_id, vat_id, vtr_amount, vtr_value) VALUES (1694, 847, 2, 0.0, 0.0);
INSERT INTO t_day_revenue (drv_id, drv_revenue_date, drv_print_date, drv_closing_date, drv_cash, drv_ticket, drv_cheque, drv_card, drv_unpaid, drv_amount, drv_takeaway) VALUES (848, TO_DATE('01/09/2003', 'dd/MM/yyyy'), TO_DATE('11/09/2003', 'dd/MM/yyyy'), TO_DATE('11/09/2003', 'dd/MM/yyyy'), 25.5, 15.5, 233.5, 363.0, 0.0, 637.5, false);
INSERT INTO t_vat_revenue (vtr_id, drv_id, vat_id, vtr_amount, vtr_value) VALUES (1695, 848, 1, 637.5, 104.47324);
INSERT INTO t_vat_revenue (vtr_id, drv_id, vat_id, vtr_amount, vtr_value) VALUES (1696, 848, 2, 0, 0);
INSERT INTO t_day_revenue (drv_id, drv_revenue_date, drv_print_date, drv_closing_date, drv_cash, drv_ticket, drv_cheque, drv_card, drv_unpaid, drv_amount, drv_takeaway) VALUES (849, TO_DATE('02/09/2003', 'dd/MM/yyyy'), TO_DATE('11/09/2003', 'dd/MM/yyyy'), TO_DATE('11/09/2003', 'dd/MM/yyyy'), 0.0, 0.0, 68.0, 134.5, 0.0, 202.5, true);
INSERT INTO t_vat_revenue (vtr_id, drv_id, vat_id, vtr_amount, vtr_value) VALUES (1697, 849, 1, 0, 0);
INSERT INTO t_vat_revenue (vtr_id, drv_id, vat_id, vtr_amount, vtr_value) VALUES (1698, 849, 2, 202.5, 10.556872);
INSERT INTO t_day_revenue (drv_id, drv_revenue_date, drv_print_date, drv_closing_date, drv_cash, drv_ticket, drv_cheque, drv_card, drv_unpaid, drv_amount, drv_takeaway) VALUES (850, TO_DATE('02/09/2003', 'dd/MM/yyyy'), TO_DATE('11/09/2003', 'dd/MM/yyyy'), TO_DATE('11/09/2003', 'dd/MM/yyyy'), 82.7, 18.3, 34.0, 662.5, 0.0, 797.5, false);
INSERT INTO t_vat_revenue (vtr_id, drv_id, vat_id, vtr_amount, vtr_value) VALUES (1699, 850, 1, 797.5, 130.69398);
INSERT INTO t_vat_revenue (vtr_id, drv_id, vat_id, vtr_amount, vtr_value) VALUES (1700, 850, 2, 0, 0);
INSERT INTO t_day_revenue (drv_id, drv_revenue_date, drv_print_date, drv_closing_date, drv_cash, drv_ticket, drv_cheque, drv_card, drv_unpaid, drv_amount, drv_takeaway) VALUES (851, TO_DATE('03/09/2003', 'dd/MM/yyyy'), TO_DATE('11/09/2003', 'dd/MM/yyyy'), TO_DATE('11/09/2003', 'dd/MM/yyyy'), 0.0, 0.0, 92.35, 142.0, 0.0, 234.35, true);
INSERT INTO t_vat_revenue (vtr_id, drv_id, vat_id, vtr_amount, vtr_value) VALUES (1701, 851, 1, 0, 0);
INSERT INTO t_vat_revenue (vtr_id, drv_id, vat_id, vtr_amount, vtr_value) VALUES (1702, 851, 2, 234.35, 12.217299);
INSERT INTO t_day_revenue (drv_id, drv_revenue_date, drv_print_date, drv_closing_date, drv_cash, drv_ticket, drv_cheque, drv_card, drv_unpaid, drv_amount, drv_takeaway) VALUES (852, TO_DATE('03/09/2003', 'dd/MM/yyyy'), TO_DATE('11/09/2003', 'dd/MM/yyyy'), TO_DATE('11/09/2003', 'dd/MM/yyyy'), 6.0, 34.5, 93.5, 222.0, 0.0, 356.0, false);
INSERT INTO t_vat_revenue (vtr_id, drv_id, vat_id, vtr_amount, vtr_value) VALUES (1703, 852, 1, 356.0, 58.341137);
INSERT INTO t_vat_revenue (vtr_id, drv_id, vat_id, vtr_amount, vtr_value) VALUES (1704, 852, 2, 0, 0);
INSERT INTO t_day_revenue (drv_id, drv_revenue_date, drv_print_date, drv_closing_date, drv_cash, drv_ticket, drv_cheque, drv_card, drv_unpaid, drv_amount, drv_takeaway) VALUES (853, TO_DATE('04/09/2003', 'dd/MM/yyyy'), TO_DATE('11/09/2003', 'dd/MM/yyyy'), TO_DATE('11/09/2003', 'dd/MM/yyyy'), 0.0, 0.0, 0.0, 71.0, 0.0, 71.0, true);
INSERT INTO t_vat_revenue (vtr_id, drv_id, vat_id, vtr_amount, vtr_value) VALUES (1705, 853, 1, 0, 0);
INSERT INTO t_vat_revenue (vtr_id, drv_id, vat_id, vtr_amount, vtr_value) VALUES (1706, 853, 2, 71.0, 3.7014217);
INSERT INTO t_day_revenue (drv_id, drv_revenue_date, drv_print_date, drv_closing_date, drv_cash, drv_ticket, drv_cheque, drv_card, drv_unpaid, drv_amount, drv_takeaway) VALUES (854, TO_DATE('04/09/2003', 'dd/MM/yyyy'), TO_DATE('11/09/2003', 'dd/MM/yyyy'), TO_DATE('11/09/2003', 'dd/MM/yyyy'), 6.0, 25.6, 253.5, 726.9, 0.0, 1012.0, false);
INSERT INTO t_vat_revenue (vtr_id, drv_id, vat_id, vtr_amount, vtr_value) VALUES (1707, 854, 1, 1012.0, 165.84616);
INSERT INTO t_vat_revenue (vtr_id, drv_id, vat_id, vtr_amount, vtr_value) VALUES (1708, 854, 2, 0, 0);
INSERT INTO t_day_revenue (drv_id, drv_revenue_date, drv_print_date, drv_closing_date, drv_cash, drv_ticket, drv_cheque, drv_card, drv_unpaid, drv_amount, drv_takeaway) VALUES (855, TO_DATE('05/09/2003', 'dd/MM/yyyy'), TO_DATE('11/09/2003', 'dd/MM/yyyy'), TO_DATE('11/09/2003', 'dd/MM/yyyy'), 0.0, 0.0, 0.0, 56.0, 0.0, 56.0, true);
INSERT INTO t_vat_revenue (vtr_id, drv_id, vat_id, vtr_amount, vtr_value) VALUES (1709, 855, 1, 0, 0);
INSERT INTO t_vat_revenue (vtr_id, drv_id, vat_id, vtr_amount, vtr_value) VALUES (1710, 855, 2, 56.0, 2.9194312);
INSERT INTO t_day_revenue (drv_id, drv_revenue_date, drv_print_date, drv_closing_date, drv_cash, drv_ticket, drv_cheque, drv_card, drv_unpaid, drv_amount, drv_takeaway) VALUES (856, TO_DATE('05/09/2003', 'dd/MM/yyyy'), TO_DATE('11/09/2003', 'dd/MM/yyyy'), TO_DATE('11/09/2003', 'dd/MM/yyyy'), 25.0, 6.25, 311.0, 1040.75, 0.0, 1383.0, false);
INSERT INTO t_vat_revenue (vtr_id, drv_id, vat_id, vtr_amount, vtr_value) VALUES (1711, 856, 1, 1383.0, 226.6455);
INSERT INTO t_vat_revenue (vtr_id, drv_id, vat_id, vtr_amount, vtr_value) VALUES (1712, 856, 2, 0, 0);
INSERT INTO t_day_revenue (drv_id, drv_revenue_date, drv_print_date, drv_closing_date, drv_cash, drv_ticket, drv_cheque, drv_card, drv_unpaid, drv_amount, drv_takeaway) VALUES (857, TO_DATE('06/09/2003', 'dd/MM/yyyy'), TO_DATE('11/09/2003', 'dd/MM/yyyy'), TO_DATE('11/09/2003', 'dd/MM/yyyy'), 0.0, 0.0, 0.0, 68.0, 0.0, 68.0, true);
INSERT INTO t_vat_revenue (vtr_id, drv_id, vat_id, vtr_amount, vtr_value) VALUES (1713, 857, 1, 0, 0);
INSERT INTO t_vat_revenue (vtr_id, drv_id, vat_id, vtr_amount, vtr_value) VALUES (1714, 857, 2, 68.0, 3.5450237);
INSERT INTO t_day_revenue (drv_id, drv_revenue_date, drv_print_date, drv_closing_date, drv_cash, drv_ticket, drv_cheque, drv_card, drv_unpaid, drv_amount, drv_takeaway) VALUES (858, TO_DATE('06/09/2003', 'dd/MM/yyyy'), TO_DATE('11/09/2003', 'dd/MM/yyyy'), TO_DATE('11/09/2003', 'dd/MM/yyyy'), 7.8, 43.8, 328.15, 1176.25, 0.0, 1556.0, false);
INSERT INTO t_vat_revenue (vtr_id, drv_id, vat_id, vtr_amount, vtr_value) VALUES (1715, 858, 1, 1556.0, 254.99667);
INSERT INTO t_vat_revenue (vtr_id, drv_id, vat_id, vtr_amount, vtr_value) VALUES (1716, 858, 2, 0, 0);
INSERT INTO t_day_revenue (drv_id, drv_revenue_date, drv_print_date, drv_closing_date, drv_cash, drv_ticket, drv_cheque, drv_card, drv_unpaid, drv_amount, drv_takeaway) VALUES (859, TO_DATE('07/09/2003', 'dd/MM/yyyy'), TO_DATE('11/09/2003', 'dd/MM/yyyy'), TO_DATE('11/09/2003', 'dd/MM/yyyy'), 0.0, 0.0, 0.0, 156.0, 0.0, 156.0, true);
INSERT INTO t_vat_revenue (vtr_id, drv_id, vat_id, vtr_amount, vtr_value) VALUES (1717, 859, 1, 0, 0);
INSERT INTO t_vat_revenue (vtr_id, drv_id, vat_id, vtr_amount, vtr_value) VALUES (1718, 859, 2, 156.0, 8.132702);
INSERT INTO t_day_revenue (drv_id, drv_revenue_date, drv_print_date, drv_closing_date, drv_cash, drv_ticket, drv_cheque, drv_card, drv_unpaid, drv_amount, drv_takeaway) VALUES (860, TO_DATE('07/09/2003', 'dd/MM/yyyy'), TO_DATE('11/09/2003', 'dd/MM/yyyy'), TO_DATE('11/09/2003', 'dd/MM/yyyy'), 10.0, 19.5, 222.5, 768.0, 0.0, 1020.0, false);
INSERT INTO t_vat_revenue (vtr_id, drv_id, vat_id, vtr_amount, vtr_value) VALUES (1719, 860, 1, 1020.0, 167.1572);
INSERT INTO t_vat_revenue (vtr_id, drv_id, vat_id, vtr_amount, vtr_value) VALUES (1720, 860, 2, 0, 0);
INSERT INTO t_day_revenue (drv_id, drv_revenue_date, drv_print_date, drv_closing_date, drv_cash, drv_ticket, drv_cheque, drv_card, drv_unpaid, drv_amount, drv_takeaway) VALUES (861, TO_DATE('08/09/2003', 'dd/MM/yyyy'), TO_DATE('11/09/2003', 'dd/MM/yyyy'), TO_DATE('11/09/2003', 'dd/MM/yyyy'), 0.0, 0.0, 0.0, 35.0, 0.0, 35.0, true);
INSERT INTO t_vat_revenue (vtr_id, drv_id, vat_id, vtr_amount, vtr_value) VALUES (1721, 861, 1, 0, 0);
INSERT INTO t_vat_revenue (vtr_id, drv_id, vat_id, vtr_amount, vtr_value) VALUES (1722, 861, 2, 35.0, 1.8246446);
INSERT INTO t_day_revenue (drv_id, drv_revenue_date, drv_print_date, drv_closing_date, drv_cash, drv_ticket, drv_cheque, drv_card, drv_unpaid, drv_amount, drv_takeaway) VALUES (862, TO_DATE('08/09/2003', 'dd/MM/yyyy'), TO_DATE('11/09/2003', 'dd/MM/yyyy'), TO_DATE('11/09/2003', 'dd/MM/yyyy'), 0.0, 20.36, 150.0, 426.14, 0.0, 596.5, false);
INSERT INTO t_vat_revenue (vtr_id, drv_id, vat_id, vtr_amount, vtr_value) VALUES (1723, 862, 1, 596.5, 97.75419);
INSERT INTO t_vat_revenue (vtr_id, drv_id, vat_id, vtr_amount, vtr_value) VALUES (1724, 862, 2, 0, 0);
INSERT INTO t_day_revenue (drv_id, drv_revenue_date, drv_print_date, drv_closing_date, drv_cash, drv_ticket, drv_cheque, drv_card, drv_unpaid, drv_amount, drv_takeaway) VALUES (863, TO_DATE('09/09/2003', 'dd/MM/yyyy'), TO_DATE('11/09/2003', 'dd/MM/yyyy'), TO_DATE('11/09/2003', 'dd/MM/yyyy'), 0.0, 0.0, 37.5, 13.5, 0.0, 51.0, true);
INSERT INTO t_vat_revenue (vtr_id, drv_id, vat_id, vtr_amount, vtr_value) VALUES (1725, 863, 1, 0, 0);
INSERT INTO t_vat_revenue (vtr_id, drv_id, vat_id, vtr_amount, vtr_value) VALUES (1726, 863, 2, 51.0, 2.6587677);
INSERT INTO t_day_revenue (drv_id, drv_revenue_date, drv_print_date, drv_closing_date, drv_cash, drv_ticket, drv_cheque, drv_card, drv_unpaid, drv_amount, drv_takeaway) VALUES (864, TO_DATE('09/09/2003', 'dd/MM/yyyy'), TO_DATE('11/09/2003', 'dd/MM/yyyy'), TO_DATE('11/09/2003', 'dd/MM/yyyy'), 43.0, 20.51, 49.0, 610.49, 0.0, 723.0, false);
INSERT INTO t_vat_revenue (vtr_id, drv_id, vat_id, vtr_amount, vtr_value) VALUES (1727, 864, 1, 723.0, 118.48495);
INSERT INTO t_vat_revenue (vtr_id, drv_id, vat_id, vtr_amount, vtr_value) VALUES (1728, 864, 2, 0, 0);
INSERT INTO t_day_revenue (drv_id, drv_revenue_date, drv_print_date, drv_closing_date, drv_cash, drv_ticket, drv_cheque, drv_card, drv_unpaid, drv_amount, drv_takeaway) VALUES (865, TO_DATE('10/09/2003', 'dd/MM/yyyy'), TO_DATE('11/09/2003', 'dd/MM/yyyy'), TO_DATE('11/09/2003', 'dd/MM/yyyy'), 0.0, 0.0, 32.0, 81.5, 0.0, 113.5, true);
INSERT INTO t_vat_revenue (vtr_id, drv_id, vat_id, vtr_amount, vtr_value) VALUES (1729, 865, 1, 0, 0);
INSERT INTO t_vat_revenue (vtr_id, drv_id, vat_id, vtr_amount, vtr_value) VALUES (1730, 865, 2, 113.5, 5.917062);
INSERT INTO t_day_revenue (drv_id, drv_revenue_date, drv_print_date, drv_closing_date, drv_cash, drv_ticket, drv_cheque, drv_card, drv_unpaid, drv_amount, drv_takeaway) VALUES (866, TO_DATE('10/09/2003', 'dd/MM/yyyy'), TO_DATE('11/09/2003', 'dd/MM/yyyy'), TO_DATE('11/09/2003', 'dd/MM/yyyy'), 42.0, 9.5, 166.5, 638.0, 0.0, 856.0, false);
INSERT INTO t_vat_revenue (vtr_id, drv_id, vat_id, vtr_amount, vtr_value) VALUES (1731, 866, 1, 856.0, 140.28093);
INSERT INTO t_vat_revenue (vtr_id, drv_id, vat_id, vtr_amount, vtr_value) VALUES (1732, 866, 2, 0, 0);
INSERT INTO t_day_revenue (drv_id, drv_revenue_date, drv_print_date, drv_closing_date, drv_cash, drv_ticket, drv_cheque, drv_card, drv_unpaid, drv_amount, drv_takeaway) VALUES (867, TO_DATE('11/09/2003', 'dd/MM/yyyy'), TO_DATE('26/09/2003', 'dd/MM/yyyy'), TO_DATE('26/09/2003', 'dd/MM/yyyy'), 0.0, 0.0, 0.0, 22.0, 0.0, 22.0, true);
INSERT INTO t_vat_revenue (vtr_id, drv_id, vat_id, vtr_amount, vtr_value) VALUES (1733, 867, 1, 0, 0);
INSERT INTO t_vat_revenue (vtr_id, drv_id, vat_id, vtr_amount, vtr_value) VALUES (1734, 867, 2, 22.0, 1.1469195);
INSERT INTO t_day_revenue (drv_id, drv_revenue_date, drv_print_date, drv_closing_date, drv_cash, drv_ticket, drv_cheque, drv_card, drv_unpaid, drv_amount, drv_takeaway) VALUES (868, TO_DATE('11/09/2003', 'dd/MM/yyyy'), TO_DATE('26/09/2003', 'dd/MM/yyyy'), TO_DATE('26/09/2003', 'dd/MM/yyyy'), 16.25, 30.5, 337.5, 608.75, 0.0, 993.0, false);
INSERT INTO t_vat_revenue (vtr_id, drv_id, vat_id, vtr_amount, vtr_value) VALUES (1735, 868, 1, 993.0, 162.73245);
INSERT INTO t_vat_revenue (vtr_id, drv_id, vat_id, vtr_amount, vtr_value) VALUES (1736, 868, 2, 0, 0);
INSERT INTO t_day_revenue (drv_id, drv_revenue_date, drv_print_date, drv_closing_date, drv_cash, drv_ticket, drv_cheque, drv_card, drv_unpaid, drv_amount, drv_takeaway) VALUES (869, TO_DATE('12/09/2003', 'dd/MM/yyyy'), TO_DATE('26/09/2003', 'dd/MM/yyyy'), TO_DATE('26/09/2003', 'dd/MM/yyyy'), 0.0, 0.0, 0.0, 31.5, 0.0, 31.5, true);
INSERT INTO t_vat_revenue (vtr_id, drv_id, vat_id, vtr_amount, vtr_value) VALUES (1737, 869, 1, 0, 0);
INSERT INTO t_vat_revenue (vtr_id, drv_id, vat_id, vtr_amount, vtr_value) VALUES (1738, 869, 2, 31.5, 1.6421801);
INSERT INTO t_day_revenue (drv_id, drv_revenue_date, drv_print_date, drv_closing_date, drv_cash, drv_ticket, drv_cheque, drv_card, drv_unpaid, drv_amount, drv_takeaway) VALUES (870, TO_DATE('12/09/2003', 'dd/MM/yyyy'), TO_DATE('26/09/2003', 'dd/MM/yyyy'), TO_DATE('26/09/2003', 'dd/MM/yyyy'), 64.5, 28.4, 724.5, 939.6, 0.0, 1757.0, false);
INSERT INTO t_vat_revenue (vtr_id, drv_id, vat_id, vtr_amount, vtr_value) VALUES (1739, 870, 1, 1757.0, 287.93646);
INSERT INTO t_vat_revenue (vtr_id, drv_id, vat_id, vtr_amount, vtr_value) VALUES (1740, 870, 2, 0, 0);
INSERT INTO t_day_revenue (drv_id, drv_revenue_date, drv_print_date, drv_closing_date, drv_cash, drv_ticket, drv_cheque, drv_card, drv_unpaid, drv_amount, drv_takeaway) VALUES (871, TO_DATE('13/09/2003', 'dd/MM/yyyy'), TO_DATE('26/09/2003', 'dd/MM/yyyy'), TO_DATE('26/09/2003', 'dd/MM/yyyy'), 0.0, 7.2, 0.0, 67.8, 0.0, 75.0, true);
INSERT INTO t_vat_revenue (vtr_id, drv_id, vat_id, vtr_amount, vtr_value) VALUES (1741, 871, 1, 0, 0);
INSERT INTO t_vat_revenue (vtr_id, drv_id, vat_id, vtr_amount, vtr_value) VALUES (1742, 871, 2, 75.0, 3.9099526);
INSERT INTO t_day_revenue (drv_id, drv_revenue_date, drv_print_date, drv_closing_date, drv_cash, drv_ticket, drv_cheque, drv_card, drv_unpaid, drv_amount, drv_takeaway) VALUES (872, TO_DATE('13/09/2003', 'dd/MM/yyyy'), TO_DATE('26/09/2003', 'dd/MM/yyyy'), TO_DATE('26/09/2003', 'dd/MM/yyyy'), 16.0, 26.34, 115.5, 1489.66, 0.0, 1647.5, false);
INSERT INTO t_vat_revenue (vtr_id, drv_id, vat_id, vtr_amount, vtr_value) VALUES (1743, 872, 1, 1647.5, 269.99164);
INSERT INTO t_vat_revenue (vtr_id, drv_id, vat_id, vtr_amount, vtr_value) VALUES (1744, 872, 2, 0, 0);
INSERT INTO t_day_revenue (drv_id, drv_revenue_date, drv_print_date, drv_closing_date, drv_cash, drv_ticket, drv_cheque, drv_card, drv_unpaid, drv_amount, drv_takeaway) VALUES (873, TO_DATE('14/09/2003', 'dd/MM/yyyy'), TO_DATE('26/09/2003', 'dd/MM/yyyy'), TO_DATE('26/09/2003', 'dd/MM/yyyy'), 0.0, 0.0, 0.0, 143.0, 0.0, 143.0, true);
INSERT INTO t_vat_revenue (vtr_id, drv_id, vat_id, vtr_amount, vtr_value) VALUES (1745, 873, 1, 0, 0);
INSERT INTO t_vat_revenue (vtr_id, drv_id, vat_id, vtr_amount, vtr_value) VALUES (1746, 873, 2, 143.0, 7.454976);
INSERT INTO t_day_revenue (drv_id, drv_revenue_date, drv_print_date, drv_closing_date, drv_cash, drv_ticket, drv_cheque, drv_card, drv_unpaid, drv_amount, drv_takeaway) VALUES (874, TO_DATE('14/09/2003', 'dd/MM/yyyy'), TO_DATE('26/09/2003', 'dd/MM/yyyy'), TO_DATE('26/09/2003', 'dd/MM/yyyy'), 0.0, 0.0, 78.5, 353.0, 0.0, 431.5, false);
INSERT INTO t_vat_revenue (vtr_id, drv_id, vat_id, vtr_amount, vtr_value) VALUES (1747, 874, 1, 431.5, 70.71405);
INSERT INTO t_vat_revenue (vtr_id, drv_id, vat_id, vtr_amount, vtr_value) VALUES (1748, 874, 2, 0, 0);
INSERT INTO t_day_revenue (drv_id, drv_revenue_date, drv_print_date, drv_closing_date, drv_cash, drv_ticket, drv_cheque, drv_card, drv_unpaid, drv_amount, drv_takeaway) VALUES (875, TO_DATE('15/09/2003', 'dd/MM/yyyy'), TO_DATE('26/09/2003', 'dd/MM/yyyy'), TO_DATE('26/09/2003', 'dd/MM/yyyy'), 0.0, 0.0, 0.0, 0.0, 0.0, 0.0, true);
INSERT INTO t_vat_revenue (vtr_id, drv_id, vat_id, vtr_amount, vtr_value) VALUES (1749, 875, 1, 0, 0);
INSERT INTO t_vat_revenue (vtr_id, drv_id, vat_id, vtr_amount, vtr_value) VALUES (1750, 875, 2, 0.0, 0.0);
INSERT INTO t_day_revenue (drv_id, drv_revenue_date, drv_print_date, drv_closing_date, drv_cash, drv_ticket, drv_cheque, drv_card, drv_unpaid, drv_amount, drv_takeaway) VALUES (876, TO_DATE('15/09/2003', 'dd/MM/yyyy'), TO_DATE('26/09/2003', 'dd/MM/yyyy'), TO_DATE('26/09/2003', 'dd/MM/yyyy'), 12.1, 15.7, 261.2, 619.0, 0.0, 908.0, false);
INSERT INTO t_vat_revenue (vtr_id, drv_id, vat_id, vtr_amount, vtr_value) VALUES (1751, 876, 1, 908.0, 148.80269);
INSERT INTO t_vat_revenue (vtr_id, drv_id, vat_id, vtr_amount, vtr_value) VALUES (1752, 876, 2, 0, 0);
INSERT INTO t_day_revenue (drv_id, drv_revenue_date, drv_print_date, drv_closing_date, drv_cash, drv_ticket, drv_cheque, drv_card, drv_unpaid, drv_amount, drv_takeaway) VALUES (877, TO_DATE('16/09/2003', 'dd/MM/yyyy'), TO_DATE('26/09/2003', 'dd/MM/yyyy'), TO_DATE('26/09/2003', 'dd/MM/yyyy'), 0.0, 0.0, 0.0, 0.0, 0.0, 0.0, true);
INSERT INTO t_vat_revenue (vtr_id, drv_id, vat_id, vtr_amount, vtr_value) VALUES (1753, 877, 1, 0, 0);
INSERT INTO t_vat_revenue (vtr_id, drv_id, vat_id, vtr_amount, vtr_value) VALUES (1754, 877, 2, 0.0, 0.0);
INSERT INTO t_day_revenue (drv_id, drv_revenue_date, drv_print_date, drv_closing_date, drv_cash, drv_ticket, drv_cheque, drv_card, drv_unpaid, drv_amount, drv_takeaway) VALUES (878, TO_DATE('16/09/2003', 'dd/MM/yyyy'), TO_DATE('26/09/2003', 'dd/MM/yyyy'), TO_DATE('26/09/2003', 'dd/MM/yyyy'), 33.5, 35.0, 236.0, 631.0, 0.0, 935.5, false);
INSERT INTO t_vat_revenue (vtr_id, drv_id, vat_id, vtr_amount, vtr_value) VALUES (1755, 878, 1, 935.5, 153.30937);
INSERT INTO t_vat_revenue (vtr_id, drv_id, vat_id, vtr_amount, vtr_value) VALUES (1756, 878, 2, 0, 0);
INSERT INTO t_day_revenue (drv_id, drv_revenue_date, drv_print_date, drv_closing_date, drv_cash, drv_ticket, drv_cheque, drv_card, drv_unpaid, drv_amount, drv_takeaway) VALUES (879, TO_DATE('17/09/2003', 'dd/MM/yyyy'), TO_DATE('26/09/2003', 'dd/MM/yyyy'), TO_DATE('26/09/2003', 'dd/MM/yyyy'), 0.0, 0.0, 0.0, 0.0, 0.0, 0.0, true);
INSERT INTO t_vat_revenue (vtr_id, drv_id, vat_id, vtr_amount, vtr_value) VALUES (1757, 879, 1, 0, 0);
INSERT INTO t_vat_revenue (vtr_id, drv_id, vat_id, vtr_amount, vtr_value) VALUES (1758, 879, 2, 0.0, 0.0);
INSERT INTO t_day_revenue (drv_id, drv_revenue_date, drv_print_date, drv_closing_date, drv_cash, drv_ticket, drv_cheque, drv_card, drv_unpaid, drv_amount, drv_takeaway) VALUES (880, TO_DATE('17/09/2003', 'dd/MM/yyyy'), TO_DATE('26/09/2003', 'dd/MM/yyyy'), TO_DATE('26/09/2003', 'dd/MM/yyyy'), 9.0, 0.0, 164.25, 646.75, 0.0, 820.0, false);
INSERT INTO t_vat_revenue (vtr_id, drv_id, vat_id, vtr_amount, vtr_value) VALUES (1759, 880, 1, 820.0, 134.38127);
INSERT INTO t_vat_revenue (vtr_id, drv_id, vat_id, vtr_amount, vtr_value) VALUES (1760, 880, 2, 0, 0);
INSERT INTO t_day_revenue (drv_id, drv_revenue_date, drv_print_date, drv_closing_date, drv_cash, drv_ticket, drv_cheque, drv_card, drv_unpaid, drv_amount, drv_takeaway) VALUES (881, TO_DATE('18/09/2003', 'dd/MM/yyyy'), TO_DATE('26/09/2003', 'dd/MM/yyyy'), TO_DATE('26/09/2003', 'dd/MM/yyyy'), 0.0, 0.0, 0.0, 10.5, 0.0, 10.5, true);
INSERT INTO t_vat_revenue (vtr_id, drv_id, vat_id, vtr_amount, vtr_value) VALUES (1761, 881, 1, 0, 0);
INSERT INTO t_vat_revenue (vtr_id, drv_id, vat_id, vtr_amount, vtr_value) VALUES (1762, 881, 2, 10.5, 0.5473934);
INSERT INTO t_day_revenue (drv_id, drv_revenue_date, drv_print_date, drv_closing_date, drv_cash, drv_ticket, drv_cheque, drv_card, drv_unpaid, drv_amount, drv_takeaway) VALUES (882, TO_DATE('18/09/2003', 'dd/MM/yyyy'), TO_DATE('26/09/2003', 'dd/MM/yyyy'), TO_DATE('26/09/2003', 'dd/MM/yyyy'), 8.3, 22.2, 170.5, 481.0, 0.0, 682.0, false);
INSERT INTO t_vat_revenue (vtr_id, drv_id, vat_id, vtr_amount, vtr_value) VALUES (1763, 882, 1, 682.0, 111.76589);
INSERT INTO t_vat_revenue (vtr_id, drv_id, vat_id, vtr_amount, vtr_value) VALUES (1764, 882, 2, 0, 0);
INSERT INTO t_day_revenue (drv_id, drv_revenue_date, drv_print_date, drv_closing_date, drv_cash, drv_ticket, drv_cheque, drv_card, drv_unpaid, drv_amount, drv_takeaway) VALUES (883, TO_DATE('19/09/2003', 'dd/MM/yyyy'), TO_DATE('26/09/2003', 'dd/MM/yyyy'), TO_DATE('26/09/2003', 'dd/MM/yyyy'), 0.0, 0.0, 0.0, 0.0, 0.0, 0.0, true);
INSERT INTO t_vat_revenue (vtr_id, drv_id, vat_id, vtr_amount, vtr_value) VALUES (1765, 883, 1, 0, 0);
INSERT INTO t_vat_revenue (vtr_id, drv_id, vat_id, vtr_amount, vtr_value) VALUES (1766, 883, 2, 0.0, 0.0);
INSERT INTO t_day_revenue (drv_id, drv_revenue_date, drv_print_date, drv_closing_date, drv_cash, drv_ticket, drv_cheque, drv_card, drv_unpaid, drv_amount, drv_takeaway) VALUES (884, TO_DATE('19/09/2003', 'dd/MM/yyyy'), TO_DATE('26/09/2003', 'dd/MM/yyyy'), TO_DATE('26/09/2003', 'dd/MM/yyyy'), 20.3, 38.2, 286.5, 1179.5, 0.0, 1524.5, false);
INSERT INTO t_vat_revenue (vtr_id, drv_id, vat_id, vtr_amount, vtr_value) VALUES (1767, 884, 1, 1524.5, 249.83446);
INSERT INTO t_vat_revenue (vtr_id, drv_id, vat_id, vtr_amount, vtr_value) VALUES (1768, 884, 2, 0, 0);
INSERT INTO t_day_revenue (drv_id, drv_revenue_date, drv_print_date, drv_closing_date, drv_cash, drv_ticket, drv_cheque, drv_card, drv_unpaid, drv_amount, drv_takeaway) VALUES (885, TO_DATE('20/09/2003', 'dd/MM/yyyy'), TO_DATE('26/09/2003', 'dd/MM/yyyy'), TO_DATE('26/09/2003', 'dd/MM/yyyy'), 0.0, 0.0, 0.0, 22.0, 0.0, 22.0, true);
INSERT INTO t_vat_revenue (vtr_id, drv_id, vat_id, vtr_amount, vtr_value) VALUES (1769, 885, 1, 0, 0);
INSERT INTO t_vat_revenue (vtr_id, drv_id, vat_id, vtr_amount, vtr_value) VALUES (1770, 885, 2, 22.0, 1.1469195);
INSERT INTO t_day_revenue (drv_id, drv_revenue_date, drv_print_date, drv_closing_date, drv_cash, drv_ticket, drv_cheque, drv_card, drv_unpaid, drv_amount, drv_takeaway) VALUES (886, TO_DATE('20/09/2003', 'dd/MM/yyyy'), TO_DATE('26/09/2003', 'dd/MM/yyyy'), TO_DATE('26/09/2003', 'dd/MM/yyyy'), 18.1, 21.4, 202.5, 920.0, 0.0, 1162.0, false);
INSERT INTO t_vat_revenue (vtr_id, drv_id, vat_id, vtr_amount, vtr_value) VALUES (1771, 886, 1, 1162.0, 190.4281);
INSERT INTO t_vat_revenue (vtr_id, drv_id, vat_id, vtr_amount, vtr_value) VALUES (1772, 886, 2, 0, 0);
INSERT INTO t_day_revenue (drv_id, drv_revenue_date, drv_print_date, drv_closing_date, drv_cash, drv_ticket, drv_cheque, drv_card, drv_unpaid, drv_amount, drv_takeaway) VALUES (887, TO_DATE('21/09/2003', 'dd/MM/yyyy'), TO_DATE('26/09/2003', 'dd/MM/yyyy'), TO_DATE('26/09/2003', 'dd/MM/yyyy'), 0.0, 0.0, 0.0, 0.0, 0.0, 0.0, true);
INSERT INTO t_vat_revenue (vtr_id, drv_id, vat_id, vtr_amount, vtr_value) VALUES (1773, 887, 1, 0, 0);
INSERT INTO t_vat_revenue (vtr_id, drv_id, vat_id, vtr_amount, vtr_value) VALUES (1774, 887, 2, 0.0, 0.0);
INSERT INTO t_day_revenue (drv_id, drv_revenue_date, drv_print_date, drv_closing_date, drv_cash, drv_ticket, drv_cheque, drv_card, drv_unpaid, drv_amount, drv_takeaway) VALUES (888, TO_DATE('21/09/2003', 'dd/MM/yyyy'), TO_DATE('26/09/2003', 'dd/MM/yyyy'), TO_DATE('26/09/2003', 'dd/MM/yyyy'), 0.0, 0.0, 93.5, 369.5, 0.0, 463.0, false);
INSERT INTO t_vat_revenue (vtr_id, drv_id, vat_id, vtr_amount, vtr_value) VALUES (1775, 888, 1, 463.0, 75.87625);
INSERT INTO t_vat_revenue (vtr_id, drv_id, vat_id, vtr_amount, vtr_value) VALUES (1776, 888, 2, 0, 0);
INSERT INTO t_day_revenue (drv_id, drv_revenue_date, drv_print_date, drv_closing_date, drv_cash, drv_ticket, drv_cheque, drv_card, drv_unpaid, drv_amount, drv_takeaway) VALUES (889, TO_DATE('22/09/2003', 'dd/MM/yyyy'), TO_DATE('26/09/2003', 'dd/MM/yyyy'), TO_DATE('26/09/2003', 'dd/MM/yyyy'), 0.0, 0.0, 0.0, 54.5, 0.0, 54.5, true);
INSERT INTO t_vat_revenue (vtr_id, drv_id, vat_id, vtr_amount, vtr_value) VALUES (1777, 889, 1, 0, 0);
INSERT INTO t_vat_revenue (vtr_id, drv_id, vat_id, vtr_amount, vtr_value) VALUES (1778, 889, 2, 54.5, 2.8412323);
INSERT INTO t_day_revenue (drv_id, drv_revenue_date, drv_print_date, drv_closing_date, drv_cash, drv_ticket, drv_cheque, drv_card, drv_unpaid, drv_amount, drv_takeaway) VALUES (890, TO_DATE('22/09/2003', 'dd/MM/yyyy'), TO_DATE('26/09/2003', 'dd/MM/yyyy'), TO_DATE('26/09/2003', 'dd/MM/yyyy'), 12.0, 0.0, 251.5, 246.0, 0.0, 509.5, false);
INSERT INTO t_vat_revenue (vtr_id, drv_id, vat_id, vtr_amount, vtr_value) VALUES (1779, 890, 1, 509.5, 83.49666);
INSERT INTO t_vat_revenue (vtr_id, drv_id, vat_id, vtr_amount, vtr_value) VALUES (1780, 890, 2, 0, 0);
INSERT INTO t_day_revenue (drv_id, drv_revenue_date, drv_print_date, drv_closing_date, drv_cash, drv_ticket, drv_cheque, drv_card, drv_unpaid, drv_amount, drv_takeaway) VALUES (891, TO_DATE('23/09/2003', 'dd/MM/yyyy'), TO_DATE('26/09/2003', 'dd/MM/yyyy'), TO_DATE('26/09/2003', 'dd/MM/yyyy'), 0.0, 0.0, 238.5, 161.0, 0.0, 399.5, true);
INSERT INTO t_vat_revenue (vtr_id, drv_id, vat_id, vtr_amount, vtr_value) VALUES (1781, 891, 1, 0, 0);
INSERT INTO t_vat_revenue (vtr_id, drv_id, vat_id, vtr_amount, vtr_value) VALUES (1782, 891, 2, 399.5, 20.827015);
INSERT INTO t_day_revenue (drv_id, drv_revenue_date, drv_print_date, drv_closing_date, drv_cash, drv_ticket, drv_cheque, drv_card, drv_unpaid, drv_amount, drv_takeaway) VALUES (892, TO_DATE('23/09/2003', 'dd/MM/yyyy'), TO_DATE('26/09/2003', 'dd/MM/yyyy'), TO_DATE('26/09/2003', 'dd/MM/yyyy'), 17.9, 36.6, 208.5, 524.0, 0.0, 787.0, false);
INSERT INTO t_vat_revenue (vtr_id, drv_id, vat_id, vtr_amount, vtr_value) VALUES (1783, 892, 1, 787.0, 128.97325);
INSERT INTO t_vat_revenue (vtr_id, drv_id, vat_id, vtr_amount, vtr_value) VALUES (1784, 892, 2, 0, 0);
INSERT INTO t_day_revenue (drv_id, drv_revenue_date, drv_print_date, drv_closing_date, drv_cash, drv_ticket, drv_cheque, drv_card, drv_unpaid, drv_amount, drv_takeaway) VALUES (893, TO_DATE('24/09/2003', 'dd/MM/yyyy'), TO_DATE('26/09/2003', 'dd/MM/yyyy'), TO_DATE('26/09/2003', 'dd/MM/yyyy'), 0.0, 0.0, 135.5, 137.5, 0.0, 273.0, true);
INSERT INTO t_vat_revenue (vtr_id, drv_id, vat_id, vtr_amount, vtr_value) VALUES (1785, 893, 1, 0, 0);
INSERT INTO t_vat_revenue (vtr_id, drv_id, vat_id, vtr_amount, vtr_value) VALUES (1786, 893, 2, 273.0, 14.232227);
INSERT INTO t_day_revenue (drv_id, drv_revenue_date, drv_print_date, drv_closing_date, drv_cash, drv_ticket, drv_cheque, drv_card, drv_unpaid, drv_amount, drv_takeaway) VALUES (894, TO_DATE('24/09/2003', 'dd/MM/yyyy'), TO_DATE('26/09/2003', 'dd/MM/yyyy'), TO_DATE('26/09/2003', 'dd/MM/yyyy'), 107.0, 14.0, 181.5, 319.0, 0.0, 621.5, false);
INSERT INTO t_vat_revenue (vtr_id, drv_id, vat_id, vtr_amount, vtr_value) VALUES (1787, 894, 1, 621.5, 101.85117);
INSERT INTO t_vat_revenue (vtr_id, drv_id, vat_id, vtr_amount, vtr_value) VALUES (1788, 894, 2, 0, 0);
INSERT INTO t_day_revenue (drv_id, drv_revenue_date, drv_print_date, drv_closing_date, drv_cash, drv_ticket, drv_cheque, drv_card, drv_unpaid, drv_amount, drv_takeaway) VALUES (895, TO_DATE('25/09/2003', 'dd/MM/yyyy'), TO_DATE('26/09/2003', 'dd/MM/yyyy'), TO_DATE('26/09/2003', 'dd/MM/yyyy'), 0.0, 0.0, 116.0, 69.0, 0.0, 185.0, true);
INSERT INTO t_vat_revenue (vtr_id, drv_id, vat_id, vtr_amount, vtr_value) VALUES (1789, 895, 1, 0, 0);
INSERT INTO t_vat_revenue (vtr_id, drv_id, vat_id, vtr_amount, vtr_value) VALUES (1790, 895, 2, 185.0, 9.644549);
INSERT INTO t_day_revenue (drv_id, drv_revenue_date, drv_print_date, drv_closing_date, drv_cash, drv_ticket, drv_cheque, drv_card, drv_unpaid, drv_amount, drv_takeaway) VALUES (896, TO_DATE('25/09/2003', 'dd/MM/yyyy'), TO_DATE('26/09/2003', 'dd/MM/yyyy'), TO_DATE('26/09/2003', 'dd/MM/yyyy'), 54.5, 62.0, 223.5, 541.0, 0.0, 881.0, false);
INSERT INTO t_vat_revenue (vtr_id, drv_id, vat_id, vtr_amount, vtr_value) VALUES (1791, 896, 1, 881.0, 144.37793);
INSERT INTO t_vat_revenue (vtr_id, drv_id, vat_id, vtr_amount, vtr_value) VALUES (1792, 896, 2, 0, 0);
INSERT INTO t_day_revenue (drv_id, drv_revenue_date, drv_print_date, drv_closing_date, drv_cash, drv_ticket, drv_cheque, drv_card, drv_unpaid, drv_amount, drv_takeaway) VALUES (897, TO_DATE('26/09/2003', 'dd/MM/yyyy'), TO_DATE('29/09/2003', 'dd/MM/yyyy'), TO_DATE('29/09/2003', 'dd/MM/yyyy'), 0.0, 0.0, 84.0, 42.0, 0.0, 126.0, true);
INSERT INTO t_vat_revenue (vtr_id, drv_id, vat_id, vtr_amount, vtr_value) VALUES (1793, 897, 1, 0, 0);
INSERT INTO t_vat_revenue (vtr_id, drv_id, vat_id, vtr_amount, vtr_value) VALUES (1794, 897, 2, 126.0, 6.5687203);
INSERT INTO t_day_revenue (drv_id, drv_revenue_date, drv_print_date, drv_closing_date, drv_cash, drv_ticket, drv_cheque, drv_card, drv_unpaid, drv_amount, drv_takeaway) VALUES (898, TO_DATE('26/09/2003', 'dd/MM/yyyy'), TO_DATE('29/09/2003', 'dd/MM/yyyy'), TO_DATE('29/09/2003', 'dd/MM/yyyy'), 26.5, 35.3, 614.0, 1133.2, 0.0, 1809.0, false);
INSERT INTO t_vat_revenue (vtr_id, drv_id, vat_id, vtr_amount, vtr_value) VALUES (1795, 898, 1, 1809.0, 296.45822);
INSERT INTO t_vat_revenue (vtr_id, drv_id, vat_id, vtr_amount, vtr_value) VALUES (1796, 898, 2, 0, 0);
INSERT INTO t_day_revenue (drv_id, drv_revenue_date, drv_print_date, drv_closing_date, drv_cash, drv_ticket, drv_cheque, drv_card, drv_unpaid, drv_amount, drv_takeaway) VALUES (899, TO_DATE('27/09/2003', 'dd/MM/yyyy'), TO_DATE('29/09/2003', 'dd/MM/yyyy'), TO_DATE('29/09/2003', 'dd/MM/yyyy'), 0.0, 0.0, 0.0, 50.5, 0.0, 50.5, true);
INSERT INTO t_vat_revenue (vtr_id, drv_id, vat_id, vtr_amount, vtr_value) VALUES (1797, 899, 1, 0, 0);
INSERT INTO t_vat_revenue (vtr_id, drv_id, vat_id, vtr_amount, vtr_value) VALUES (1798, 899, 2, 50.5, 2.6327014);
INSERT INTO t_day_revenue (drv_id, drv_revenue_date, drv_print_date, drv_closing_date, drv_cash, drv_ticket, drv_cheque, drv_card, drv_unpaid, drv_amount, drv_takeaway) VALUES (900, TO_DATE('27/09/2003', 'dd/MM/yyyy'), TO_DATE('29/09/2003', 'dd/MM/yyyy'), TO_DATE('29/09/2003', 'dd/MM/yyyy'), 15.1, 42.3, 208.5, 1230.6, 0.0, 1496.5, false);
INSERT INTO t_vat_revenue (vtr_id, drv_id, vat_id, vtr_amount, vtr_value) VALUES (1799, 900, 1, 1496.5, 245.24582);
INSERT INTO t_vat_revenue (vtr_id, drv_id, vat_id, vtr_amount, vtr_value) VALUES (1800, 900, 2, 0, 0);
INSERT INTO t_day_revenue (drv_id, drv_revenue_date, drv_print_date, drv_closing_date, drv_cash, drv_ticket, drv_cheque, drv_card, drv_unpaid, drv_amount, drv_takeaway) VALUES (901, TO_DATE('28/09/2003', 'dd/MM/yyyy'), TO_DATE('29/09/2003', 'dd/MM/yyyy'), TO_DATE('29/09/2003', 'dd/MM/yyyy'), 0.0, 0.0, 0.0, 47.5, 0.0, 47.5, true);
INSERT INTO t_vat_revenue (vtr_id, drv_id, vat_id, vtr_amount, vtr_value) VALUES (1801, 901, 1, 0, 0);
INSERT INTO t_vat_revenue (vtr_id, drv_id, vat_id, vtr_amount, vtr_value) VALUES (1802, 901, 2, 47.5, 2.4763033);
INSERT INTO t_day_revenue (drv_id, drv_revenue_date, drv_print_date, drv_closing_date, drv_cash, drv_ticket, drv_cheque, drv_card, drv_unpaid, drv_amount, drv_takeaway) VALUES (902, TO_DATE('28/09/2003', 'dd/MM/yyyy'), TO_DATE('29/09/2003', 'dd/MM/yyyy'), TO_DATE('29/09/2003', 'dd/MM/yyyy'), 0.0, 7.01, 942.0, 849.99, 0.0, 1799.0, false);
INSERT INTO t_vat_revenue (vtr_id, drv_id, vat_id, vtr_amount, vtr_value) VALUES (1803, 902, 1, 1799.0, 294.81943);
INSERT INTO t_vat_revenue (vtr_id, drv_id, vat_id, vtr_amount, vtr_value) VALUES (1804, 902, 2, 0, 0);
INSERT INTO t_day_revenue (drv_id, drv_revenue_date, drv_print_date, drv_closing_date, drv_cash, drv_ticket, drv_cheque, drv_card, drv_unpaid, drv_amount, drv_takeaway) VALUES (903, TO_DATE('29/09/2003', 'dd/MM/yyyy'), TO_DATE('30/09/2003', 'dd/MM/yyyy'), TO_DATE('30/09/2003', 'dd/MM/yyyy'), 0.0, 0.0, 0.0, 48.5, 0.0, 48.5, true);
INSERT INTO t_vat_revenue (vtr_id, drv_id, vat_id, vtr_amount, vtr_value) VALUES (1805, 903, 1, 0, 0);
INSERT INTO t_vat_revenue (vtr_id, drv_id, vat_id, vtr_amount, vtr_value) VALUES (1806, 903, 2, 48.5, 2.528436);
INSERT INTO t_day_revenue (drv_id, drv_revenue_date, drv_print_date, drv_closing_date, drv_cash, drv_ticket, drv_cheque, drv_card, drv_unpaid, drv_amount, drv_takeaway) VALUES (904, TO_DATE('29/09/2003', 'dd/MM/yyyy'), TO_DATE('30/09/2003', 'dd/MM/yyyy'), TO_DATE('30/09/2003', 'dd/MM/yyyy'), 19.5, 21.0, 61.5, 292.5, 0.0, 394.5, false);
INSERT INTO t_vat_revenue (vtr_id, drv_id, vat_id, vtr_amount, vtr_value) VALUES (1807, 904, 1, 394.5, 64.650505);
INSERT INTO t_vat_revenue (vtr_id, drv_id, vat_id, vtr_amount, vtr_value) VALUES (1808, 904, 2, 0, 0);
INSERT INTO t_day_revenue (drv_id, drv_revenue_date, drv_print_date, drv_closing_date, drv_cash, drv_ticket, drv_cheque, drv_card, drv_unpaid, drv_amount, drv_takeaway) VALUES (905, TO_DATE('30/09/2003', 'dd/MM/yyyy'), TO_DATE('02/10/2003', 'dd/MM/yyyy'), TO_DATE('02/10/2003', 'dd/MM/yyyy'), 20.0, 0.0, 0.0, 0.0, 0.0, 20.0, true);
INSERT INTO t_vat_revenue (vtr_id, drv_id, vat_id, vtr_amount, vtr_value) VALUES (1809, 905, 1, 0, 0);
INSERT INTO t_vat_revenue (vtr_id, drv_id, vat_id, vtr_amount, vtr_value) VALUES (1810, 905, 2, 20.0, 1.042654);
INSERT INTO t_day_revenue (drv_id, drv_revenue_date, drv_print_date, drv_closing_date, drv_cash, drv_ticket, drv_cheque, drv_card, drv_unpaid, drv_amount, drv_takeaway) VALUES (906, TO_DATE('30/09/2003', 'dd/MM/yyyy'), TO_DATE('02/10/2003', 'dd/MM/yyyy'), TO_DATE('02/10/2003', 'dd/MM/yyyy'), 84.5, 0.0, 262.0, 790.0, 0.0, 1136.5, false);
INSERT INTO t_vat_revenue (vtr_id, drv_id, vat_id, vtr_amount, vtr_value) VALUES (1811, 906, 1, 1136.5, 186.24918);
INSERT INTO t_vat_revenue (vtr_id, drv_id, vat_id, vtr_amount, vtr_value) VALUES (1812, 906, 2, 0, 0);
INSERT INTO t_day_revenue (drv_id, drv_revenue_date, drv_print_date, drv_closing_date, drv_cash, drv_ticket, drv_cheque, drv_card, drv_unpaid, drv_amount, drv_takeaway) VALUES (907, TO_DATE('01/10/2003', 'dd/MM/yyyy'), TO_DATE('16/10/2003', 'dd/MM/yyyy'), TO_DATE('30/10/2003', 'dd/MM/yyyy'), 0.0, 0.0, 0.0, 232.5, 0.0, 232.5, true);
INSERT INTO t_vat_revenue (vtr_id, drv_id, vat_id, vtr_amount, vtr_value) VALUES (1813, 907, 1, 0, 0);
INSERT INTO t_vat_revenue (vtr_id, drv_id, vat_id, vtr_amount, vtr_value) VALUES (1814, 907, 2, 232.5, 12.120853);
INSERT INTO t_day_revenue (drv_id, drv_revenue_date, drv_print_date, drv_closing_date, drv_cash, drv_ticket, drv_cheque, drv_card, drv_unpaid, drv_amount, drv_takeaway) VALUES (908, TO_DATE('01/10/2003', 'dd/MM/yyyy'), TO_DATE('16/10/2003', 'dd/MM/yyyy'), TO_DATE('30/10/2003', 'dd/MM/yyyy'), 11.5, 36.95, 51.0, 283.55, 0.0, 383.0, false);
INSERT INTO t_vat_revenue (vtr_id, drv_id, vat_id, vtr_amount, vtr_value) VALUES (1815, 908, 1, 383.0, 62.76589);
INSERT INTO t_vat_revenue (vtr_id, drv_id, vat_id, vtr_amount, vtr_value) VALUES (1816, 908, 2, 0, 0);
INSERT INTO t_day_revenue (drv_id, drv_revenue_date, drv_print_date, drv_closing_date, drv_cash, drv_ticket, drv_cheque, drv_card, drv_unpaid, drv_amount, drv_takeaway) VALUES (909, TO_DATE('02/10/2003', 'dd/MM/yyyy'), TO_DATE('16/10/2003', 'dd/MM/yyyy'), TO_DATE('16/10/2003', 'dd/MM/yyyy'), 0.0, 0.0, 0.0, 0.0, 0.0, 0.0, true);
INSERT INTO t_vat_revenue (vtr_id, drv_id, vat_id, vtr_amount, vtr_value) VALUES (1817, 909, 1, 0, 0);
INSERT INTO t_vat_revenue (vtr_id, drv_id, vat_id, vtr_amount, vtr_value) VALUES (1818, 909, 2, 0.0, 0.0);
INSERT INTO t_day_revenue (drv_id, drv_revenue_date, drv_print_date, drv_closing_date, drv_cash, drv_ticket, drv_cheque, drv_card, drv_unpaid, drv_amount, drv_takeaway) VALUES (910, TO_DATE('02/10/2003', 'dd/MM/yyyy'), TO_DATE('16/10/2003', 'dd/MM/yyyy'), TO_DATE('16/10/2003', 'dd/MM/yyyy'), 14.0, 20.5, 133.5, 427.5, 0.0, 595.5, false);
INSERT INTO t_vat_revenue (vtr_id, drv_id, vat_id, vtr_amount, vtr_value) VALUES (1819, 910, 1, 595.5, 97.5903);
INSERT INTO t_vat_revenue (vtr_id, drv_id, vat_id, vtr_amount, vtr_value) VALUES (1820, 910, 2, 0, 0);
INSERT INTO t_day_revenue (drv_id, drv_revenue_date, drv_print_date, drv_closing_date, drv_cash, drv_ticket, drv_cheque, drv_card, drv_unpaid, drv_amount, drv_takeaway) VALUES (911, TO_DATE('03/10/2003', 'dd/MM/yyyy'), TO_DATE('16/10/2003', 'dd/MM/yyyy'), TO_DATE('16/10/2003', 'dd/MM/yyyy'), 0.0, 0.0, 0.0, 0.0, 0.0, 0.0, true);
INSERT INTO t_vat_revenue (vtr_id, drv_id, vat_id, vtr_amount, vtr_value) VALUES (1821, 911, 1, 0, 0);
INSERT INTO t_vat_revenue (vtr_id, drv_id, vat_id, vtr_amount, vtr_value) VALUES (1822, 911, 2, 0.0, 0.0);
INSERT INTO t_day_revenue (drv_id, drv_revenue_date, drv_print_date, drv_closing_date, drv_cash, drv_ticket, drv_cheque, drv_card, drv_unpaid, drv_amount, drv_takeaway) VALUES (912, TO_DATE('03/10/2003', 'dd/MM/yyyy'), TO_DATE('16/10/2003', 'dd/MM/yyyy'), TO_DATE('16/10/2003', 'dd/MM/yyyy'), 12.28, 41.22, 166.75, 1093.25, 0.0, 1313.5, false);
INSERT INTO t_vat_revenue (vtr_id, drv_id, vat_id, vtr_amount, vtr_value) VALUES (1823, 912, 1, 1313.5, 215.25586);
INSERT INTO t_vat_revenue (vtr_id, drv_id, vat_id, vtr_amount, vtr_value) VALUES (1824, 912, 2, 0, 0);
INSERT INTO t_day_revenue (drv_id, drv_revenue_date, drv_print_date, drv_closing_date, drv_cash, drv_ticket, drv_cheque, drv_card, drv_unpaid, drv_amount, drv_takeaway) VALUES (913, TO_DATE('04/10/2003', 'dd/MM/yyyy'), TO_DATE('16/10/2003', 'dd/MM/yyyy'), TO_DATE('16/10/2003', 'dd/MM/yyyy'), 0.0, 0.0, 64.5, 69.5, 0.0, 134.0, true);
INSERT INTO t_vat_revenue (vtr_id, drv_id, vat_id, vtr_amount, vtr_value) VALUES (1825, 913, 1, 0, 0);
INSERT INTO t_vat_revenue (vtr_id, drv_id, vat_id, vtr_amount, vtr_value) VALUES (1826, 913, 2, 134.0, 6.985782);
INSERT INTO t_day_revenue (drv_id, drv_revenue_date, drv_print_date, drv_closing_date, drv_cash, drv_ticket, drv_cheque, drv_card, drv_unpaid, drv_amount, drv_takeaway) VALUES (914, TO_DATE('04/10/2003', 'dd/MM/yyyy'), TO_DATE('16/10/2003', 'dd/MM/yyyy'), TO_DATE('16/10/2003', 'dd/MM/yyyy'), 25.9, 99.36, 211.0, 1284.74, 0.0, 1621.0, false);
INSERT INTO t_vat_revenue (vtr_id, drv_id, vat_id, vtr_amount, vtr_value) VALUES (1827, 914, 1, 1621.0, 265.64883);
INSERT INTO t_vat_revenue (vtr_id, drv_id, vat_id, vtr_amount, vtr_value) VALUES (1828, 914, 2, 0, 0);
INSERT INTO t_day_revenue (drv_id, drv_revenue_date, drv_print_date, drv_closing_date, drv_cash, drv_ticket, drv_cheque, drv_card, drv_unpaid, drv_amount, drv_takeaway) VALUES (915, TO_DATE('05/10/2003', 'dd/MM/yyyy'), TO_DATE('16/10/2003', 'dd/MM/yyyy'), TO_DATE('16/10/2003', 'dd/MM/yyyy'), 0.0, 0.0, 0.0, 0.0, 0.0, 0.0, true);
INSERT INTO t_vat_revenue (vtr_id, drv_id, vat_id, vtr_amount, vtr_value) VALUES (1829, 915, 1, 0, 0);
INSERT INTO t_vat_revenue (vtr_id, drv_id, vat_id, vtr_amount, vtr_value) VALUES (1830, 915, 2, 0.0, 0.0);
INSERT INTO t_day_revenue (drv_id, drv_revenue_date, drv_print_date, drv_closing_date, drv_cash, drv_ticket, drv_cheque, drv_card, drv_unpaid, drv_amount, drv_takeaway) VALUES (916, TO_DATE('05/10/2003', 'dd/MM/yyyy'), TO_DATE('16/10/2003', 'dd/MM/yyyy'), TO_DATE('16/10/2003', 'dd/MM/yyyy'), 10.5, 13.3, 286.5, 601.2, 0.0, 911.5, false);
INSERT INTO t_vat_revenue (vtr_id, drv_id, vat_id, vtr_amount, vtr_value) VALUES (1831, 916, 1, 911.5, 149.37627);
INSERT INTO t_vat_revenue (vtr_id, drv_id, vat_id, vtr_amount, vtr_value) VALUES (1832, 916, 2, 0, 0);
INSERT INTO t_day_revenue (drv_id, drv_revenue_date, drv_print_date, drv_closing_date, drv_cash, drv_ticket, drv_cheque, drv_card, drv_unpaid, drv_amount, drv_takeaway) VALUES (917, TO_DATE('06/10/2003', 'dd/MM/yyyy'), TO_DATE('16/10/2003', 'dd/MM/yyyy'), TO_DATE('16/10/2003', 'dd/MM/yyyy'), 0.0, 0.0, 23.5, 40.5, 0.0, 64.0, true);
INSERT INTO t_vat_revenue (vtr_id, drv_id, vat_id, vtr_amount, vtr_value) VALUES (1833, 917, 1, 0, 0);
INSERT INTO t_vat_revenue (vtr_id, drv_id, vat_id, vtr_amount, vtr_value) VALUES (1834, 917, 2, 64.0, 3.3364928);
INSERT INTO t_day_revenue (drv_id, drv_revenue_date, drv_print_date, drv_closing_date, drv_cash, drv_ticket, drv_cheque, drv_card, drv_unpaid, drv_amount, drv_takeaway) VALUES (918, TO_DATE('06/10/2003', 'dd/MM/yyyy'), TO_DATE('16/10/2003', 'dd/MM/yyyy'), TO_DATE('16/10/2003', 'dd/MM/yyyy'), 8.5, 20.0, 92.5, 359.0, 0.0, 480.0, false);
INSERT INTO t_vat_revenue (vtr_id, drv_id, vat_id, vtr_amount, vtr_value) VALUES (1835, 918, 1, 480.0, 78.66221);
INSERT INTO t_vat_revenue (vtr_id, drv_id, vat_id, vtr_amount, vtr_value) VALUES (1836, 918, 2, 0, 0);
INSERT INTO t_day_revenue (drv_id, drv_revenue_date, drv_print_date, drv_closing_date, drv_cash, drv_ticket, drv_cheque, drv_card, drv_unpaid, drv_amount, drv_takeaway) VALUES (919, TO_DATE('07/10/2003', 'dd/MM/yyyy'), TO_DATE('16/10/2003', 'dd/MM/yyyy'), TO_DATE('16/10/2003', 'dd/MM/yyyy'), 26.0, 0.0, 0.0, 40.0, 0.0, 66.0, true);
INSERT INTO t_vat_revenue (vtr_id, drv_id, vat_id, vtr_amount, vtr_value) VALUES (1837, 919, 1, 0, 0);
INSERT INTO t_vat_revenue (vtr_id, drv_id, vat_id, vtr_amount, vtr_value) VALUES (1838, 919, 2, 66.0, 3.4407582);
INSERT INTO t_day_revenue (drv_id, drv_revenue_date, drv_print_date, drv_closing_date, drv_cash, drv_ticket, drv_cheque, drv_card, drv_unpaid, drv_amount, drv_takeaway) VALUES (920, TO_DATE('07/10/2003', 'dd/MM/yyyy'), TO_DATE('16/10/2003', 'dd/MM/yyyy'), TO_DATE('16/10/2003', 'dd/MM/yyyy'), 0.0, 7.0, 238.5, 448.5, 0.0, 694.0, false);
INSERT INTO t_vat_revenue (vtr_id, drv_id, vat_id, vtr_amount, vtr_value) VALUES (1839, 920, 1, 694.0, 113.732445);
INSERT INTO t_vat_revenue (vtr_id, drv_id, vat_id, vtr_amount, vtr_value) VALUES (1840, 920, 2, 0, 0);
INSERT INTO t_day_revenue (drv_id, drv_revenue_date, drv_print_date, drv_closing_date, drv_cash, drv_ticket, drv_cheque, drv_card, drv_unpaid, drv_amount, drv_takeaway) VALUES (921, TO_DATE('08/10/2003', 'dd/MM/yyyy'), TO_DATE('16/10/2003', 'dd/MM/yyyy'), TO_DATE('16/10/2003', 'dd/MM/yyyy'), 12.0, 0.0, 30.5, 150.5, 0.0, 193.0, true);
INSERT INTO t_vat_revenue (vtr_id, drv_id, vat_id, vtr_amount, vtr_value) VALUES (1841, 921, 1, 0, 0);
INSERT INTO t_vat_revenue (vtr_id, drv_id, vat_id, vtr_amount, vtr_value) VALUES (1842, 921, 2, 193.0, 10.061611);
INSERT INTO t_day_revenue (drv_id, drv_revenue_date, drv_print_date, drv_closing_date, drv_cash, drv_ticket, drv_cheque, drv_card, drv_unpaid, drv_amount, drv_takeaway) VALUES (922, TO_DATE('08/10/2003', 'dd/MM/yyyy'), TO_DATE('16/10/2003', 'dd/MM/yyyy'), TO_DATE('16/10/2003', 'dd/MM/yyyy'), 9.0, 31.5, 259.5, 310.0, 0.0, 610.0, false);
INSERT INTO t_vat_revenue (vtr_id, drv_id, vat_id, vtr_amount, vtr_value) VALUES (1843, 922, 1, 610.0, 99.96655);
INSERT INTO t_vat_revenue (vtr_id, drv_id, vat_id, vtr_amount, vtr_value) VALUES (1844, 922, 2, 0, 0);
INSERT INTO t_day_revenue (drv_id, drv_revenue_date, drv_print_date, drv_closing_date, drv_cash, drv_ticket, drv_cheque, drv_card, drv_unpaid, drv_amount, drv_takeaway) VALUES (923, TO_DATE('09/10/2003', 'dd/MM/yyyy'), TO_DATE('16/10/2003', 'dd/MM/yyyy'), TO_DATE('16/10/2003', 'dd/MM/yyyy'), 0.0, 0.0, 0.0, 60.5, 0.0, 60.5, true);
INSERT INTO t_vat_revenue (vtr_id, drv_id, vat_id, vtr_amount, vtr_value) VALUES (1845, 923, 1, 0, 0);
INSERT INTO t_vat_revenue (vtr_id, drv_id, vat_id, vtr_amount, vtr_value) VALUES (1846, 923, 2, 60.5, 3.1540284);
INSERT INTO t_day_revenue (drv_id, drv_revenue_date, drv_print_date, drv_closing_date, drv_cash, drv_ticket, drv_cheque, drv_card, drv_unpaid, drv_amount, drv_takeaway) VALUES (924, TO_DATE('09/10/2003', 'dd/MM/yyyy'), TO_DATE('16/10/2003', 'dd/MM/yyyy'), TO_DATE('16/10/2003', 'dd/MM/yyyy'), 53.5, 14.0, 222.5, 468.5, 0.0, 758.5, false);
INSERT INTO t_vat_revenue (vtr_id, drv_id, vat_id, vtr_amount, vtr_value) VALUES (1847, 924, 1, 758.5, 124.30268);
INSERT INTO t_vat_revenue (vtr_id, drv_id, vat_id, vtr_amount, vtr_value) VALUES (1848, 924, 2, 0, 0);
INSERT INTO t_day_revenue (drv_id, drv_revenue_date, drv_print_date, drv_closing_date, drv_cash, drv_ticket, drv_cheque, drv_card, drv_unpaid, drv_amount, drv_takeaway) VALUES (925, TO_DATE('10/10/2003', 'dd/MM/yyyy'), TO_DATE('16/10/2003', 'dd/MM/yyyy'), TO_DATE('16/10/2003', 'dd/MM/yyyy'), 0.0, 0.0, 0.0, 15.0, 0.0, 15.0, true);
INSERT INTO t_vat_revenue (vtr_id, drv_id, vat_id, vtr_amount, vtr_value) VALUES (1849, 925, 1, 0, 0);
INSERT INTO t_vat_revenue (vtr_id, drv_id, vat_id, vtr_amount, vtr_value) VALUES (1850, 925, 2, 15.0, 0.7819905);
INSERT INTO t_day_revenue (drv_id, drv_revenue_date, drv_print_date, drv_closing_date, drv_cash, drv_ticket, drv_cheque, drv_card, drv_unpaid, drv_amount, drv_takeaway) VALUES (926, TO_DATE('10/10/2003', 'dd/MM/yyyy'), TO_DATE('16/10/2003', 'dd/MM/yyyy'), TO_DATE('16/10/2003', 'dd/MM/yyyy'), 78.0, 34.18, 109.5, 927.82, 0.0, 1149.5, false);
INSERT INTO t_vat_revenue (vtr_id, drv_id, vat_id, vtr_amount, vtr_value) VALUES (1851, 926, 1, 1149.5, 188.37961);
INSERT INTO t_vat_revenue (vtr_id, drv_id, vat_id, vtr_amount, vtr_value) VALUES (1852, 926, 2, 0, 0);
INSERT INTO t_day_revenue (drv_id, drv_revenue_date, drv_print_date, drv_closing_date, drv_cash, drv_ticket, drv_cheque, drv_card, drv_unpaid, drv_amount, drv_takeaway) VALUES (927, TO_DATE('13/10/2003', 'dd/MM/yyyy'), TO_DATE('16/10/2003', 'dd/MM/yyyy'), TO_DATE('16/10/2003', 'dd/MM/yyyy'), 0.0, 0.0, 0.0, 0.0, 0.0, 0.0, true);
INSERT INTO t_vat_revenue (vtr_id, drv_id, vat_id, vtr_amount, vtr_value) VALUES (1853, 927, 1, 0, 0);
INSERT INTO t_vat_revenue (vtr_id, drv_id, vat_id, vtr_amount, vtr_value) VALUES (1854, 927, 2, 0.0, 0.0);
INSERT INTO t_day_revenue (drv_id, drv_revenue_date, drv_print_date, drv_closing_date, drv_cash, drv_ticket, drv_cheque, drv_card, drv_unpaid, drv_amount, drv_takeaway) VALUES (928, TO_DATE('13/10/2003', 'dd/MM/yyyy'), TO_DATE('16/10/2003', 'dd/MM/yyyy'), TO_DATE('16/10/2003', 'dd/MM/yyyy'), 0.0, 36.0, 150.5, 266.5, 0.0, 453.0, false);
INSERT INTO t_vat_revenue (vtr_id, drv_id, vat_id, vtr_amount, vtr_value) VALUES (1855, 928, 1, 453.0, 74.23746);
INSERT INTO t_vat_revenue (vtr_id, drv_id, vat_id, vtr_amount, vtr_value) VALUES (1856, 928, 2, 0, 0);
INSERT INTO t_day_revenue (drv_id, drv_revenue_date, drv_print_date, drv_closing_date, drv_cash, drv_ticket, drv_cheque, drv_card, drv_unpaid, drv_amount, drv_takeaway) VALUES (929, TO_DATE('14/10/2003', 'dd/MM/yyyy'), TO_DATE('17/10/2003', 'dd/MM/yyyy'), TO_DATE('17/10/2003', 'dd/MM/yyyy'), 0.0, 0.0, 0.0, 59.0, 0.0, 59.0, true);
INSERT INTO t_vat_revenue (vtr_id, drv_id, vat_id, vtr_amount, vtr_value) VALUES (1857, 929, 1, 0, 0);
INSERT INTO t_vat_revenue (vtr_id, drv_id, vat_id, vtr_amount, vtr_value) VALUES (1858, 929, 2, 59.0, 3.0758293);
INSERT INTO t_day_revenue (drv_id, drv_revenue_date, drv_print_date, drv_closing_date, drv_cash, drv_ticket, drv_cheque, drv_card, drv_unpaid, drv_amount, drv_takeaway) VALUES (930, TO_DATE('14/10/2003', 'dd/MM/yyyy'), TO_DATE('17/10/2003', 'dd/MM/yyyy'), TO_DATE('17/10/2003', 'dd/MM/yyyy'), 13.0, 20.0, 157.0, 721.0, 0.0, 911.0, false);
INSERT INTO t_vat_revenue (vtr_id, drv_id, vat_id, vtr_amount, vtr_value) VALUES (1859, 930, 1, 911.0, 149.29431);
INSERT INTO t_vat_revenue (vtr_id, drv_id, vat_id, vtr_amount, vtr_value) VALUES (1860, 930, 2, 0, 0);
INSERT INTO t_day_revenue (drv_id, drv_revenue_date, drv_print_date, drv_closing_date, drv_cash, drv_ticket, drv_cheque, drv_card, drv_unpaid, drv_amount, drv_takeaway) VALUES (931, TO_DATE('15/10/2003', 'dd/MM/yyyy'), TO_DATE('17/10/2003', 'dd/MM/yyyy'), TO_DATE('17/10/2003', 'dd/MM/yyyy'), 0.0, 0.0, 0.0, 75.0, 0.0, 75.0, true);
INSERT INTO t_vat_revenue (vtr_id, drv_id, vat_id, vtr_amount, vtr_value) VALUES (1861, 931, 1, 0, 0);
INSERT INTO t_vat_revenue (vtr_id, drv_id, vat_id, vtr_amount, vtr_value) VALUES (1862, 931, 2, 75.0, 3.9099526);
INSERT INTO t_day_revenue (drv_id, drv_revenue_date, drv_print_date, drv_closing_date, drv_cash, drv_ticket, drv_cheque, drv_card, drv_unpaid, drv_amount, drv_takeaway) VALUES (932, TO_DATE('15/10/2003', 'dd/MM/yyyy'), TO_DATE('17/10/2003', 'dd/MM/yyyy'), TO_DATE('17/10/2003', 'dd/MM/yyyy'), 60.0, 14.0, 166.5, 285.0, 0.0, 525.5, false);
INSERT INTO t_vat_revenue (vtr_id, drv_id, vat_id, vtr_amount, vtr_value) VALUES (1863, 932, 1, 525.5, 86.11873);
INSERT INTO t_vat_revenue (vtr_id, drv_id, vat_id, vtr_amount, vtr_value) VALUES (1864, 932, 2, 0, 0);
INSERT INTO t_day_revenue (drv_id, drv_revenue_date, drv_print_date, drv_closing_date, drv_cash, drv_ticket, drv_cheque, drv_card, drv_unpaid, drv_amount, drv_takeaway) VALUES (933, TO_DATE('16/10/2003', 'dd/MM/yyyy'), TO_DATE('17/10/2003', 'dd/MM/yyyy'), TO_DATE('17/10/2003', 'dd/MM/yyyy'), 0.0, 0.0, 0.0, 0.0, 0.0, 0.0, true);
INSERT INTO t_vat_revenue (vtr_id, drv_id, vat_id, vtr_amount, vtr_value) VALUES (1865, 933, 1, 0, 0);
INSERT INTO t_vat_revenue (vtr_id, drv_id, vat_id, vtr_amount, vtr_value) VALUES (1866, 933, 2, 0.0, 0.0);
INSERT INTO t_day_revenue (drv_id, drv_revenue_date, drv_print_date, drv_closing_date, drv_cash, drv_ticket, drv_cheque, drv_card, drv_unpaid, drv_amount, drv_takeaway) VALUES (934, TO_DATE('16/10/2003', 'dd/MM/yyyy'), TO_DATE('17/10/2003', 'dd/MM/yyyy'), TO_DATE('17/10/2003', 'dd/MM/yyyy'), 51.0, 0.0, 107.0, 476.5, 0.0, 634.5, false);
INSERT INTO t_vat_revenue (vtr_id, drv_id, vat_id, vtr_amount, vtr_value) VALUES (1867, 934, 1, 634.5, 103.981606);
INSERT INTO t_vat_revenue (vtr_id, drv_id, vat_id, vtr_amount, vtr_value) VALUES (1868, 934, 2, 0, 0);
INSERT INTO t_day_revenue (drv_id, drv_revenue_date, drv_print_date, drv_closing_date, drv_cash, drv_ticket, drv_cheque, drv_card, drv_unpaid, drv_amount, drv_takeaway) VALUES (935, TO_DATE('17/10/2003', 'dd/MM/yyyy'), TO_DATE('22/10/2003', 'dd/MM/yyyy'), TO_DATE('22/10/2003', 'dd/MM/yyyy'), 0.0, 0.0, 15.0, 18.5, 0.0, 33.5, true);
INSERT INTO t_vat_revenue (vtr_id, drv_id, vat_id, vtr_amount, vtr_value) VALUES (1869, 935, 1, 0, 0);
INSERT INTO t_vat_revenue (vtr_id, drv_id, vat_id, vtr_amount, vtr_value) VALUES (1870, 935, 2, 33.5, 1.7464455);
INSERT INTO t_day_revenue (drv_id, drv_revenue_date, drv_print_date, drv_closing_date, drv_cash, drv_ticket, drv_cheque, drv_card, drv_unpaid, drv_amount, drv_takeaway) VALUES (936, TO_DATE('17/10/2003', 'dd/MM/yyyy'), TO_DATE('22/10/2003', 'dd/MM/yyyy'), TO_DATE('22/10/2003', 'dd/MM/yyyy'), 79.5, 0.0, 157.0, 1191.5, 0.0, 1428.0, false);
INSERT INTO t_vat_revenue (vtr_id, drv_id, vat_id, vtr_amount, vtr_value) VALUES (1871, 936, 1, 1428.0, 234.02008);
INSERT INTO t_vat_revenue (vtr_id, drv_id, vat_id, vtr_amount, vtr_value) VALUES (1872, 936, 2, 0, 0);
INSERT INTO t_day_revenue (drv_id, drv_revenue_date, drv_print_date, drv_closing_date, drv_cash, drv_ticket, drv_cheque, drv_card, drv_unpaid, drv_amount, drv_takeaway) VALUES (937, TO_DATE('18/10/2003', 'dd/MM/yyyy'), TO_DATE('22/10/2003', 'dd/MM/yyyy'), TO_DATE('22/10/2003', 'dd/MM/yyyy'), 0.0, 0.0, 24.0, 109.0, 0.0, 133.0, true);
INSERT INTO t_vat_revenue (vtr_id, drv_id, vat_id, vtr_amount, vtr_value) VALUES (1873, 937, 1, 0, 0);
INSERT INTO t_vat_revenue (vtr_id, drv_id, vat_id, vtr_amount, vtr_value) VALUES (1874, 937, 2, 133.0, 6.933649);
INSERT INTO t_day_revenue (drv_id, drv_revenue_date, drv_print_date, drv_closing_date, drv_cash, drv_ticket, drv_cheque, drv_card, drv_unpaid, drv_amount, drv_takeaway) VALUES (938, TO_DATE('18/10/2003', 'dd/MM/yyyy'), TO_DATE('22/10/2003', 'dd/MM/yyyy'), TO_DATE('22/10/2003', 'dd/MM/yyyy'), 17.0, 10.0, 292.0, 657.5, 0.0, 976.5, false);
INSERT INTO t_vat_revenue (vtr_id, drv_id, vat_id, vtr_amount, vtr_value) VALUES (1875, 938, 1, 976.5, 160.02843);
INSERT INTO t_vat_revenue (vtr_id, drv_id, vat_id, vtr_amount, vtr_value) VALUES (1876, 938, 2, 0, 0);
INSERT INTO t_day_revenue (drv_id, drv_revenue_date, drv_print_date, drv_closing_date, drv_cash, drv_ticket, drv_cheque, drv_card, drv_unpaid, drv_amount, drv_takeaway) VALUES (939, TO_DATE('19/10/2003', 'dd/MM/yyyy'), TO_DATE('22/10/2003', 'dd/MM/yyyy'), TO_DATE('22/10/2003', 'dd/MM/yyyy'), 0.0, 0.0, 46.5, 0.0, 0.0, 46.5, true);
INSERT INTO t_vat_revenue (vtr_id, drv_id, vat_id, vtr_amount, vtr_value) VALUES (1877, 939, 1, 0, 0);
INSERT INTO t_vat_revenue (vtr_id, drv_id, vat_id, vtr_amount, vtr_value) VALUES (1878, 939, 2, 46.5, 2.4241707);
INSERT INTO t_day_revenue (drv_id, drv_revenue_date, drv_print_date, drv_closing_date, drv_cash, drv_ticket, drv_cheque, drv_card, drv_unpaid, drv_amount, drv_takeaway) VALUES (940, TO_DATE('19/10/2003', 'dd/MM/yyyy'), TO_DATE('22/10/2003', 'dd/MM/yyyy'), TO_DATE('22/10/2003', 'dd/MM/yyyy'), 15.0, 63.0, 122.5, 774.0, 0.0, 974.5, false);
INSERT INTO t_vat_revenue (vtr_id, drv_id, vat_id, vtr_amount, vtr_value) VALUES (1879, 940, 1, 974.5, 159.70068);
INSERT INTO t_vat_revenue (vtr_id, drv_id, vat_id, vtr_amount, vtr_value) VALUES (1880, 940, 2, 0, 0);
INSERT INTO t_day_revenue (drv_id, drv_revenue_date, drv_print_date, drv_closing_date, drv_cash, drv_ticket, drv_cheque, drv_card, drv_unpaid, drv_amount, drv_takeaway) VALUES (941, TO_DATE('20/10/2003', 'dd/MM/yyyy'), TO_DATE('22/10/2003', 'dd/MM/yyyy'), TO_DATE('22/10/2003', 'dd/MM/yyyy'), 0.0, 0.0, 0.0, 0.0, 0.0, 0.0, true);
INSERT INTO t_vat_revenue (vtr_id, drv_id, vat_id, vtr_amount, vtr_value) VALUES (1881, 941, 1, 0, 0);
INSERT INTO t_vat_revenue (vtr_id, drv_id, vat_id, vtr_amount, vtr_value) VALUES (1882, 941, 2, 0.0, 0.0);
INSERT INTO t_day_revenue (drv_id, drv_revenue_date, drv_print_date, drv_closing_date, drv_cash, drv_ticket, drv_cheque, drv_card, drv_unpaid, drv_amount, drv_takeaway) VALUES (942, TO_DATE('20/10/2003', 'dd/MM/yyyy'), TO_DATE('22/10/2003', 'dd/MM/yyyy'), TO_DATE('22/10/2003', 'dd/MM/yyyy'), 69.5, 50.0, 138.5, 488.5, 0.0, 746.5, false);
INSERT INTO t_vat_revenue (vtr_id, drv_id, vat_id, vtr_amount, vtr_value) VALUES (1883, 942, 1, 746.5, 122.33613);
INSERT INTO t_vat_revenue (vtr_id, drv_id, vat_id, vtr_amount, vtr_value) VALUES (1884, 942, 2, 0, 0);
INSERT INTO t_day_revenue (drv_id, drv_revenue_date, drv_print_date, drv_closing_date, drv_cash, drv_ticket, drv_cheque, drv_card, drv_unpaid, drv_amount, drv_takeaway) VALUES (943, TO_DATE('21/10/2003', 'dd/MM/yyyy'), TO_DATE('22/10/2003', 'dd/MM/yyyy'), TO_DATE('22/10/2003', 'dd/MM/yyyy'), 0.0, 0.0, 0.0, 0.0, 0.0, 0.0, true);
INSERT INTO t_vat_revenue (vtr_id, drv_id, vat_id, vtr_amount, vtr_value) VALUES (1885, 943, 1, 0, 0);
INSERT INTO t_vat_revenue (vtr_id, drv_id, vat_id, vtr_amount, vtr_value) VALUES (1886, 943, 2, 0.0, 0.0);
INSERT INTO t_day_revenue (drv_id, drv_revenue_date, drv_print_date, drv_closing_date, drv_cash, drv_ticket, drv_cheque, drv_card, drv_unpaid, drv_amount, drv_takeaway) VALUES (944, TO_DATE('21/10/2003', 'dd/MM/yyyy'), TO_DATE('22/10/2003', 'dd/MM/yyyy'), TO_DATE('22/10/2003', 'dd/MM/yyyy'), 18.0, 30.5, 146.0, 368.0, 0.0, 562.5, false);
INSERT INTO t_vat_revenue (vtr_id, drv_id, vat_id, vtr_amount, vtr_value) VALUES (1887, 944, 1, 562.5, 92.182274);
INSERT INTO t_vat_revenue (vtr_id, drv_id, vat_id, vtr_amount, vtr_value) VALUES (1888, 944, 2, 0, 0);
INSERT INTO t_day_revenue (drv_id, drv_revenue_date, drv_print_date, drv_closing_date, drv_cash, drv_ticket, drv_cheque, drv_card, drv_unpaid, drv_amount, drv_takeaway) VALUES (945, TO_DATE('22/10/2003', 'dd/MM/yyyy'), TO_DATE('23/10/2003', 'dd/MM/yyyy'), TO_DATE('23/10/2003', 'dd/MM/yyyy'), 0.0, 0.0, 0.0, 64.5, 0.0, 64.5, true);
INSERT INTO t_vat_revenue (vtr_id, drv_id, vat_id, vtr_amount, vtr_value) VALUES (1889, 945, 1, 0, 0);
INSERT INTO t_vat_revenue (vtr_id, drv_id, vat_id, vtr_amount, vtr_value) VALUES (1890, 945, 2, 64.5, 3.3625593);
INSERT INTO t_day_revenue (drv_id, drv_revenue_date, drv_print_date, drv_closing_date, drv_cash, drv_ticket, drv_cheque, drv_card, drv_unpaid, drv_amount, drv_takeaway) VALUES (946, TO_DATE('22/10/2003', 'dd/MM/yyyy'), TO_DATE('23/10/2003', 'dd/MM/yyyy'), TO_DATE('23/10/2003', 'dd/MM/yyyy'), 8.5, 36.5, 356.0, 410.5, 0.0, 811.5, false);
INSERT INTO t_vat_revenue (vtr_id, drv_id, vat_id, vtr_amount, vtr_value) VALUES (1891, 946, 1, 811.5, 132.9883);
INSERT INTO t_vat_revenue (vtr_id, drv_id, vat_id, vtr_amount, vtr_value) VALUES (1892, 946, 2, 0, 0);
INSERT INTO t_day_revenue (drv_id, drv_revenue_date, drv_print_date, drv_closing_date, drv_cash, drv_ticket, drv_cheque, drv_card, drv_unpaid, drv_amount, drv_takeaway) VALUES (947, TO_DATE('23/10/2003', 'dd/MM/yyyy'), TO_DATE('24/10/2003', 'dd/MM/yyyy'), TO_DATE('24/10/2003', 'dd/MM/yyyy'), 0.0, 0.0, 0.0, 131.5, 0.0, 131.5, true);
INSERT INTO t_vat_revenue (vtr_id, drv_id, vat_id, vtr_amount, vtr_value) VALUES (1893, 947, 1, 0, 0);
INSERT INTO t_vat_revenue (vtr_id, drv_id, vat_id, vtr_amount, vtr_value) VALUES (1894, 947, 2, 131.5, 6.85545);
INSERT INTO t_day_revenue (drv_id, drv_revenue_date, drv_print_date, drv_closing_date, drv_cash, drv_ticket, drv_cheque, drv_card, drv_unpaid, drv_amount, drv_takeaway) VALUES (948, TO_DATE('23/10/2003', 'dd/MM/yyyy'), TO_DATE('24/10/2003', 'dd/MM/yyyy'), TO_DATE('24/10/2003', 'dd/MM/yyyy'), 92.5, 25.9, 257.5, 635.1, 0.0, 1011.0, false);
INSERT INTO t_vat_revenue (vtr_id, drv_id, vat_id, vtr_amount, vtr_value) VALUES (1895, 948, 1, 1011.0, 165.68227);
INSERT INTO t_vat_revenue (vtr_id, drv_id, vat_id, vtr_amount, vtr_value) VALUES (1896, 948, 2, 0, 0);
INSERT INTO t_day_revenue (drv_id, drv_revenue_date, drv_print_date, drv_closing_date, drv_cash, drv_ticket, drv_cheque, drv_card, drv_unpaid, drv_amount, drv_takeaway) VALUES (949, TO_DATE('24/10/2003', 'dd/MM/yyyy'), TO_DATE('28/10/2003', 'dd/MM/yyyy'), TO_DATE('28/10/2003', 'dd/MM/yyyy'), 0.0, 7.8, 0.0, 105.2, 0.0, 113.0, true);
INSERT INTO t_vat_revenue (vtr_id, drv_id, vat_id, vtr_amount, vtr_value) VALUES (1897, 949, 1, 0, 0);
INSERT INTO t_vat_revenue (vtr_id, drv_id, vat_id, vtr_amount, vtr_value) VALUES (1898, 949, 2, 113.0, 5.890995);
INSERT INTO t_day_revenue (drv_id, drv_revenue_date, drv_print_date, drv_closing_date, drv_cash, drv_ticket, drv_cheque, drv_card, drv_unpaid, drv_amount, drv_takeaway) VALUES (950, TO_DATE('24/10/2003', 'dd/MM/yyyy'), TO_DATE('28/10/2003', 'dd/MM/yyyy'), TO_DATE('28/10/2003', 'dd/MM/yyyy'), 39.0, 15.5, 546.5, 1144.0, 0.0, 1745.0, false);
INSERT INTO t_vat_revenue (vtr_id, drv_id, vat_id, vtr_amount, vtr_value) VALUES (1899, 950, 1, 1745.0, 285.9699);
INSERT INTO t_vat_revenue (vtr_id, drv_id, vat_id, vtr_amount, vtr_value) VALUES (1900, 950, 2, 0, 0);
INSERT INTO t_day_revenue (drv_id, drv_revenue_date, drv_print_date, drv_closing_date, drv_cash, drv_ticket, drv_cheque, drv_card, drv_unpaid, drv_amount, drv_takeaway) VALUES (951, TO_DATE('25/10/2003', 'dd/MM/yyyy'), TO_DATE('28/10/2003', 'dd/MM/yyyy'), TO_DATE('28/10/2003', 'dd/MM/yyyy'), 0.0, 0.0, 0.0, 32.5, 0.0, 32.5, true);
INSERT INTO t_vat_revenue (vtr_id, drv_id, vat_id, vtr_amount, vtr_value) VALUES (1901, 951, 1, 0, 0);
INSERT INTO t_vat_revenue (vtr_id, drv_id, vat_id, vtr_amount, vtr_value) VALUES (1902, 951, 2, 32.5, 1.6943128);
INSERT INTO t_day_revenue (drv_id, drv_revenue_date, drv_print_date, drv_closing_date, drv_cash, drv_ticket, drv_cheque, drv_card, drv_unpaid, drv_amount, drv_takeaway) VALUES (952, TO_DATE('25/10/2003', 'dd/MM/yyyy'), TO_DATE('28/10/2003', 'dd/MM/yyyy'), TO_DATE('28/10/2003', 'dd/MM/yyyy'), 24.0, 45.15, 394.5, 813.85, 0.0, 1277.5, false);
INSERT INTO t_vat_revenue (vtr_id, drv_id, vat_id, vtr_amount, vtr_value) VALUES (1903, 952, 1, 1277.5, 209.35619);
INSERT INTO t_vat_revenue (vtr_id, drv_id, vat_id, vtr_amount, vtr_value) VALUES (1904, 952, 2, 0, 0);
INSERT INTO t_day_revenue (drv_id, drv_revenue_date, drv_print_date, drv_closing_date, drv_cash, drv_ticket, drv_cheque, drv_card, drv_unpaid, drv_amount, drv_takeaway) VALUES (953, TO_DATE('26/10/2003', 'dd/MM/yyyy'), TO_DATE('28/10/2003', 'dd/MM/yyyy'), TO_DATE('28/10/2003', 'dd/MM/yyyy'), 0.0, 0.0, 0.0, 48.0, 0.0, 48.0, true);
INSERT INTO t_vat_revenue (vtr_id, drv_id, vat_id, vtr_amount, vtr_value) VALUES (1905, 953, 1, 0, 0);
INSERT INTO t_vat_revenue (vtr_id, drv_id, vat_id, vtr_amount, vtr_value) VALUES (1906, 953, 2, 48.0, 2.5023696);
INSERT INTO t_day_revenue (drv_id, drv_revenue_date, drv_print_date, drv_closing_date, drv_cash, drv_ticket, drv_cheque, drv_card, drv_unpaid, drv_amount, drv_takeaway) VALUES (954, TO_DATE('26/10/2003', 'dd/MM/yyyy'), TO_DATE('28/10/2003', 'dd/MM/yyyy'), TO_DATE('28/10/2003', 'dd/MM/yyyy'), 0.0, 8.4, 211.6, 197.0, 0.0, 417.0, false);
INSERT INTO t_vat_revenue (vtr_id, drv_id, vat_id, vtr_amount, vtr_value) VALUES (1907, 954, 1, 417.0, 68.33779);
INSERT INTO t_vat_revenue (vtr_id, drv_id, vat_id, vtr_amount, vtr_value) VALUES (1908, 954, 2, 0, 0);
INSERT INTO t_day_revenue (drv_id, drv_revenue_date, drv_print_date, drv_closing_date, drv_cash, drv_ticket, drv_cheque, drv_card, drv_unpaid, drv_amount, drv_takeaway) VALUES (955, TO_DATE('27/10/2003', 'dd/MM/yyyy'), TO_DATE('28/10/2003', 'dd/MM/yyyy'), TO_DATE('28/10/2003', 'dd/MM/yyyy'), 0.0, 0.0, 0.0, 0.0, 0.0, 0.0, true);
INSERT INTO t_vat_revenue (vtr_id, drv_id, vat_id, vtr_amount, vtr_value) VALUES (1909, 955, 1, 0, 0);
INSERT INTO t_vat_revenue (vtr_id, drv_id, vat_id, vtr_amount, vtr_value) VALUES (1910, 955, 2, 0.0, 0.0);
INSERT INTO t_day_revenue (drv_id, drv_revenue_date, drv_print_date, drv_closing_date, drv_cash, drv_ticket, drv_cheque, drv_card, drv_unpaid, drv_amount, drv_takeaway) VALUES (956, TO_DATE('27/10/2003', 'dd/MM/yyyy'), TO_DATE('28/10/2003', 'dd/MM/yyyy'), TO_DATE('28/10/2003', 'dd/MM/yyyy'), 103.0, 0.0, 174.5, 285.5, 0.0, 563.0, false);
INSERT INTO t_vat_revenue (vtr_id, drv_id, vat_id, vtr_amount, vtr_value) VALUES (1911, 956, 1, 563.0, 92.26421);
INSERT INTO t_vat_revenue (vtr_id, drv_id, vat_id, vtr_amount, vtr_value) VALUES (1912, 956, 2, 0, 0);
INSERT INTO t_day_revenue (drv_id, drv_revenue_date, drv_print_date, drv_closing_date, drv_cash, drv_ticket, drv_cheque, drv_card, drv_unpaid, drv_amount, drv_takeaway) VALUES (957, TO_DATE('28/10/2003', 'dd/MM/yyyy'), TO_DATE('30/10/2003', 'dd/MM/yyyy'), TO_DATE('30/10/2003', 'dd/MM/yyyy'), 0.0, 0.0, 41.0, 23.0, 0.0, 64.0, true);
INSERT INTO t_vat_revenue (vtr_id, drv_id, vat_id, vtr_amount, vtr_value) VALUES (1913, 957, 1, 0, 0);
INSERT INTO t_vat_revenue (vtr_id, drv_id, vat_id, vtr_amount, vtr_value) VALUES (1914, 957, 2, 64.0, 3.3364928);
INSERT INTO t_day_revenue (drv_id, drv_revenue_date, drv_print_date, drv_closing_date, drv_cash, drv_ticket, drv_cheque, drv_card, drv_unpaid, drv_amount, drv_takeaway) VALUES (958, TO_DATE('28/10/2003', 'dd/MM/yyyy'), TO_DATE('30/10/2003', 'dd/MM/yyyy'), TO_DATE('30/10/2003', 'dd/MM/yyyy'), 6.0, 5.0, 248.0, 703.0, 0.0, 962.0, false);
INSERT INTO t_vat_revenue (vtr_id, drv_id, vat_id, vtr_amount, vtr_value) VALUES (1915, 958, 1, 962.0, 157.65219);
INSERT INTO t_vat_revenue (vtr_id, drv_id, vat_id, vtr_amount, vtr_value) VALUES (1916, 958, 2, 0, 0);
INSERT INTO t_day_revenue (drv_id, drv_revenue_date, drv_print_date, drv_closing_date, drv_cash, drv_ticket, drv_cheque, drv_card, drv_unpaid, drv_amount, drv_takeaway) VALUES (959, TO_DATE('29/10/2003', 'dd/MM/yyyy'), TO_DATE('30/10/2003', 'dd/MM/yyyy'), TO_DATE('30/10/2003', 'dd/MM/yyyy'), 0.0, 0.0, 237.5, 78.0, 0.0, 315.5, true);
INSERT INTO t_vat_revenue (vtr_id, drv_id, vat_id, vtr_amount, vtr_value) VALUES (1917, 959, 1, 0, 0);
INSERT INTO t_vat_revenue (vtr_id, drv_id, vat_id, vtr_amount, vtr_value) VALUES (1918, 959, 2, 315.5, 16.447866);
INSERT INTO t_day_revenue (drv_id, drv_revenue_date, drv_print_date, drv_closing_date, drv_cash, drv_ticket, drv_cheque, drv_card, drv_unpaid, drv_amount, drv_takeaway) VALUES (960, TO_DATE('29/10/2003', 'dd/MM/yyyy'), TO_DATE('30/10/2003', 'dd/MM/yyyy'), TO_DATE('30/10/2003', 'dd/MM/yyyy'), 0.0, 0.0, 156.5, 552.5, 0.0, 709.0, false);
INSERT INTO t_vat_revenue (vtr_id, drv_id, vat_id, vtr_amount, vtr_value) VALUES (1919, 960, 1, 709.0, 116.19064);
INSERT INTO t_vat_revenue (vtr_id, drv_id, vat_id, vtr_amount, vtr_value) VALUES (1920, 960, 2, 0, 0);
INSERT INTO t_day_revenue (drv_id, drv_revenue_date, drv_print_date, drv_closing_date, drv_cash, drv_ticket, drv_cheque, drv_card, drv_unpaid, drv_amount, drv_takeaway) VALUES (961, TO_DATE('30/10/2003', 'dd/MM/yyyy'), TO_DATE('01/11/2003', 'dd/MM/yyyy'), TO_DATE('01/11/2003', 'dd/MM/yyyy'), 10.0, 0.0, 0.0, 40.5, 0.0, 50.5, true);
INSERT INTO t_vat_revenue (vtr_id, drv_id, vat_id, vtr_amount, vtr_value) VALUES (1921, 961, 1, 0, 0);
INSERT INTO t_vat_revenue (vtr_id, drv_id, vat_id, vtr_amount, vtr_value) VALUES (1922, 961, 2, 50.5, 2.6327014);
INSERT INTO t_day_revenue (drv_id, drv_revenue_date, drv_print_date, drv_closing_date, drv_cash, drv_ticket, drv_cheque, drv_card, drv_unpaid, drv_amount, drv_takeaway) VALUES (962, TO_DATE('30/10/2003', 'dd/MM/yyyy'), TO_DATE('01/11/2003', 'dd/MM/yyyy'), TO_DATE('01/11/2003', 'dd/MM/yyyy'), 0.0, 6.4, 182.5, 514.1, 0.0, 703.0, false);
INSERT INTO t_vat_revenue (vtr_id, drv_id, vat_id, vtr_amount, vtr_value) VALUES (1923, 962, 1, 703.0, 115.20736);
INSERT INTO t_vat_revenue (vtr_id, drv_id, vat_id, vtr_amount, vtr_value) VALUES (1924, 962, 2, 0, 0);
INSERT INTO t_day_revenue (drv_id, drv_revenue_date, drv_print_date, drv_closing_date, drv_cash, drv_ticket, drv_cheque, drv_card, drv_unpaid, drv_amount, drv_takeaway) VALUES (963, TO_DATE('31/10/2003', 'dd/MM/yyyy'), TO_DATE('01/11/2003', 'dd/MM/yyyy'), TO_DATE('01/11/2003', 'dd/MM/yyyy'), 0.0, 0.0, 0.0, 7.5, 0.0, 7.5, true);
INSERT INTO t_vat_revenue (vtr_id, drv_id, vat_id, vtr_amount, vtr_value) VALUES (1925, 963, 1, 0, 0);
INSERT INTO t_vat_revenue (vtr_id, drv_id, vat_id, vtr_amount, vtr_value) VALUES (1926, 963, 2, 7.5, 0.39099526);
INSERT INTO t_day_revenue (drv_id, drv_revenue_date, drv_print_date, drv_closing_date, drv_cash, drv_ticket, drv_cheque, drv_card, drv_unpaid, drv_amount, drv_takeaway) VALUES (964, TO_DATE('31/10/2003', 'dd/MM/yyyy'), TO_DATE('01/11/2003', 'dd/MM/yyyy'), TO_DATE('01/11/2003', 'dd/MM/yyyy'), 32.0, 5.8, 465.5, 1073.7, 0.0, 1577.0, false);
INSERT INTO t_vat_revenue (vtr_id, drv_id, vat_id, vtr_amount, vtr_value) VALUES (1927, 964, 1, 1577.0, 258.43814);
INSERT INTO t_vat_revenue (vtr_id, drv_id, vat_id, vtr_amount, vtr_value) VALUES (1928, 964, 2, 0, 0);
INSERT INTO t_day_revenue (drv_id, drv_revenue_date, drv_print_date, drv_closing_date, drv_cash, drv_ticket, drv_cheque, drv_card, drv_unpaid, drv_amount, drv_takeaway) VALUES (965, TO_DATE('01/11/2003', 'dd/MM/yyyy'), TO_DATE('03/11/2003', 'dd/MM/yyyy'), TO_DATE('03/11/2003', 'dd/MM/yyyy'), 0.0, 0.0, 0.0, 111.0, 0.0, 111.0, true);
INSERT INTO t_vat_revenue (vtr_id, drv_id, vat_id, vtr_amount, vtr_value) VALUES (1929, 965, 1, 0, 0);
INSERT INTO t_vat_revenue (vtr_id, drv_id, vat_id, vtr_amount, vtr_value) VALUES (1930, 965, 2, 111.0, 5.78673);
INSERT INTO t_day_revenue (drv_id, drv_revenue_date, drv_print_date, drv_closing_date, drv_cash, drv_ticket, drv_cheque, drv_card, drv_unpaid, drv_amount, drv_takeaway) VALUES (966, TO_DATE('01/11/2003', 'dd/MM/yyyy'), TO_DATE('03/11/2003', 'dd/MM/yyyy'), TO_DATE('03/11/2003', 'dd/MM/yyyy'), 26.5, 24.55, 409.25, 774.7, 0.0, 1235.0, false);
INSERT INTO t_vat_revenue (vtr_id, drv_id, vat_id, vtr_amount, vtr_value) VALUES (1931, 966, 1, 1235.0, 202.39131);
INSERT INTO t_vat_revenue (vtr_id, drv_id, vat_id, vtr_amount, vtr_value) VALUES (1932, 966, 2, 0, 0);
INSERT INTO t_day_revenue (drv_id, drv_revenue_date, drv_print_date, drv_closing_date, drv_cash, drv_ticket, drv_cheque, drv_card, drv_unpaid, drv_amount, drv_takeaway) VALUES (967, TO_DATE('02/11/2003', 'dd/MM/yyyy'), TO_DATE('03/11/2003', 'dd/MM/yyyy'), TO_DATE('03/11/2003', 'dd/MM/yyyy'), 0.0, 0.0, 0.0, 113.5, 0.0, 113.5, true);
INSERT INTO t_vat_revenue (vtr_id, drv_id, vat_id, vtr_amount, vtr_value) VALUES (1933, 967, 1, 0, 0);
INSERT INTO t_vat_revenue (vtr_id, drv_id, vat_id, vtr_amount, vtr_value) VALUES (1934, 967, 2, 113.5, 5.917062);
INSERT INTO t_day_revenue (drv_id, drv_revenue_date, drv_print_date, drv_closing_date, drv_cash, drv_ticket, drv_cheque, drv_card, drv_unpaid, drv_amount, drv_takeaway) VALUES (968, TO_DATE('02/11/2003', 'dd/MM/yyyy'), TO_DATE('03/11/2003', 'dd/MM/yyyy'), TO_DATE('03/11/2003', 'dd/MM/yyyy'), 0.0, 0.0, 50.0, 617.0, 0.0, 667.0, false);
INSERT INTO t_vat_revenue (vtr_id, drv_id, vat_id, vtr_amount, vtr_value) VALUES (1935, 968, 1, 667.0, 109.30769);
INSERT INTO t_vat_revenue (vtr_id, drv_id, vat_id, vtr_amount, vtr_value) VALUES (1936, 968, 2, 0, 0);
INSERT INTO t_day_revenue (drv_id, drv_revenue_date, drv_print_date, drv_closing_date, drv_cash, drv_ticket, drv_cheque, drv_card, drv_unpaid, drv_amount, drv_takeaway) VALUES (969, TO_DATE('03/11/2003', 'dd/MM/yyyy'), TO_DATE('04/11/2003', 'dd/MM/yyyy'), TO_DATE('04/11/2003', 'dd/MM/yyyy'), 0.0, 0.0, 0.0, 13.5, 0.0, 13.5, true);
INSERT INTO t_vat_revenue (vtr_id, drv_id, vat_id, vtr_amount, vtr_value) VALUES (1937, 969, 1, 0, 0);
INSERT INTO t_vat_revenue (vtr_id, drv_id, vat_id, vtr_amount, vtr_value) VALUES (1938, 969, 2, 13.5, 0.70379144);
INSERT INTO t_day_revenue (drv_id, drv_revenue_date, drv_print_date, drv_closing_date, drv_cash, drv_ticket, drv_cheque, drv_card, drv_unpaid, drv_amount, drv_takeaway) VALUES (970, TO_DATE('03/11/2003', 'dd/MM/yyyy'), TO_DATE('04/11/2003', 'dd/MM/yyyy'), TO_DATE('04/11/2003', 'dd/MM/yyyy'), 51.0, 0.0, 56.5, 256.0, 0.0, 363.5, false);
INSERT INTO t_vat_revenue (vtr_id, drv_id, vat_id, vtr_amount, vtr_value) VALUES (1939, 970, 1, 363.5, 59.570236);
INSERT INTO t_vat_revenue (vtr_id, drv_id, vat_id, vtr_amount, vtr_value) VALUES (1940, 970, 2, 0, 0);
INSERT INTO t_day_revenue (drv_id, drv_revenue_date, drv_print_date, drv_closing_date, drv_cash, drv_ticket, drv_cheque, drv_card, drv_unpaid, drv_amount, drv_takeaway) VALUES (971, TO_DATE('04/11/2003', 'dd/MM/yyyy'), TO_DATE('13/11/2003', 'dd/MM/yyyy'), TO_DATE('13/11/2003', 'dd/MM/yyyy'), 0.0, 0.0, 0.0, 34.5, 0.0, 34.5, true);
INSERT INTO t_vat_revenue (vtr_id, drv_id, vat_id, vtr_amount, vtr_value) VALUES (1941, 971, 1, 0, 0);
INSERT INTO t_vat_revenue (vtr_id, drv_id, vat_id, vtr_amount, vtr_value) VALUES (1942, 971, 2, 34.5, 1.7985781);
INSERT INTO t_day_revenue (drv_id, drv_revenue_date, drv_print_date, drv_closing_date, drv_cash, drv_ticket, drv_cheque, drv_card, drv_unpaid, drv_amount, drv_takeaway) VALUES (972, TO_DATE('04/11/2003', 'dd/MM/yyyy'), TO_DATE('13/11/2003', 'dd/MM/yyyy'), TO_DATE('13/11/2003', 'dd/MM/yyyy'), 0.0, 0.0, 410.5, 309.5, 0.0, 720.0, false);
INSERT INTO t_vat_revenue (vtr_id, drv_id, vat_id, vtr_amount, vtr_value) VALUES (1943, 972, 1, 720.0, 117.99331);
INSERT INTO t_vat_revenue (vtr_id, drv_id, vat_id, vtr_amount, vtr_value) VALUES (1944, 972, 2, 0, 0);
INSERT INTO t_day_revenue (drv_id, drv_revenue_date, drv_print_date, drv_closing_date, drv_cash, drv_ticket, drv_cheque, drv_card, drv_unpaid, drv_amount, drv_takeaway) VALUES (973, TO_DATE('05/11/2003', 'dd/MM/yyyy'), TO_DATE('13/11/2003', 'dd/MM/yyyy'), TO_DATE('13/11/2003', 'dd/MM/yyyy'), 0.0, 0.0, 95.5, 101.5, 0.0, 197.0, true);
INSERT INTO t_vat_revenue (vtr_id, drv_id, vat_id, vtr_amount, vtr_value) VALUES (1945, 973, 1, 0, 0);
INSERT INTO t_vat_revenue (vtr_id, drv_id, vat_id, vtr_amount, vtr_value) VALUES (1946, 973, 2, 197.0, 10.270143);
INSERT INTO t_day_revenue (drv_id, drv_revenue_date, drv_print_date, drv_closing_date, drv_cash, drv_ticket, drv_cheque, drv_card, drv_unpaid, drv_amount, drv_takeaway) VALUES (974, TO_DATE('05/11/2003', 'dd/MM/yyyy'), TO_DATE('13/11/2003', 'dd/MM/yyyy'), TO_DATE('13/11/2003', 'dd/MM/yyyy'), 10.0, 37.0, 52.5, 343.18, 0.0, 442.68, false);
INSERT INTO t_vat_revenue (vtr_id, drv_id, vat_id, vtr_amount, vtr_value) VALUES (1947, 974, 1, 442.68, 72.54623);
INSERT INTO t_vat_revenue (vtr_id, drv_id, vat_id, vtr_amount, vtr_value) VALUES (1948, 974, 2, 0, 0);
INSERT INTO t_day_revenue (drv_id, drv_revenue_date, drv_print_date, drv_closing_date, drv_cash, drv_ticket, drv_cheque, drv_card, drv_unpaid, drv_amount, drv_takeaway) VALUES (975, TO_DATE('06/11/2003', 'dd/MM/yyyy'), TO_DATE('13/11/2003', 'dd/MM/yyyy'), TO_DATE('13/11/2003', 'dd/MM/yyyy'), 0.0, 0.0, 0.0, 0.0, 0.0, 0.0, true);
INSERT INTO t_vat_revenue (vtr_id, drv_id, vat_id, vtr_amount, vtr_value) VALUES (1949, 975, 1, 0, 0);
INSERT INTO t_vat_revenue (vtr_id, drv_id, vat_id, vtr_amount, vtr_value) VALUES (1950, 975, 2, 0.0, 0.0);
INSERT INTO t_day_revenue (drv_id, drv_revenue_date, drv_print_date, drv_closing_date, drv_cash, drv_ticket, drv_cheque, drv_card, drv_unpaid, drv_amount, drv_takeaway) VALUES (976, TO_DATE('06/11/2003', 'dd/MM/yyyy'), TO_DATE('13/11/2003', 'dd/MM/yyyy'), TO_DATE('13/11/2003', 'dd/MM/yyyy'), 21.0, 16.5, 243.0, 375.0, 0.0, 655.5, false);
INSERT INTO t_vat_revenue (vtr_id, drv_id, vat_id, vtr_amount, vtr_value) VALUES (1951, 976, 1, 655.5, 107.42308);
INSERT INTO t_vat_revenue (vtr_id, drv_id, vat_id, vtr_amount, vtr_value) VALUES (1952, 976, 2, 0, 0);
INSERT INTO t_day_revenue (drv_id, drv_revenue_date, drv_print_date, drv_closing_date, drv_cash, drv_ticket, drv_cheque, drv_card, drv_unpaid, drv_amount, drv_takeaway) VALUES (977, TO_DATE('07/11/2003', 'dd/MM/yyyy'), TO_DATE('13/11/2003', 'dd/MM/yyyy'), TO_DATE('13/11/2003', 'dd/MM/yyyy'), 0.0, 0.0, 0.0, 65.0, 0.0, 65.0, true);
INSERT INTO t_vat_revenue (vtr_id, drv_id, vat_id, vtr_amount, vtr_value) VALUES (1953, 977, 1, 0, 0);
INSERT INTO t_vat_revenue (vtr_id, drv_id, vat_id, vtr_amount, vtr_value) VALUES (1954, 977, 2, 65.0, 3.3886256);
INSERT INTO t_day_revenue (drv_id, drv_revenue_date, drv_print_date, drv_closing_date, drv_cash, drv_ticket, drv_cheque, drv_card, drv_unpaid, drv_amount, drv_takeaway) VALUES (978, TO_DATE('07/11/2003', 'dd/MM/yyyy'), TO_DATE('13/11/2003', 'dd/MM/yyyy'), TO_DATE('13/11/2003', 'dd/MM/yyyy'), 3.3, 13.7, 368.5, 1057.5, 0.0, 1443.0, false);
INSERT INTO t_vat_revenue (vtr_id, drv_id, vat_id, vtr_amount, vtr_value) VALUES (1955, 978, 1, 1443.0, 236.47827);
INSERT INTO t_vat_revenue (vtr_id, drv_id, vat_id, vtr_amount, vtr_value) VALUES (1956, 978, 2, 0, 0);
INSERT INTO t_day_revenue (drv_id, drv_revenue_date, drv_print_date, drv_closing_date, drv_cash, drv_ticket, drv_cheque, drv_card, drv_unpaid, drv_amount, drv_takeaway) VALUES (979, TO_DATE('08/11/2003', 'dd/MM/yyyy'), TO_DATE('13/11/2003', 'dd/MM/yyyy'), TO_DATE('13/11/2003', 'dd/MM/yyyy'), 0.0, 0.0, 0.0, 79.0, 0.0, 79.0, true);
INSERT INTO t_vat_revenue (vtr_id, drv_id, vat_id, vtr_amount, vtr_value) VALUES (1957, 979, 1, 0, 0);
INSERT INTO t_vat_revenue (vtr_id, drv_id, vat_id, vtr_amount, vtr_value) VALUES (1958, 979, 2, 79.0, 4.1184835);
INSERT INTO t_day_revenue (drv_id, drv_revenue_date, drv_print_date, drv_closing_date, drv_cash, drv_ticket, drv_cheque, drv_card, drv_unpaid, drv_amount, drv_takeaway) VALUES (980, TO_DATE('08/11/2003', 'dd/MM/yyyy'), TO_DATE('13/11/2003', 'dd/MM/yyyy'), TO_DATE('13/11/2003', 'dd/MM/yyyy'), 159.5, 5.8, 519.8, 1891.9, 0.0, 2577.0, false);
INSERT INTO t_vat_revenue (vtr_id, drv_id, vat_id, vtr_amount, vtr_value) VALUES (1959, 980, 1, 2577.0, 422.31772);
INSERT INTO t_vat_revenue (vtr_id, drv_id, vat_id, vtr_amount, vtr_value) VALUES (1960, 980, 2, 0, 0);
INSERT INTO t_day_revenue (drv_id, drv_revenue_date, drv_print_date, drv_closing_date, drv_cash, drv_ticket, drv_cheque, drv_card, drv_unpaid, drv_amount, drv_takeaway) VALUES (981, TO_DATE('09/11/2003', 'dd/MM/yyyy'), TO_DATE('13/11/2003', 'dd/MM/yyyy'), TO_DATE('13/11/2003', 'dd/MM/yyyy'), 0.0, 0.0, 0.0, 70.0, 0.0, 70.0, true);
INSERT INTO t_vat_revenue (vtr_id, drv_id, vat_id, vtr_amount, vtr_value) VALUES (1961, 981, 1, 0, 0);
INSERT INTO t_vat_revenue (vtr_id, drv_id, vat_id, vtr_amount, vtr_value) VALUES (1962, 981, 2, 70.0, 3.6492891);
INSERT INTO t_day_revenue (drv_id, drv_revenue_date, drv_print_date, drv_closing_date, drv_cash, drv_ticket, drv_cheque, drv_card, drv_unpaid, drv_amount, drv_takeaway) VALUES (982, TO_DATE('09/11/2003', 'dd/MM/yyyy'), TO_DATE('13/11/2003', 'dd/MM/yyyy'), TO_DATE('13/11/2003', 'dd/MM/yyyy'), 6.5, 36.0, 453.0, 418.5, 0.0, 914.0, false);
INSERT INTO t_vat_revenue (vtr_id, drv_id, vat_id, vtr_amount, vtr_value) VALUES (1963, 982, 1, 914.0, 149.78596);
INSERT INTO t_vat_revenue (vtr_id, drv_id, vat_id, vtr_amount, vtr_value) VALUES (1964, 982, 2, 0, 0);
INSERT INTO t_day_revenue (drv_id, drv_revenue_date, drv_print_date, drv_closing_date, drv_cash, drv_ticket, drv_cheque, drv_card, drv_unpaid, drv_amount, drv_takeaway) VALUES (983, TO_DATE('10/11/2003', 'dd/MM/yyyy'), TO_DATE('13/11/2003', 'dd/MM/yyyy'), TO_DATE('13/11/2003', 'dd/MM/yyyy'), 52.0, 6.5, 0.0, 74.5, 0.0, 133.0, true);
INSERT INTO t_vat_revenue (vtr_id, drv_id, vat_id, vtr_amount, vtr_value) VALUES (1965, 983, 1, 0, 0);
INSERT INTO t_vat_revenue (vtr_id, drv_id, vat_id, vtr_amount, vtr_value) VALUES (1966, 983, 2, 133.0, 6.933649);
INSERT INTO t_day_revenue (drv_id, drv_revenue_date, drv_print_date, drv_closing_date, drv_cash, drv_ticket, drv_cheque, drv_card, drv_unpaid, drv_amount, drv_takeaway) VALUES (984, TO_DATE('10/11/2003', 'dd/MM/yyyy'), TO_DATE('13/11/2003', 'dd/MM/yyyy'), TO_DATE('13/11/2003', 'dd/MM/yyyy'), 0.0, 37.0, 665.0, 1170.5, 0.0, 1872.5, false);
INSERT INTO t_vat_revenue (vtr_id, drv_id, vat_id, vtr_amount, vtr_value) VALUES (1967, 984, 1, 1872.5, 306.86456);
INSERT INTO t_vat_revenue (vtr_id, drv_id, vat_id, vtr_amount, vtr_value) VALUES (1968, 984, 2, 0, 0);
INSERT INTO t_day_revenue (drv_id, drv_revenue_date, drv_print_date, drv_closing_date, drv_cash, drv_ticket, drv_cheque, drv_card, drv_unpaid, drv_amount, drv_takeaway) VALUES (985, TO_DATE('11/11/2003', 'dd/MM/yyyy'), TO_DATE('02/01/2004', 'dd/MM/yyyy'), TO_DATE('02/01/2004', 'dd/MM/yyyy'), 0.0, 0.0, 72.0, 148.0, 0.0, 220.0, true);
INSERT INTO t_vat_revenue (vtr_id, drv_id, vat_id, vtr_amount, vtr_value) VALUES (1969, 985, 1, 0, 0);
INSERT INTO t_vat_revenue (vtr_id, drv_id, vat_id, vtr_amount, vtr_value) VALUES (1970, 985, 2, 220.0, 11.469194);
INSERT INTO t_day_revenue (drv_id, drv_revenue_date, drv_print_date, drv_closing_date, drv_cash, drv_ticket, drv_cheque, drv_card, drv_unpaid, drv_amount, drv_takeaway) VALUES (986, TO_DATE('11/11/2003', 'dd/MM/yyyy'), TO_DATE('02/01/2004', 'dd/MM/yyyy'), TO_DATE('02/01/2004', 'dd/MM/yyyy'), 0.0, 0.0, 225.0, 689.5, 0.0, 914.5, false);
INSERT INTO t_vat_revenue (vtr_id, drv_id, vat_id, vtr_amount, vtr_value) VALUES (1971, 986, 1, 914.5, 149.8679);
INSERT INTO t_vat_revenue (vtr_id, drv_id, vat_id, vtr_amount, vtr_value) VALUES (1972, 986, 2, 0, 0);
INSERT INTO t_day_revenue (drv_id, drv_revenue_date, drv_print_date, drv_closing_date, drv_cash, drv_ticket, drv_cheque, drv_card, drv_unpaid, drv_amount, drv_takeaway) VALUES (987, TO_DATE('12/11/2003', 'dd/MM/yyyy'), TO_DATE('13/11/2003', 'dd/MM/yyyy'), TO_DATE('13/11/2003', 'dd/MM/yyyy'), 0.0, 0.0, 42.0, 139.0, 0.0, 181.0, true);
INSERT INTO t_vat_revenue (vtr_id, drv_id, vat_id, vtr_amount, vtr_value) VALUES (1973, 987, 1, 0, 0);
INSERT INTO t_vat_revenue (vtr_id, drv_id, vat_id, vtr_amount, vtr_value) VALUES (1974, 987, 2, 181.0, 9.436019);
INSERT INTO t_day_revenue (drv_id, drv_revenue_date, drv_print_date, drv_closing_date, drv_cash, drv_ticket, drv_cheque, drv_card, drv_unpaid, drv_amount, drv_takeaway) VALUES (988, TO_DATE('12/11/2003', 'dd/MM/yyyy'), TO_DATE('13/11/2003', 'dd/MM/yyyy'), TO_DATE('13/11/2003', 'dd/MM/yyyy'), 33.5, 18.5, 69.5, 91.26, 0.0, 212.76, false);
INSERT INTO t_vat_revenue (vtr_id, drv_id, vat_id, vtr_amount, vtr_value) VALUES (1975, 988, 1, 212.76, 34.867027);
INSERT INTO t_vat_revenue (vtr_id, drv_id, vat_id, vtr_amount, vtr_value) VALUES (1976, 988, 2, 0, 0);
INSERT INTO t_day_revenue (drv_id, drv_revenue_date, drv_print_date, drv_closing_date, drv_cash, drv_ticket, drv_cheque, drv_card, drv_unpaid, drv_amount, drv_takeaway) VALUES (989, TO_DATE('13/11/2003', 'dd/MM/yyyy'), TO_DATE('14/11/2003', 'dd/MM/yyyy'), TO_DATE('14/11/2003', 'dd/MM/yyyy'), 0.0, 0.0, 0.0, 43.5, 0.0, 43.5, true);
INSERT INTO t_vat_revenue (vtr_id, drv_id, vat_id, vtr_amount, vtr_value) VALUES (1977, 989, 1, 0, 0);
INSERT INTO t_vat_revenue (vtr_id, drv_id, vat_id, vtr_amount, vtr_value) VALUES (1978, 989, 2, 43.5, 2.2677724);
INSERT INTO t_day_revenue (drv_id, drv_revenue_date, drv_print_date, drv_closing_date, drv_cash, drv_ticket, drv_cheque, drv_card, drv_unpaid, drv_amount, drv_takeaway) VALUES (990, TO_DATE('13/11/2003', 'dd/MM/yyyy'), TO_DATE('14/11/2003', 'dd/MM/yyyy'), TO_DATE('14/11/2003', 'dd/MM/yyyy'), 27.5, 39.0, 70.0, 509.5, 0.0, 646.0, false);
INSERT INTO t_vat_revenue (vtr_id, drv_id, vat_id, vtr_amount, vtr_value) VALUES (1979, 990, 1, 646.0, 105.86623);
INSERT INTO t_vat_revenue (vtr_id, drv_id, vat_id, vtr_amount, vtr_value) VALUES (1980, 990, 2, 0, 0);
INSERT INTO t_day_revenue (drv_id, drv_revenue_date, drv_print_date, drv_closing_date, drv_cash, drv_ticket, drv_cheque, drv_card, drv_unpaid, drv_amount, drv_takeaway) VALUES (991, TO_DATE('14/11/2003', 'dd/MM/yyyy'), TO_DATE('17/11/2003', 'dd/MM/yyyy'), TO_DATE('17/11/2003', 'dd/MM/yyyy'), 0.0, 0.0, 0.0, 42.5, 0.0, 42.5, true);
INSERT INTO t_vat_revenue (vtr_id, drv_id, vat_id, vtr_amount, vtr_value) VALUES (1981, 991, 1, 0, 0);
INSERT INTO t_vat_revenue (vtr_id, drv_id, vat_id, vtr_amount, vtr_value) VALUES (1982, 991, 2, 42.5, 2.2156398);
INSERT INTO t_day_revenue (drv_id, drv_revenue_date, drv_print_date, drv_closing_date, drv_cash, drv_ticket, drv_cheque, drv_card, drv_unpaid, drv_amount, drv_takeaway) VALUES (992, TO_DATE('14/11/2003', 'dd/MM/yyyy'), TO_DATE('17/11/2003', 'dd/MM/yyyy'), TO_DATE('17/11/2003', 'dd/MM/yyyy'), 0.0, 0.0, 187.5, 821.0, 0.0, 1008.5, false);
INSERT INTO t_vat_revenue (vtr_id, drv_id, vat_id, vtr_amount, vtr_value) VALUES (1983, 992, 1, 1008.5, 165.27257);
INSERT INTO t_vat_revenue (vtr_id, drv_id, vat_id, vtr_amount, vtr_value) VALUES (1984, 992, 2, 0, 0);
INSERT INTO t_day_revenue (drv_id, drv_revenue_date, drv_print_date, drv_closing_date, drv_cash, drv_ticket, drv_cheque, drv_card, drv_unpaid, drv_amount, drv_takeaway) VALUES (993, TO_DATE('15/11/2003', 'dd/MM/yyyy'), TO_DATE('17/11/2003', 'dd/MM/yyyy'), TO_DATE('17/11/2003', 'dd/MM/yyyy'), 0.0, 15.24, 0.0, 46.26, 0.0, 61.5, true);
INSERT INTO t_vat_revenue (vtr_id, drv_id, vat_id, vtr_amount, vtr_value) VALUES (1985, 993, 1, 0, 0);
INSERT INTO t_vat_revenue (vtr_id, drv_id, vat_id, vtr_amount, vtr_value) VALUES (1986, 993, 2, 61.5, 3.206161);
INSERT INTO t_day_revenue (drv_id, drv_revenue_date, drv_print_date, drv_closing_date, drv_cash, drv_ticket, drv_cheque, drv_card, drv_unpaid, drv_amount, drv_takeaway) VALUES (994, TO_DATE('15/11/2003', 'dd/MM/yyyy'), TO_DATE('17/11/2003', 'dd/MM/yyyy'), TO_DATE('17/11/2003', 'dd/MM/yyyy'), 14.5, 8.0, 544.0, 864.0, 0.0, 1430.5, false);
INSERT INTO t_vat_revenue (vtr_id, drv_id, vat_id, vtr_amount, vtr_value) VALUES (1987, 994, 1, 1430.5, 234.42978);
INSERT INTO t_vat_revenue (vtr_id, drv_id, vat_id, vtr_amount, vtr_value) VALUES (1988, 994, 2, 0, 0);
INSERT INTO t_day_revenue (drv_id, drv_revenue_date, drv_print_date, drv_closing_date, drv_cash, drv_ticket, drv_cheque, drv_card, drv_unpaid, drv_amount, drv_takeaway) VALUES (995, TO_DATE('16/11/2003', 'dd/MM/yyyy'), TO_DATE('17/11/2003', 'dd/MM/yyyy'), TO_DATE('17/11/2003', 'dd/MM/yyyy'), 0.0, 0.0, 0.0, 64.0, 0.0, 64.0, true);
INSERT INTO t_vat_revenue (vtr_id, drv_id, vat_id, vtr_amount, vtr_value) VALUES (1989, 995, 1, 0, 0);
INSERT INTO t_vat_revenue (vtr_id, drv_id, vat_id, vtr_amount, vtr_value) VALUES (1990, 995, 2, 64.0, 3.3364928);
INSERT INTO t_day_revenue (drv_id, drv_revenue_date, drv_print_date, drv_closing_date, drv_cash, drv_ticket, drv_cheque, drv_card, drv_unpaid, drv_amount, drv_takeaway) VALUES (996, TO_DATE('16/11/2003', 'dd/MM/yyyy'), TO_DATE('17/11/2003', 'dd/MM/yyyy'), TO_DATE('17/11/2003', 'dd/MM/yyyy'), 9.0, 12.5, 155.0, 711.5, 0.0, 888.0, false);
INSERT INTO t_vat_revenue (vtr_id, drv_id, vat_id, vtr_amount, vtr_value) VALUES (1991, 996, 1, 888.0, 145.52509);
INSERT INTO t_vat_revenue (vtr_id, drv_id, vat_id, vtr_amount, vtr_value) VALUES (1992, 996, 2, 0, 0);
INSERT INTO t_day_revenue (drv_id, drv_revenue_date, drv_print_date, drv_closing_date, drv_cash, drv_ticket, drv_cheque, drv_card, drv_unpaid, drv_amount, drv_takeaway) VALUES (997, TO_DATE('17/11/2003', 'dd/MM/yyyy'), TO_DATE('18/11/2003', 'dd/MM/yyyy'), TO_DATE('18/11/2003', 'dd/MM/yyyy'), 0.0, 0.0, 19.0, 80.5, 0.0, 99.5, true);
INSERT INTO t_vat_revenue (vtr_id, drv_id, vat_id, vtr_amount, vtr_value) VALUES (1993, 997, 1, 0, 0);
INSERT INTO t_vat_revenue (vtr_id, drv_id, vat_id, vtr_amount, vtr_value) VALUES (1994, 997, 2, 99.5, 5.187204);
INSERT INTO t_day_revenue (drv_id, drv_revenue_date, drv_print_date, drv_closing_date, drv_cash, drv_ticket, drv_cheque, drv_card, drv_unpaid, drv_amount, drv_takeaway) VALUES (998, TO_DATE('17/11/2003', 'dd/MM/yyyy'), TO_DATE('18/11/2003', 'dd/MM/yyyy'), TO_DATE('18/11/2003', 'dd/MM/yyyy'), 0.0, 18.5, 280.0, 374.0, 0.0, 672.5, false);
INSERT INTO t_vat_revenue (vtr_id, drv_id, vat_id, vtr_amount, vtr_value) VALUES (1995, 998, 1, 672.5, 110.20903);
INSERT INTO t_vat_revenue (vtr_id, drv_id, vat_id, vtr_amount, vtr_value) VALUES (1996, 998, 2, 0, 0);
INSERT INTO t_day_revenue (drv_id, drv_revenue_date, drv_print_date, drv_closing_date, drv_cash, drv_ticket, drv_cheque, drv_card, drv_unpaid, drv_amount, drv_takeaway) VALUES (999, TO_DATE('18/11/2003', 'dd/MM/yyyy'), TO_DATE('19/11/2003', 'dd/MM/yyyy'), TO_DATE('19/11/2003', 'dd/MM/yyyy'), 0.0, 0.0, 85.5, 46.5, 0.0, 132.0, true);
INSERT INTO t_vat_revenue (vtr_id, drv_id, vat_id, vtr_amount, vtr_value) VALUES (1997, 999, 1, 0, 0);
INSERT INTO t_vat_revenue (vtr_id, drv_id, vat_id, vtr_amount, vtr_value) VALUES (1998, 999, 2, 132.0, 6.8815165);
INSERT INTO t_day_revenue (drv_id, drv_revenue_date, drv_print_date, drv_closing_date, drv_cash, drv_ticket, drv_cheque, drv_card, drv_unpaid, drv_amount, drv_takeaway) VALUES (1000, TO_DATE('18/11/2003', 'dd/MM/yyyy'), TO_DATE('19/11/2003', 'dd/MM/yyyy'), TO_DATE('19/11/2003', 'dd/MM/yyyy'), 63.0, 52.0, 124.5, 490.5, 0.0, 730.0, false);
INSERT INTO t_vat_revenue (vtr_id, drv_id, vat_id, vtr_amount, vtr_value) VALUES (1999, 1000, 1, 730.0, 119.63211);
INSERT INTO t_vat_revenue (vtr_id, drv_id, vat_id, vtr_amount, vtr_value) VALUES (2000, 1000, 2, 0, 0);
INSERT INTO t_day_revenue (drv_id, drv_revenue_date, drv_print_date, drv_closing_date, drv_cash, drv_ticket, drv_cheque, drv_card, drv_unpaid, drv_amount, drv_takeaway) VALUES (1001, TO_DATE('19/11/2003', 'dd/MM/yyyy'), TO_DATE('20/11/2003', 'dd/MM/yyyy'), TO_DATE('20/11/2003', 'dd/MM/yyyy'), 0.0, 0.0, 36.5, 42.5, 0.0, 79.0, true);
INSERT INTO t_vat_revenue (vtr_id, drv_id, vat_id, vtr_amount, vtr_value) VALUES (2001, 1001, 1, 0, 0);
INSERT INTO t_vat_revenue (vtr_id, drv_id, vat_id, vtr_amount, vtr_value) VALUES (2002, 1001, 2, 79.0, 4.1184835);
INSERT INTO t_day_revenue (drv_id, drv_revenue_date, drv_print_date, drv_closing_date, drv_cash, drv_ticket, drv_cheque, drv_card, drv_unpaid, drv_amount, drv_takeaway) VALUES (1002, TO_DATE('19/11/2003', 'dd/MM/yyyy'), TO_DATE('20/11/2003', 'dd/MM/yyyy'), TO_DATE('20/11/2003', 'dd/MM/yyyy'), 111.0, 13.5, 82.0, 819.0, 0.0, 1025.5, false);
INSERT INTO t_vat_revenue (vtr_id, drv_id, vat_id, vtr_amount, vtr_value) VALUES (2003, 1002, 1, 1025.5, 168.05853);
INSERT INTO t_vat_revenue (vtr_id, drv_id, vat_id, vtr_amount, vtr_value) VALUES (2004, 1002, 2, 0, 0);
INSERT INTO t_day_revenue (drv_id, drv_revenue_date, drv_print_date, drv_closing_date, drv_cash, drv_ticket, drv_cheque, drv_card, drv_unpaid, drv_amount, drv_takeaway) VALUES (1003, TO_DATE('20/11/2003', 'dd/MM/yyyy'), TO_DATE('21/11/2003', 'dd/MM/yyyy'), TO_DATE('21/11/2003', 'dd/MM/yyyy'), 0.0, 0.0, 55.0, 111.0, 0.0, 166.0, true);
INSERT INTO t_vat_revenue (vtr_id, drv_id, vat_id, vtr_amount, vtr_value) VALUES (2005, 1003, 1, 0, 0);
INSERT INTO t_vat_revenue (vtr_id, drv_id, vat_id, vtr_amount, vtr_value) VALUES (2006, 1003, 2, 166.0, 8.654029);
INSERT INTO t_day_revenue (drv_id, drv_revenue_date, drv_print_date, drv_closing_date, drv_cash, drv_ticket, drv_cheque, drv_card, drv_unpaid, drv_amount, drv_takeaway) VALUES (1004, TO_DATE('20/11/2003', 'dd/MM/yyyy'), TO_DATE('21/11/2003', 'dd/MM/yyyy'), TO_DATE('21/11/2003', 'dd/MM/yyyy'), 0.0, 14.02, 71.5, 293.98, 0.0, 379.5, false);
INSERT INTO t_vat_revenue (vtr_id, drv_id, vat_id, vtr_amount, vtr_value) VALUES (2007, 1004, 1, 379.5, 62.19231);
INSERT INTO t_vat_revenue (vtr_id, drv_id, vat_id, vtr_amount, vtr_value) VALUES (2008, 1004, 2, 0, 0);
INSERT INTO t_day_revenue (drv_id, drv_revenue_date, drv_print_date, drv_closing_date, drv_cash, drv_ticket, drv_cheque, drv_card, drv_unpaid, drv_amount, drv_takeaway) VALUES (1005, TO_DATE('21/11/2003', 'dd/MM/yyyy'), TO_DATE('24/11/2003', 'dd/MM/yyyy'), TO_DATE('24/11/2003', 'dd/MM/yyyy'), 0.0, 0.0, 0.0, 0.0, 0.0, 0.0, true);
INSERT INTO t_vat_revenue (vtr_id, drv_id, vat_id, vtr_amount, vtr_value) VALUES (2009, 1005, 1, 0, 0);
INSERT INTO t_vat_revenue (vtr_id, drv_id, vat_id, vtr_amount, vtr_value) VALUES (2010, 1005, 2, 0.0, 0.0);
INSERT INTO t_day_revenue (drv_id, drv_revenue_date, drv_print_date, drv_closing_date, drv_cash, drv_ticket, drv_cheque, drv_card, drv_unpaid, drv_amount, drv_takeaway) VALUES (1006, TO_DATE('21/11/2003', 'dd/MM/yyyy'), TO_DATE('24/11/2003', 'dd/MM/yyyy'), TO_DATE('24/11/2003', 'dd/MM/yyyy'), 40.0, 18.5, 93.0, 605.0, 0.0, 756.5, false);
INSERT INTO t_vat_revenue (vtr_id, drv_id, vat_id, vtr_amount, vtr_value) VALUES (2011, 1006, 1, 756.5, 123.97492);
INSERT INTO t_vat_revenue (vtr_id, drv_id, vat_id, vtr_amount, vtr_value) VALUES (2012, 1006, 2, 0, 0);
INSERT INTO t_day_revenue (drv_id, drv_revenue_date, drv_print_date, drv_closing_date, drv_cash, drv_ticket, drv_cheque, drv_card, drv_unpaid, drv_amount, drv_takeaway) VALUES (1007, TO_DATE('22/11/2003', 'dd/MM/yyyy'), TO_DATE('24/11/2003', 'dd/MM/yyyy'), TO_DATE('24/11/2003', 'dd/MM/yyyy'), 0.0, 0.0, 0.0, 78.5, 0.0, 78.5, true);
INSERT INTO t_vat_revenue (vtr_id, drv_id, vat_id, vtr_amount, vtr_value) VALUES (2013, 1007, 1, 0, 0);
INSERT INTO t_vat_revenue (vtr_id, drv_id, vat_id, vtr_amount, vtr_value) VALUES (2014, 1007, 2, 78.5, 4.0924172);
INSERT INTO t_day_revenue (drv_id, drv_revenue_date, drv_print_date, drv_closing_date, drv_cash, drv_ticket, drv_cheque, drv_card, drv_unpaid, drv_amount, drv_takeaway) VALUES (1008, TO_DATE('22/11/2003', 'dd/MM/yyyy'), TO_DATE('24/11/2003', 'dd/MM/yyyy'), TO_DATE('24/11/2003', 'dd/MM/yyyy'), 11.5, 24.54, 473.96, 1377.0, 0.0, 1887.0, false);
INSERT INTO t_vat_revenue (vtr_id, drv_id, vat_id, vtr_amount, vtr_value) VALUES (2015, 1008, 1, 1887.0, 309.2408);
INSERT INTO t_vat_revenue (vtr_id, drv_id, vat_id, vtr_amount, vtr_value) VALUES (2016, 1008, 2, 0, 0);
INSERT INTO t_day_revenue (drv_id, drv_revenue_date, drv_print_date, drv_closing_date, drv_cash, drv_ticket, drv_cheque, drv_card, drv_unpaid, drv_amount, drv_takeaway) VALUES (1009, TO_DATE('23/11/2003', 'dd/MM/yyyy'), TO_DATE('24/11/2003', 'dd/MM/yyyy'), TO_DATE('24/11/2003', 'dd/MM/yyyy'), 0.0, 0.0, 53.0, 190.0, 0.0, 243.0, true);
INSERT INTO t_vat_revenue (vtr_id, drv_id, vat_id, vtr_amount, vtr_value) VALUES (2017, 1009, 1, 0, 0);
INSERT INTO t_vat_revenue (vtr_id, drv_id, vat_id, vtr_amount, vtr_value) VALUES (2018, 1009, 2, 243.0, 12.668246);
INSERT INTO t_day_revenue (drv_id, drv_revenue_date, drv_print_date, drv_closing_date, drv_cash, drv_ticket, drv_cheque, drv_card, drv_unpaid, drv_amount, drv_takeaway) VALUES (1010, TO_DATE('23/11/2003', 'dd/MM/yyyy'), TO_DATE('24/11/2003', 'dd/MM/yyyy'), TO_DATE('24/11/2003', 'dd/MM/yyyy'), 0.0, 11.0, 313.5, 571.5, 0.0, 896.0, false);
INSERT INTO t_vat_revenue (vtr_id, drv_id, vat_id, vtr_amount, vtr_value) VALUES (2019, 1010, 1, 896.0, 146.83612);
INSERT INTO t_vat_revenue (vtr_id, drv_id, vat_id, vtr_amount, vtr_value) VALUES (2020, 1010, 2, 0, 0);
INSERT INTO t_day_revenue (drv_id, drv_revenue_date, drv_print_date, drv_closing_date, drv_cash, drv_ticket, drv_cheque, drv_card, drv_unpaid, drv_amount, drv_takeaway) VALUES (1011, TO_DATE('24/11/2003', 'dd/MM/yyyy'), TO_DATE('25/11/2003', 'dd/MM/yyyy'), TO_DATE('25/11/2003', 'dd/MM/yyyy'), 0.0, 0.0, 0.0, 14.0, 0.0, 14.0, true);
INSERT INTO t_vat_revenue (vtr_id, drv_id, vat_id, vtr_amount, vtr_value) VALUES (2021, 1011, 1, 0, 0);
INSERT INTO t_vat_revenue (vtr_id, drv_id, vat_id, vtr_amount, vtr_value) VALUES (2022, 1011, 2, 14.0, 0.7298578);
INSERT INTO t_day_revenue (drv_id, drv_revenue_date, drv_print_date, drv_closing_date, drv_cash, drv_ticket, drv_cheque, drv_card, drv_unpaid, drv_amount, drv_takeaway) VALUES (1012, TO_DATE('24/11/2003', 'dd/MM/yyyy'), TO_DATE('25/11/2003', 'dd/MM/yyyy'), TO_DATE('25/11/2003', 'dd/MM/yyyy'), 14.0, 0.0, 16.0, 536.0, 0.0, 566.0, false);
INSERT INTO t_vat_revenue (vtr_id, drv_id, vat_id, vtr_amount, vtr_value) VALUES (2023, 1012, 1, 566.0, 92.75586);
INSERT INTO t_vat_revenue (vtr_id, drv_id, vat_id, vtr_amount, vtr_value) VALUES (2024, 1012, 2, 0, 0);
INSERT INTO t_day_revenue (drv_id, drv_revenue_date, drv_print_date, drv_closing_date, drv_cash, drv_ticket, drv_cheque, drv_card, drv_unpaid, drv_amount, drv_takeaway) VALUES (1013, TO_DATE('25/11/2003', 'dd/MM/yyyy'), TO_DATE('27/11/2003', 'dd/MM/yyyy'), TO_DATE('27/11/2003', 'dd/MM/yyyy'), 0.0, 0.0, 73.5, 135.5, 0.0, 209.0, true);
INSERT INTO t_vat_revenue (vtr_id, drv_id, vat_id, vtr_amount, vtr_value) VALUES (2025, 1013, 1, 0, 0);
INSERT INTO t_vat_revenue (vtr_id, drv_id, vat_id, vtr_amount, vtr_value) VALUES (2026, 1013, 2, 209.0, 10.895735);
INSERT INTO t_day_revenue (drv_id, drv_revenue_date, drv_print_date, drv_closing_date, drv_cash, drv_ticket, drv_cheque, drv_card, drv_unpaid, drv_amount, drv_takeaway) VALUES (1014, TO_DATE('25/11/2003', 'dd/MM/yyyy'), TO_DATE('27/11/2003', 'dd/MM/yyyy'), TO_DATE('27/11/2003', 'dd/MM/yyyy'), 0.5, 0.0, 59.5, 632.5, 0.0, 692.5, false);
INSERT INTO t_vat_revenue (vtr_id, drv_id, vat_id, vtr_amount, vtr_value) VALUES (2027, 1014, 1, 692.5, 113.486626);
INSERT INTO t_vat_revenue (vtr_id, drv_id, vat_id, vtr_amount, vtr_value) VALUES (2028, 1014, 2, 0, 0);
INSERT INTO t_day_revenue (drv_id, drv_revenue_date, drv_print_date, drv_closing_date, drv_cash, drv_ticket, drv_cheque, drv_card, drv_unpaid, drv_amount, drv_takeaway) VALUES (1015, TO_DATE('26/11/2003', 'dd/MM/yyyy'), TO_DATE('27/11/2003', 'dd/MM/yyyy'), TO_DATE('27/11/2003', 'dd/MM/yyyy'), 0.0, 0.0, 0.0, 0.0, 0.0, 0.0, true);
INSERT INTO t_vat_revenue (vtr_id, drv_id, vat_id, vtr_amount, vtr_value) VALUES (2029, 1015, 1, 0, 0);
INSERT INTO t_vat_revenue (vtr_id, drv_id, vat_id, vtr_amount, vtr_value) VALUES (2030, 1015, 2, 0.0, 0.0);
INSERT INTO t_day_revenue (drv_id, drv_revenue_date, drv_print_date, drv_closing_date, drv_cash, drv_ticket, drv_cheque, drv_card, drv_unpaid, drv_amount, drv_takeaway) VALUES (1016, TO_DATE('26/11/2003', 'dd/MM/yyyy'), TO_DATE('27/11/2003', 'dd/MM/yyyy'), TO_DATE('27/11/2003', 'dd/MM/yyyy'), 48.0, 0.0, 89.0, 391.5, 0.0, 528.5, false);
INSERT INTO t_vat_revenue (vtr_id, drv_id, vat_id, vtr_amount, vtr_value) VALUES (2031, 1016, 1, 528.5, 86.610374);
INSERT INTO t_vat_revenue (vtr_id, drv_id, vat_id, vtr_amount, vtr_value) VALUES (2032, 1016, 2, 0, 0);
INSERT INTO t_day_revenue (drv_id, drv_revenue_date, drv_print_date, drv_closing_date, drv_cash, drv_ticket, drv_cheque, drv_card, drv_unpaid, drv_amount, drv_takeaway) VALUES (1017, TO_DATE('27/11/2003', 'dd/MM/yyyy'), TO_DATE('28/11/2003', 'dd/MM/yyyy'), TO_DATE('28/11/2003', 'dd/MM/yyyy'), 14.5, 0.0, 0.0, 114.0, 0.0, 128.5, true);
INSERT INTO t_vat_revenue (vtr_id, drv_id, vat_id, vtr_amount, vtr_value) VALUES (2033, 1017, 1, 0, 0);
INSERT INTO t_vat_revenue (vtr_id, drv_id, vat_id, vtr_amount, vtr_value) VALUES (2034, 1017, 2, 128.5, 6.6990523);
INSERT INTO t_day_revenue (drv_id, drv_revenue_date, drv_print_date, drv_closing_date, drv_cash, drv_ticket, drv_cheque, drv_card, drv_unpaid, drv_amount, drv_takeaway) VALUES (1018, TO_DATE('27/11/2003', 'dd/MM/yyyy'), TO_DATE('28/11/2003', 'dd/MM/yyyy'), TO_DATE('28/11/2003', 'dd/MM/yyyy'), -2.5, 0.0, 88.5, 590.0, 0.0, 676.0, false);
INSERT INTO t_vat_revenue (vtr_id, drv_id, vat_id, vtr_amount, vtr_value) VALUES (2035, 1018, 1, 676.0, 110.782616);
INSERT INTO t_vat_revenue (vtr_id, drv_id, vat_id, vtr_amount, vtr_value) VALUES (2036, 1018, 2, 0, 0);
INSERT INTO t_day_revenue (drv_id, drv_revenue_date, drv_print_date, drv_closing_date, drv_cash, drv_ticket, drv_cheque, drv_card, drv_unpaid, drv_amount, drv_takeaway) VALUES (1019, TO_DATE('28/11/2003', 'dd/MM/yyyy'), TO_DATE('01/12/2003', 'dd/MM/yyyy'), TO_DATE('01/12/2003', 'dd/MM/yyyy'), 0.0, 0.0, 12.0, 0.0, 0.0, 12.0, true);
INSERT INTO t_vat_revenue (vtr_id, drv_id, vat_id, vtr_amount, vtr_value) VALUES (2037, 1019, 1, 0, 0);
INSERT INTO t_vat_revenue (vtr_id, drv_id, vat_id, vtr_amount, vtr_value) VALUES (2038, 1019, 2, 12.0, 0.6255924);
INSERT INTO t_day_revenue (drv_id, drv_revenue_date, drv_print_date, drv_closing_date, drv_cash, drv_ticket, drv_cheque, drv_card, drv_unpaid, drv_amount, drv_takeaway) VALUES (1020, TO_DATE('28/11/2003', 'dd/MM/yyyy'), TO_DATE('01/12/2003', 'dd/MM/yyyy'), TO_DATE('01/12/2003', 'dd/MM/yyyy'), 11.0, 66.0, 116.5, 970.5, 0.0, 1164.0, false);
INSERT INTO t_vat_revenue (vtr_id, drv_id, vat_id, vtr_amount, vtr_value) VALUES (2039, 1020, 1, 1164.0, 190.75586);
INSERT INTO t_vat_revenue (vtr_id, drv_id, vat_id, vtr_amount, vtr_value) VALUES (2040, 1020, 2, 0, 0);
INSERT INTO t_day_revenue (drv_id, drv_revenue_date, drv_print_date, drv_closing_date, drv_cash, drv_ticket, drv_cheque, drv_card, drv_unpaid, drv_amount, drv_takeaway) VALUES (1021, TO_DATE('29/11/2003', 'dd/MM/yyyy'), TO_DATE('01/12/2003', 'dd/MM/yyyy'), TO_DATE('01/12/2003', 'dd/MM/yyyy'), 0.0, 0.0, 0.0, 123.0, 0.0, 123.0, true);
INSERT INTO t_vat_revenue (vtr_id, drv_id, vat_id, vtr_amount, vtr_value) VALUES (2041, 1021, 1, 0, 0);
INSERT INTO t_vat_revenue (vtr_id, drv_id, vat_id, vtr_amount, vtr_value) VALUES (2042, 1021, 2, 123.0, 6.412322);
INSERT INTO t_day_revenue (drv_id, drv_revenue_date, drv_print_date, drv_closing_date, drv_cash, drv_ticket, drv_cheque, drv_card, drv_unpaid, drv_amount, drv_takeaway) VALUES (1022, TO_DATE('29/11/2003', 'dd/MM/yyyy'), TO_DATE('01/12/2003', 'dd/MM/yyyy'), TO_DATE('01/12/2003', 'dd/MM/yyyy'), 14.5, 15.0, 346.0, 1169.5, 0.0, 1545.0, false);
INSERT INTO t_vat_revenue (vtr_id, drv_id, vat_id, vtr_amount, vtr_value) VALUES (2043, 1022, 1, 1545.0, 253.19398);
INSERT INTO t_vat_revenue (vtr_id, drv_id, vat_id, vtr_amount, vtr_value) VALUES (2044, 1022, 2, 0, 0);
INSERT INTO t_day_revenue (drv_id, drv_revenue_date, drv_print_date, drv_closing_date, drv_cash, drv_ticket, drv_cheque, drv_card, drv_unpaid, drv_amount, drv_takeaway) VALUES (1023, TO_DATE('30/11/2003', 'dd/MM/yyyy'), TO_DATE('01/12/2003', 'dd/MM/yyyy'), TO_DATE('01/12/2003', 'dd/MM/yyyy'), 0.0, 0.0, 0.0, 0.0, 0.0, 0.0, true);
INSERT INTO t_vat_revenue (vtr_id, drv_id, vat_id, vtr_amount, vtr_value) VALUES (2045, 1023, 1, 0, 0);
INSERT INTO t_vat_revenue (vtr_id, drv_id, vat_id, vtr_amount, vtr_value) VALUES (2046, 1023, 2, 0.0, 0.0);
INSERT INTO t_day_revenue (drv_id, drv_revenue_date, drv_print_date, drv_closing_date, drv_cash, drv_ticket, drv_cheque, drv_card, drv_unpaid, drv_amount, drv_takeaway) VALUES (1024, TO_DATE('30/11/2003', 'dd/MM/yyyy'), TO_DATE('01/12/2003', 'dd/MM/yyyy'), TO_DATE('01/12/2003', 'dd/MM/yyyy'), 89.0, 0.0, 385.0, 266.0, 0.0, 740.0, false);
INSERT INTO t_vat_revenue (vtr_id, drv_id, vat_id, vtr_amount, vtr_value) VALUES (2047, 1024, 1, 740.0, 121.270905);
INSERT INTO t_vat_revenue (vtr_id, drv_id, vat_id, vtr_amount, vtr_value) VALUES (2048, 1024, 2, 0, 0);
INSERT INTO t_day_revenue (drv_id, drv_revenue_date, drv_print_date, drv_closing_date, drv_cash, drv_ticket, drv_cheque, drv_card, drv_unpaid, drv_amount, drv_takeaway) VALUES (1025, TO_DATE('01/12/2003', 'dd/MM/yyyy'), TO_DATE('03/12/2003', 'dd/MM/yyyy'), TO_DATE('03/12/2003', 'dd/MM/yyyy'), 0.0, 6.1, 0.0, 65.4, 0.0, 71.5, true);
INSERT INTO t_vat_revenue (vtr_id, drv_id, vat_id, vtr_amount, vtr_value) VALUES (2049, 1025, 1, 0, 0);
INSERT INTO t_vat_revenue (vtr_id, drv_id, vat_id, vtr_amount, vtr_value) VALUES (2050, 1025, 2, 71.5, 3.727488);
INSERT INTO t_day_revenue (drv_id, drv_revenue_date, drv_print_date, drv_closing_date, drv_cash, drv_ticket, drv_cheque, drv_card, drv_unpaid, drv_amount, drv_takeaway) VALUES (1026, TO_DATE('01/12/2003', 'dd/MM/yyyy'), TO_DATE('03/12/2003', 'dd/MM/yyyy'), TO_DATE('03/12/2003', 'dd/MM/yyyy'), 0.0, 6.5, 59.0, 374.5, 0.0, 440.0, false);
INSERT INTO t_vat_revenue (vtr_id, drv_id, vat_id, vtr_amount, vtr_value) VALUES (2051, 1026, 1, 440.0, 72.107025);
INSERT INTO t_vat_revenue (vtr_id, drv_id, vat_id, vtr_amount, vtr_value) VALUES (2052, 1026, 2, 0, 0);
INSERT INTO t_day_revenue (drv_id, drv_revenue_date, drv_print_date, drv_closing_date, drv_cash, drv_ticket, drv_cheque, drv_card, drv_unpaid, drv_amount, drv_takeaway) VALUES (1027, TO_DATE('02/12/2003', 'dd/MM/yyyy'), TO_DATE('03/12/2003', 'dd/MM/yyyy'), TO_DATE('03/12/2003', 'dd/MM/yyyy'), 0.0, 0.0, 31.0, 73.0, 0.0, 104.0, true);
INSERT INTO t_vat_revenue (vtr_id, drv_id, vat_id, vtr_amount, vtr_value) VALUES (2053, 1027, 1, 0, 0);
INSERT INTO t_vat_revenue (vtr_id, drv_id, vat_id, vtr_amount, vtr_value) VALUES (2054, 1027, 2, 104.0, 5.421801);
INSERT INTO t_day_revenue (drv_id, drv_revenue_date, drv_print_date, drv_closing_date, drv_cash, drv_ticket, drv_cheque, drv_card, drv_unpaid, drv_amount, drv_takeaway) VALUES (1028, TO_DATE('02/12/2003', 'dd/MM/yyyy'), TO_DATE('03/12/2003', 'dd/MM/yyyy'), TO_DATE('03/12/2003', 'dd/MM/yyyy'), 87.5, 0.0, 0.0, 309.0, 0.0, 396.5, false);
INSERT INTO t_vat_revenue (vtr_id, drv_id, vat_id, vtr_amount, vtr_value) VALUES (2055, 1028, 1, 396.5, 64.978264);
INSERT INTO t_vat_revenue (vtr_id, drv_id, vat_id, vtr_amount, vtr_value) VALUES (2056, 1028, 2, 0, 0);
INSERT INTO t_day_revenue (drv_id, drv_revenue_date, drv_print_date, drv_closing_date, drv_cash, drv_ticket, drv_cheque, drv_card, drv_unpaid, drv_amount, drv_takeaway) VALUES (1029, TO_DATE('03/12/2003', 'dd/MM/yyyy'), TO_DATE('04/12/2003', 'dd/MM/yyyy'), TO_DATE('04/12/2003', 'dd/MM/yyyy'), 0.0, 0.0, 0.0, 0.0, 0.0, 0.0, true);
INSERT INTO t_vat_revenue (vtr_id, drv_id, vat_id, vtr_amount, vtr_value) VALUES (2057, 1029, 1, 0, 0);
INSERT INTO t_vat_revenue (vtr_id, drv_id, vat_id, vtr_amount, vtr_value) VALUES (2058, 1029, 2, 0.0, 0.0);
INSERT INTO t_day_revenue (drv_id, drv_revenue_date, drv_print_date, drv_closing_date, drv_cash, drv_ticket, drv_cheque, drv_card, drv_unpaid, drv_amount, drv_takeaway) VALUES (1030, TO_DATE('03/12/2003', 'dd/MM/yyyy'), TO_DATE('04/12/2003', 'dd/MM/yyyy'), TO_DATE('04/12/2003', 'dd/MM/yyyy'), 16.5, 9.5, 232.0, 496.5, 0.0, 754.5, false);
INSERT INTO t_vat_revenue (vtr_id, drv_id, vat_id, vtr_amount, vtr_value) VALUES (2059, 1030, 1, 754.5, 123.64716);
INSERT INTO t_vat_revenue (vtr_id, drv_id, vat_id, vtr_amount, vtr_value) VALUES (2060, 1030, 2, 0, 0);
INSERT INTO t_day_revenue (drv_id, drv_revenue_date, drv_print_date, drv_closing_date, drv_cash, drv_ticket, drv_cheque, drv_card, drv_unpaid, drv_amount, drv_takeaway) VALUES (1031, TO_DATE('04/12/2003', 'dd/MM/yyyy'), TO_DATE('05/12/2003', 'dd/MM/yyyy'), TO_DATE('09/12/2003', 'dd/MM/yyyy'), 0.0, 0.0, 0.0, 134.0, 0.0, 134.0, true);
INSERT INTO t_vat_revenue (vtr_id, drv_id, vat_id, vtr_amount, vtr_value) VALUES (2061, 1031, 1, 0, 0);
INSERT INTO t_vat_revenue (vtr_id, drv_id, vat_id, vtr_amount, vtr_value) VALUES (2062, 1031, 2, 134.0, 6.985782);
INSERT INTO t_day_revenue (drv_id, drv_revenue_date, drv_print_date, drv_closing_date, drv_cash, drv_ticket, drv_cheque, drv_card, drv_unpaid, drv_amount, drv_takeaway) VALUES (1032, TO_DATE('04/12/2003', 'dd/MM/yyyy'), TO_DATE('05/12/2003', 'dd/MM/yyyy'), TO_DATE('09/12/2003', 'dd/MM/yyyy'), 14.5, 38.4, 224.5, 572.6, 0.0, 850.0, false);
INSERT INTO t_vat_revenue (vtr_id, drv_id, vat_id, vtr_amount, vtr_value) VALUES (2063, 1032, 1, 850.0, 139.29765);
INSERT INTO t_vat_revenue (vtr_id, drv_id, vat_id, vtr_amount, vtr_value) VALUES (2064, 1032, 2, 0, 0);
INSERT INTO t_day_revenue (drv_id, drv_revenue_date, drv_print_date, drv_closing_date, drv_cash, drv_ticket, drv_cheque, drv_card, drv_unpaid, drv_amount, drv_takeaway) VALUES (1033, TO_DATE('05/12/2003', 'dd/MM/yyyy'), TO_DATE('09/12/2003', 'dd/MM/yyyy'), TO_DATE('09/12/2003', 'dd/MM/yyyy'), 0.0, 0.0, 0.0, 77.0, 0.0, 77.0, true);
INSERT INTO t_vat_revenue (vtr_id, drv_id, vat_id, vtr_amount, vtr_value) VALUES (2065, 1033, 1, 0, 0);
INSERT INTO t_vat_revenue (vtr_id, drv_id, vat_id, vtr_amount, vtr_value) VALUES (2066, 1033, 2, 77.0, 4.014218);
INSERT INTO t_day_revenue (drv_id, drv_revenue_date, drv_print_date, drv_closing_date, drv_cash, drv_ticket, drv_cheque, drv_card, drv_unpaid, drv_amount, drv_takeaway) VALUES (1034, TO_DATE('05/12/2003', 'dd/MM/yyyy'), TO_DATE('09/12/2003', 'dd/MM/yyyy'), TO_DATE('09/12/2003', 'dd/MM/yyyy'), 8.0, 59.0, 491.5, 821.5, 0.0, 1380.0, false);
INSERT INTO t_vat_revenue (vtr_id, drv_id, vat_id, vtr_amount, vtr_value) VALUES (2067, 1034, 1, 1380.0, 226.15385);
INSERT INTO t_vat_revenue (vtr_id, drv_id, vat_id, vtr_amount, vtr_value) VALUES (2068, 1034, 2, 0, 0);
INSERT INTO t_day_revenue (drv_id, drv_revenue_date, drv_print_date, drv_closing_date, drv_cash, drv_ticket, drv_cheque, drv_card, drv_unpaid, drv_amount, drv_takeaway) VALUES (1035, TO_DATE('06/12/2003', 'dd/MM/yyyy'), TO_DATE('09/12/2003', 'dd/MM/yyyy'), TO_DATE('09/12/2003', 'dd/MM/yyyy'), 0.0, 0.0, 0.0, 148.5, 0.0, 148.5, true);
INSERT INTO t_vat_revenue (vtr_id, drv_id, vat_id, vtr_amount, vtr_value) VALUES (2069, 1035, 1, 0, 0);
INSERT INTO t_vat_revenue (vtr_id, drv_id, vat_id, vtr_amount, vtr_value) VALUES (2070, 1035, 2, 148.5, 7.7417064);
INSERT INTO t_day_revenue (drv_id, drv_revenue_date, drv_print_date, drv_closing_date, drv_cash, drv_ticket, drv_cheque, drv_card, drv_unpaid, drv_amount, drv_takeaway) VALUES (1036, TO_DATE('06/12/2003', 'dd/MM/yyyy'), TO_DATE('09/12/2003', 'dd/MM/yyyy'), TO_DATE('09/12/2003', 'dd/MM/yyyy'), 7.0, 25.45, 699.0, 1472.05, 0.0, 2203.5, false);
INSERT INTO t_vat_revenue (vtr_id, drv_id, vat_id, vtr_amount, vtr_value) VALUES (2071, 1036, 1, 2203.5, 361.1087);
INSERT INTO t_vat_revenue (vtr_id, drv_id, vat_id, vtr_amount, vtr_value) VALUES (2072, 1036, 2, 0, 0);
INSERT INTO t_day_revenue (drv_id, drv_revenue_date, drv_print_date, drv_closing_date, drv_cash, drv_ticket, drv_cheque, drv_card, drv_unpaid, drv_amount, drv_takeaway) VALUES (1037, TO_DATE('07/12/2003', 'dd/MM/yyyy'), TO_DATE('09/12/2003', 'dd/MM/yyyy'), TO_DATE('09/12/2003', 'dd/MM/yyyy'), 0.0, 0.0, 0.0, 141.5, 0.0, 141.5, true);
INSERT INTO t_vat_revenue (vtr_id, drv_id, vat_id, vtr_amount, vtr_value) VALUES (2073, 1037, 1, 0, 0);
INSERT INTO t_vat_revenue (vtr_id, drv_id, vat_id, vtr_amount, vtr_value) VALUES (2074, 1037, 2, 141.5, 7.376777);
INSERT INTO t_day_revenue (drv_id, drv_revenue_date, drv_print_date, drv_closing_date, drv_cash, drv_ticket, drv_cheque, drv_card, drv_unpaid, drv_amount, drv_takeaway) VALUES (1038, TO_DATE('07/12/2003', 'dd/MM/yyyy'), TO_DATE('09/12/2003', 'dd/MM/yyyy'), TO_DATE('09/12/2003', 'dd/MM/yyyy'), 13.5, 129.0, 428.0, 783.0, 0.0, 1353.5, false);
INSERT INTO t_vat_revenue (vtr_id, drv_id, vat_id, vtr_amount, vtr_value) VALUES (2075, 1038, 1, 1353.5, 221.81104);
INSERT INTO t_vat_revenue (vtr_id, drv_id, vat_id, vtr_amount, vtr_value) VALUES (2076, 1038, 2, 0, 0);
INSERT INTO t_day_revenue (drv_id, drv_revenue_date, drv_print_date, drv_closing_date, drv_cash, drv_ticket, drv_cheque, drv_card, drv_unpaid, drv_amount, drv_takeaway) VALUES (1039, TO_DATE('08/12/2003', 'dd/MM/yyyy'), TO_DATE('09/12/2003', 'dd/MM/yyyy'), TO_DATE('09/12/2003', 'dd/MM/yyyy'), 0.0, 0.0, 0.0, 58.5, 0.0, 58.5, true);
INSERT INTO t_vat_revenue (vtr_id, drv_id, vat_id, vtr_amount, vtr_value) VALUES (2077, 1039, 1, 0, 0);
INSERT INTO t_vat_revenue (vtr_id, drv_id, vat_id, vtr_amount, vtr_value) VALUES (2078, 1039, 2, 58.5, 3.049763);
INSERT INTO t_day_revenue (drv_id, drv_revenue_date, drv_print_date, drv_closing_date, drv_cash, drv_ticket, drv_cheque, drv_card, drv_unpaid, drv_amount, drv_takeaway) VALUES (1040, TO_DATE('08/12/2003', 'dd/MM/yyyy'), TO_DATE('09/12/2003', 'dd/MM/yyyy'), TO_DATE('09/12/2003', 'dd/MM/yyyy'), 0.0, 47.0, 121.5, 347.5, 0.0, 516.0, false);
INSERT INTO t_vat_revenue (vtr_id, drv_id, vat_id, vtr_amount, vtr_value) VALUES (2079, 1040, 1, 516.0, 84.56188);
INSERT INTO t_vat_revenue (vtr_id, drv_id, vat_id, vtr_amount, vtr_value) VALUES (2080, 1040, 2, 0, 0);
INSERT INTO t_day_revenue (drv_id, drv_revenue_date, drv_print_date, drv_closing_date, drv_cash, drv_ticket, drv_cheque, drv_card, drv_unpaid, drv_amount, drv_takeaway) VALUES (1041, TO_DATE('09/12/2003', 'dd/MM/yyyy'), TO_DATE('10/12/2003', 'dd/MM/yyyy'), TO_DATE('10/12/2003', 'dd/MM/yyyy'), 14.5, 0.0, 0.0, 0.0, 0.0, 14.5, true);
INSERT INTO t_vat_revenue (vtr_id, drv_id, vat_id, vtr_amount, vtr_value) VALUES (2081, 1041, 1, 0, 0);
INSERT INTO t_vat_revenue (vtr_id, drv_id, vat_id, vtr_amount, vtr_value) VALUES (2082, 1041, 2, 14.5, 0.75592417);
INSERT INTO t_day_revenue (drv_id, drv_revenue_date, drv_print_date, drv_closing_date, drv_cash, drv_ticket, drv_cheque, drv_card, drv_unpaid, drv_amount, drv_takeaway) VALUES (1042, TO_DATE('09/12/2003', 'dd/MM/yyyy'), TO_DATE('10/12/2003', 'dd/MM/yyyy'), TO_DATE('10/12/2003', 'dd/MM/yyyy'), 33.0, 0.0, 156.0, 619.5, 0.0, 808.5, false);
INSERT INTO t_vat_revenue (vtr_id, drv_id, vat_id, vtr_amount, vtr_value) VALUES (2083, 1042, 1, 808.5, 132.49666);
INSERT INTO t_vat_revenue (vtr_id, drv_id, vat_id, vtr_amount, vtr_value) VALUES (2084, 1042, 2, 0, 0);
INSERT INTO t_day_revenue (drv_id, drv_revenue_date, drv_print_date, drv_closing_date, drv_cash, drv_ticket, drv_cheque, drv_card, drv_unpaid, drv_amount, drv_takeaway) VALUES (1043, TO_DATE('10/12/2003', 'dd/MM/yyyy'), TO_DATE('11/12/2003', 'dd/MM/yyyy'), TO_DATE('11/12/2003', 'dd/MM/yyyy'), 0.0, 0.0, 115.0, 172.0, 0.0, 287.0, true);
INSERT INTO t_vat_revenue (vtr_id, drv_id, vat_id, vtr_amount, vtr_value) VALUES (2085, 1043, 1, 0, 0);
INSERT INTO t_vat_revenue (vtr_id, drv_id, vat_id, vtr_amount, vtr_value) VALUES (2086, 1043, 2, 287.0, 14.962086);
INSERT INTO t_day_revenue (drv_id, drv_revenue_date, drv_print_date, drv_closing_date, drv_cash, drv_ticket, drv_cheque, drv_card, drv_unpaid, drv_amount, drv_takeaway) VALUES (1044, TO_DATE('10/12/2003', 'dd/MM/yyyy'), TO_DATE('11/12/2003', 'dd/MM/yyyy'), TO_DATE('11/12/2003', 'dd/MM/yyyy'), 0.0, 15.5, 224.5, 314.5, 0.0, 554.5, false);
INSERT INTO t_vat_revenue (vtr_id, drv_id, vat_id, vtr_amount, vtr_value) VALUES (2087, 1044, 1, 554.5, 90.87124);
INSERT INTO t_vat_revenue (vtr_id, drv_id, vat_id, vtr_amount, vtr_value) VALUES (2088, 1044, 2, 0, 0);
INSERT INTO t_day_revenue (drv_id, drv_revenue_date, drv_print_date, drv_closing_date, drv_cash, drv_ticket, drv_cheque, drv_card, drv_unpaid, drv_amount, drv_takeaway) VALUES (1045, TO_DATE('11/12/2003', 'dd/MM/yyyy'), TO_DATE('12/12/2003', 'dd/MM/yyyy'), TO_DATE('12/12/2003', 'dd/MM/yyyy'), 0.0, 0.0, 0.0, 18.0, 0.0, 18.0, true);
INSERT INTO t_vat_revenue (vtr_id, drv_id, vat_id, vtr_amount, vtr_value) VALUES (2089, 1045, 1, 0, 0);
INSERT INTO t_vat_revenue (vtr_id, drv_id, vat_id, vtr_amount, vtr_value) VALUES (2090, 1045, 2, 18.0, 0.93838865);
INSERT INTO t_day_revenue (drv_id, drv_revenue_date, drv_print_date, drv_closing_date, drv_cash, drv_ticket, drv_cheque, drv_card, drv_unpaid, drv_amount, drv_takeaway) VALUES (1046, TO_DATE('11/12/2003', 'dd/MM/yyyy'), TO_DATE('12/12/2003', 'dd/MM/yyyy'), TO_DATE('12/12/2003', 'dd/MM/yyyy'), 8.97, 21.03, 228.5, 791.5, 0.0, 1050.0, false);
INSERT INTO t_vat_revenue (vtr_id, drv_id, vat_id, vtr_amount, vtr_value) VALUES (2091, 1046, 1, 1050.0, 172.07358);
INSERT INTO t_vat_revenue (vtr_id, drv_id, vat_id, vtr_amount, vtr_value) VALUES (2092, 1046, 2, 0, 0);
INSERT INTO t_day_revenue (drv_id, drv_revenue_date, drv_print_date, drv_closing_date, drv_cash, drv_ticket, drv_cheque, drv_card, drv_unpaid, drv_amount, drv_takeaway) VALUES (1047, TO_DATE('12/12/2003', 'dd/MM/yyyy'), TO_DATE('16/12/2003', 'dd/MM/yyyy'), TO_DATE('16/12/2003', 'dd/MM/yyyy'), 0.0, 0.0, 83.5, 0.0, 0.0, 83.5, true);
INSERT INTO t_vat_revenue (vtr_id, drv_id, vat_id, vtr_amount, vtr_value) VALUES (2093, 1047, 1, 0, 0);
INSERT INTO t_vat_revenue (vtr_id, drv_id, vat_id, vtr_amount, vtr_value) VALUES (2094, 1047, 2, 83.5, 4.3530807);
INSERT INTO t_day_revenue (drv_id, drv_revenue_date, drv_print_date, drv_closing_date, drv_cash, drv_ticket, drv_cheque, drv_card, drv_unpaid, drv_amount, drv_takeaway) VALUES (1048, TO_DATE('12/12/2003', 'dd/MM/yyyy'), TO_DATE('16/12/2003', 'dd/MM/yyyy'), TO_DATE('16/12/2003', 'dd/MM/yyyy'), 24.7, 53.62, 305.2, 892.98, 0.0, 1276.5, false);
INSERT INTO t_vat_revenue (vtr_id, drv_id, vat_id, vtr_amount, vtr_value) VALUES (2095, 1048, 1, 1276.5, 209.1923);
INSERT INTO t_vat_revenue (vtr_id, drv_id, vat_id, vtr_amount, vtr_value) VALUES (2096, 1048, 2, 0, 0);
INSERT INTO t_day_revenue (drv_id, drv_revenue_date, drv_print_date, drv_closing_date, drv_cash, drv_ticket, drv_cheque, drv_card, drv_unpaid, drv_amount, drv_takeaway) VALUES (1049, TO_DATE('13/12/2003', 'dd/MM/yyyy'), TO_DATE('16/12/2003', 'dd/MM/yyyy'), TO_DATE('16/12/2003', 'dd/MM/yyyy'), 0.0, 0.0, 53.0, 13.5, 0.0, 66.5, true);
INSERT INTO t_vat_revenue (vtr_id, drv_id, vat_id, vtr_amount, vtr_value) VALUES (2097, 1049, 1, 0, 0);
INSERT INTO t_vat_revenue (vtr_id, drv_id, vat_id, vtr_amount, vtr_value) VALUES (2098, 1049, 2, 66.5, 3.4668245);
INSERT INTO t_day_revenue (drv_id, drv_revenue_date, drv_print_date, drv_closing_date, drv_cash, drv_ticket, drv_cheque, drv_card, drv_unpaid, drv_amount, drv_takeaway) VALUES (1050, TO_DATE('13/12/2003', 'dd/MM/yyyy'), TO_DATE('16/12/2003', 'dd/MM/yyyy'), TO_DATE('16/12/2003', 'dd/MM/yyyy'), 78.0, 91.0, 475.0, 1250.5, 0.0, 1894.5, false);
INSERT INTO t_vat_revenue (vtr_id, drv_id, vat_id, vtr_amount, vtr_value) VALUES (2099, 1050, 1, 1894.5, 310.4699);
INSERT INTO t_vat_revenue (vtr_id, drv_id, vat_id, vtr_amount, vtr_value) VALUES (2100, 1050, 2, 0, 0);
INSERT INTO t_day_revenue (drv_id, drv_revenue_date, drv_print_date, drv_closing_date, drv_cash, drv_ticket, drv_cheque, drv_card, drv_unpaid, drv_amount, drv_takeaway) VALUES (1051, TO_DATE('14/12/2003', 'dd/MM/yyyy'), TO_DATE('16/12/2003', 'dd/MM/yyyy'), TO_DATE('16/12/2003', 'dd/MM/yyyy'), 0.0, 0.0, 42.5, 67.0, 0.0, 109.5, true);
INSERT INTO t_vat_revenue (vtr_id, drv_id, vat_id, vtr_amount, vtr_value) VALUES (2101, 1051, 1, 0, 0);
INSERT INTO t_vat_revenue (vtr_id, drv_id, vat_id, vtr_amount, vtr_value) VALUES (2102, 1051, 2, 109.5, 5.708531);
INSERT INTO t_day_revenue (drv_id, drv_revenue_date, drv_print_date, drv_closing_date, drv_cash, drv_ticket, drv_cheque, drv_card, drv_unpaid, drv_amount, drv_takeaway) VALUES (1052, TO_DATE('14/12/2003', 'dd/MM/yyyy'), TO_DATE('16/12/2003', 'dd/MM/yyyy'), TO_DATE('16/12/2003', 'dd/MM/yyyy'), 10.0, 84.02, 56.5, 719.48, 0.0, 870.0, false);
INSERT INTO t_vat_revenue (vtr_id, drv_id, vat_id, vtr_amount, vtr_value) VALUES (2103, 1052, 1, 870.0, 142.57526);
INSERT INTO t_vat_revenue (vtr_id, drv_id, vat_id, vtr_amount, vtr_value) VALUES (2104, 1052, 2, 0, 0);
INSERT INTO t_day_revenue (drv_id, drv_revenue_date, drv_print_date, drv_closing_date, drv_cash, drv_ticket, drv_cheque, drv_card, drv_unpaid, drv_amount, drv_takeaway) VALUES (1053, TO_DATE('15/12/2003', 'dd/MM/yyyy'), TO_DATE('16/12/2003', 'dd/MM/yyyy'), TO_DATE('16/12/2003', 'dd/MM/yyyy'), 0.0, 0.0, 0.0, 15.0, 0.0, 15.0, true);
INSERT INTO t_vat_revenue (vtr_id, drv_id, vat_id, vtr_amount, vtr_value) VALUES (2105, 1053, 1, 0, 0);
INSERT INTO t_vat_revenue (vtr_id, drv_id, vat_id, vtr_amount, vtr_value) VALUES (2106, 1053, 2, 15.0, 0.7819905);
INSERT INTO t_day_revenue (drv_id, drv_revenue_date, drv_print_date, drv_closing_date, drv_cash, drv_ticket, drv_cheque, drv_card, drv_unpaid, drv_amount, drv_takeaway) VALUES (1054, TO_DATE('15/12/2003', 'dd/MM/yyyy'), TO_DATE('16/12/2003', 'dd/MM/yyyy'), TO_DATE('16/12/2003', 'dd/MM/yyyy'), 0.0, 14.0, 23.0, 236.0, 0.0, 273.0, false);
INSERT INTO t_vat_revenue (vtr_id, drv_id, vat_id, vtr_amount, vtr_value) VALUES (2107, 1054, 1, 273.0, 44.739132);
INSERT INTO t_vat_revenue (vtr_id, drv_id, vat_id, vtr_amount, vtr_value) VALUES (2108, 1054, 2, 0, 0);
INSERT INTO t_day_revenue (drv_id, drv_revenue_date, drv_print_date, drv_closing_date, drv_cash, drv_ticket, drv_cheque, drv_card, drv_unpaid, drv_amount, drv_takeaway) VALUES (1055, TO_DATE('16/12/2003', 'dd/MM/yyyy'), TO_DATE('17/12/2003', 'dd/MM/yyyy'), TO_DATE('17/12/2003', 'dd/MM/yyyy'), 0.0, 0.0, 0.0, 16.5, 0.0, 16.5, true);
INSERT INTO t_vat_revenue (vtr_id, drv_id, vat_id, vtr_amount, vtr_value) VALUES (2109, 1055, 1, 0, 0);
INSERT INTO t_vat_revenue (vtr_id, drv_id, vat_id, vtr_amount, vtr_value) VALUES (2110, 1055, 2, 16.5, 0.86018956);
INSERT INTO t_day_revenue (drv_id, drv_revenue_date, drv_print_date, drv_closing_date, drv_cash, drv_ticket, drv_cheque, drv_card, drv_unpaid, drv_amount, drv_takeaway) VALUES (1056, TO_DATE('16/12/2003', 'dd/MM/yyyy'), TO_DATE('17/12/2003', 'dd/MM/yyyy'), TO_DATE('17/12/2003', 'dd/MM/yyyy'), 12.5, 0.0, 277.0, 367.5, 0.0, 657.0, false);
INSERT INTO t_vat_revenue (vtr_id, drv_id, vat_id, vtr_amount, vtr_value) VALUES (2111, 1056, 1, 657.0, 107.6689);
INSERT INTO t_vat_revenue (vtr_id, drv_id, vat_id, vtr_amount, vtr_value) VALUES (2112, 1056, 2, 0, 0);
INSERT INTO t_day_revenue (drv_id, drv_revenue_date, drv_print_date, drv_closing_date, drv_cash, drv_ticket, drv_cheque, drv_card, drv_unpaid, drv_amount, drv_takeaway) VALUES (1057, TO_DATE('17/12/2003', 'dd/MM/yyyy'), TO_DATE('18/12/2003', 'dd/MM/yyyy'), TO_DATE('18/12/2003', 'dd/MM/yyyy'), 0.0, 0.0, 0.0, 191.0, 0.0, 191.0, true);
INSERT INTO t_vat_revenue (vtr_id, drv_id, vat_id, vtr_amount, vtr_value) VALUES (2113, 1057, 1, 0, 0);
INSERT INTO t_vat_revenue (vtr_id, drv_id, vat_id, vtr_amount, vtr_value) VALUES (2114, 1057, 2, 191.0, 9.957346);
INSERT INTO t_day_revenue (drv_id, drv_revenue_date, drv_print_date, drv_closing_date, drv_cash, drv_ticket, drv_cheque, drv_card, drv_unpaid, drv_amount, drv_takeaway) VALUES (1058, TO_DATE('17/12/2003', 'dd/MM/yyyy'), TO_DATE('18/12/2003', 'dd/MM/yyyy'), TO_DATE('18/12/2003', 'dd/MM/yyyy'), 86.0, 75.0, 196.5, 267.0, 0.0, 624.5, false);
INSERT INTO t_vat_revenue (vtr_id, drv_id, vat_id, vtr_amount, vtr_value) VALUES (2115, 1058, 1, 624.5, 102.34281);
INSERT INTO t_vat_revenue (vtr_id, drv_id, vat_id, vtr_amount, vtr_value) VALUES (2116, 1058, 2, 0, 0);
INSERT INTO t_day_revenue (drv_id, drv_revenue_date, drv_print_date, drv_closing_date, drv_cash, drv_ticket, drv_cheque, drv_card, drv_unpaid, drv_amount, drv_takeaway) VALUES (1059, TO_DATE('18/12/2003', 'dd/MM/yyyy'), TO_DATE('23/12/2003', 'dd/MM/yyyy'), TO_DATE('23/12/2003', 'dd/MM/yyyy'), 0.0, 5.7, 0.0, 78.8, 0.0, 84.5, true);
INSERT INTO t_vat_revenue (vtr_id, drv_id, vat_id, vtr_amount, vtr_value) VALUES (2117, 1059, 1, 0, 0);
INSERT INTO t_vat_revenue (vtr_id, drv_id, vat_id, vtr_amount, vtr_value) VALUES (2118, 1059, 2, 84.5, 4.4052134);
INSERT INTO t_day_revenue (drv_id, drv_revenue_date, drv_print_date, drv_closing_date, drv_cash, drv_ticket, drv_cheque, drv_card, drv_unpaid, drv_amount, drv_takeaway) VALUES (1060, TO_DATE('18/12/2003', 'dd/MM/yyyy'), TO_DATE('23/12/2003', 'dd/MM/yyyy'), TO_DATE('23/12/2003', 'dd/MM/yyyy'), 108.5, 8.0, 128.5, 871.5, 0.0, 1116.5, false);
INSERT INTO t_vat_revenue (vtr_id, drv_id, vat_id, vtr_amount, vtr_value) VALUES (2119, 1060, 1, 1116.5, 182.97157);
INSERT INTO t_vat_revenue (vtr_id, drv_id, vat_id, vtr_amount, vtr_value) VALUES (2120, 1060, 2, 0, 0);
INSERT INTO t_day_revenue (drv_id, drv_revenue_date, drv_print_date, drv_closing_date, drv_cash, drv_ticket, drv_cheque, drv_card, drv_unpaid, drv_amount, drv_takeaway) VALUES (1061, TO_DATE('19/12/2003', 'dd/MM/yyyy'), TO_DATE('23/12/2003', 'dd/MM/yyyy'), TO_DATE('23/12/2003', 'dd/MM/yyyy'), 0.0, 0.0, 0.0, 25.5, 0.0, 25.5, true);
INSERT INTO t_vat_revenue (vtr_id, drv_id, vat_id, vtr_amount, vtr_value) VALUES (2121, 1061, 1, 0, 0);
INSERT INTO t_vat_revenue (vtr_id, drv_id, vat_id, vtr_amount, vtr_value) VALUES (2122, 1061, 2, 25.5, 1.3293839);
INSERT INTO t_day_revenue (drv_id, drv_revenue_date, drv_print_date, drv_closing_date, drv_cash, drv_ticket, drv_cheque, drv_card, drv_unpaid, drv_amount, drv_takeaway) VALUES (1062, TO_DATE('19/12/2003', 'dd/MM/yyyy'), TO_DATE('23/12/2003', 'dd/MM/yyyy'), TO_DATE('23/12/2003', 'dd/MM/yyyy'), 177.5, 14.5, 592.5, 1337.0, 0.0, 2121.5, false);
INSERT INTO t_vat_revenue (vtr_id, drv_id, vat_id, vtr_amount, vtr_value) VALUES (2123, 1062, 1, 2121.5, 347.6706);
INSERT INTO t_vat_revenue (vtr_id, drv_id, vat_id, vtr_amount, vtr_value) VALUES (2124, 1062, 2, 0, 0);
INSERT INTO t_day_revenue (drv_id, drv_revenue_date, drv_print_date, drv_closing_date, drv_cash, drv_ticket, drv_cheque, drv_card, drv_unpaid, drv_amount, drv_takeaway) VALUES (1063, TO_DATE('20/12/2003', 'dd/MM/yyyy'), TO_DATE('23/12/2003', 'dd/MM/yyyy'), TO_DATE('23/12/2003', 'dd/MM/yyyy'), 0.0, 0.0, 0.0, 108.0, 0.0, 108.0, true);
INSERT INTO t_vat_revenue (vtr_id, drv_id, vat_id, vtr_amount, vtr_value) VALUES (2125, 1063, 1, 0, 0);
INSERT INTO t_vat_revenue (vtr_id, drv_id, vat_id, vtr_amount, vtr_value) VALUES (2126, 1063, 2, 108.0, 5.6303315);
INSERT INTO t_day_revenue (drv_id, drv_revenue_date, drv_print_date, drv_closing_date, drv_cash, drv_ticket, drv_cheque, drv_card, drv_unpaid, drv_amount, drv_takeaway) VALUES (1064, TO_DATE('20/12/2003', 'dd/MM/yyyy'), TO_DATE('23/12/2003', 'dd/MM/yyyy'), TO_DATE('23/12/2003', 'dd/MM/yyyy'), 91.5, 140.0, 353.25, 748.5, 0.0, 1333.25, false);
INSERT INTO t_vat_revenue (vtr_id, drv_id, vat_id, vtr_amount, vtr_value) VALUES (2127, 1064, 1, 1333.25, 218.4925);
INSERT INTO t_vat_revenue (vtr_id, drv_id, vat_id, vtr_amount, vtr_value) VALUES (2128, 1064, 2, 0, 0);
INSERT INTO t_day_revenue (drv_id, drv_revenue_date, drv_print_date, drv_closing_date, drv_cash, drv_ticket, drv_cheque, drv_card, drv_unpaid, drv_amount, drv_takeaway) VALUES (1065, TO_DATE('21/12/2003', 'dd/MM/yyyy'), TO_DATE('23/12/2003', 'dd/MM/yyyy'), TO_DATE('23/12/2003', 'dd/MM/yyyy'), 0.0, 0.0, 15.5, 16.5, 0.0, 32.0, true);
INSERT INTO t_vat_revenue (vtr_id, drv_id, vat_id, vtr_amount, vtr_value) VALUES (2129, 1065, 1, 0, 0);
INSERT INTO t_vat_revenue (vtr_id, drv_id, vat_id, vtr_amount, vtr_value) VALUES (2130, 1065, 2, 32.0, 1.6682464);
INSERT INTO t_day_revenue (drv_id, drv_revenue_date, drv_print_date, drv_closing_date, drv_cash, drv_ticket, drv_cheque, drv_card, drv_unpaid, drv_amount, drv_takeaway) VALUES (1066, TO_DATE('21/12/2003', 'dd/MM/yyyy'), TO_DATE('23/12/2003', 'dd/MM/yyyy'), TO_DATE('23/12/2003', 'dd/MM/yyyy'), 0.0, 0.0, 159.5, 431.0, 0.0, 590.5, false);
INSERT INTO t_vat_revenue (vtr_id, drv_id, vat_id, vtr_amount, vtr_value) VALUES (2131, 1066, 1, 590.5, 96.770905);
INSERT INTO t_vat_revenue (vtr_id, drv_id, vat_id, vtr_amount, vtr_value) VALUES (2132, 1066, 2, 0, 0);
INSERT INTO t_day_revenue (drv_id, drv_revenue_date, drv_print_date, drv_closing_date, drv_cash, drv_ticket, drv_cheque, drv_card, drv_unpaid, drv_amount, drv_takeaway) VALUES (1067, TO_DATE('22/12/2003', 'dd/MM/yyyy'), TO_DATE('23/12/2003', 'dd/MM/yyyy'), TO_DATE('23/12/2003', 'dd/MM/yyyy'), 0.0, 0.0, 0.0, 44.0, 0.0, 44.0, true);
INSERT INTO t_vat_revenue (vtr_id, drv_id, vat_id, vtr_amount, vtr_value) VALUES (2133, 1067, 1, 0, 0);
INSERT INTO t_vat_revenue (vtr_id, drv_id, vat_id, vtr_amount, vtr_value) VALUES (2134, 1067, 2, 44.0, 2.293839);
INSERT INTO t_day_revenue (drv_id, drv_revenue_date, drv_print_date, drv_closing_date, drv_cash, drv_ticket, drv_cheque, drv_card, drv_unpaid, drv_amount, drv_takeaway) VALUES (1068, TO_DATE('22/12/2003', 'dd/MM/yyyy'), TO_DATE('23/12/2003', 'dd/MM/yyyy'), TO_DATE('23/12/2003', 'dd/MM/yyyy'), 8.5, 10.0, 292.5, 632.5, 0.0, 943.5, false);
INSERT INTO t_vat_revenue (vtr_id, drv_id, vat_id, vtr_amount, vtr_value) VALUES (2135, 1068, 1, 943.5, 154.6204);
INSERT INTO t_vat_revenue (vtr_id, drv_id, vat_id, vtr_amount, vtr_value) VALUES (2136, 1068, 2, 0, 0);
INSERT INTO t_day_revenue (drv_id, drv_revenue_date, drv_print_date, drv_closing_date, drv_cash, drv_ticket, drv_cheque, drv_card, drv_unpaid, drv_amount, drv_takeaway) VALUES (1069, TO_DATE('23/12/2003', 'dd/MM/yyyy'), TO_DATE('24/12/2003', 'dd/MM/yyyy'), TO_DATE('24/12/2003', 'dd/MM/yyyy'), 14.5, 0.0, 0.0, 19.5, 0.0, 34.0, true);
INSERT INTO t_vat_revenue (vtr_id, drv_id, vat_id, vtr_amount, vtr_value) VALUES (2137, 1069, 1, 0, 0);
INSERT INTO t_vat_revenue (vtr_id, drv_id, vat_id, vtr_amount, vtr_value) VALUES (2138, 1069, 2, 34.0, 1.7725118);
INSERT INTO t_day_revenue (drv_id, drv_revenue_date, drv_print_date, drv_closing_date, drv_cash, drv_ticket, drv_cheque, drv_card, drv_unpaid, drv_amount, drv_takeaway) VALUES (1070, TO_DATE('23/12/2003', 'dd/MM/yyyy'), TO_DATE('24/12/2003', 'dd/MM/yyyy'), TO_DATE('24/12/2003', 'dd/MM/yyyy'), 0.0, 7.0, 224.5, 276.5, 0.0, 508.0, false);
INSERT INTO t_vat_revenue (vtr_id, drv_id, vat_id, vtr_amount, vtr_value) VALUES (2139, 1070, 1, 508.0, 83.25084);
INSERT INTO t_vat_revenue (vtr_id, drv_id, vat_id, vtr_amount, vtr_value) VALUES (2140, 1070, 2, 0, 0);
INSERT INTO t_day_revenue (drv_id, drv_revenue_date, drv_print_date, drv_closing_date, drv_cash, drv_ticket, drv_cheque, drv_card, drv_unpaid, drv_amount, drv_takeaway) VALUES (1071, TO_DATE('24/12/2003', 'dd/MM/yyyy'), TO_DATE('26/12/2003', 'dd/MM/yyyy'), TO_DATE('26/12/2003', 'dd/MM/yyyy'), 0.0, 0.0, 0.0, 0.0, 0.0, 0.0, true);
INSERT INTO t_vat_revenue (vtr_id, drv_id, vat_id, vtr_amount, vtr_value) VALUES (2141, 1071, 1, 0, 0);
INSERT INTO t_vat_revenue (vtr_id, drv_id, vat_id, vtr_amount, vtr_value) VALUES (2142, 1071, 2, 0.0, 0.0);
INSERT INTO t_day_revenue (drv_id, drv_revenue_date, drv_print_date, drv_closing_date, drv_cash, drv_ticket, drv_cheque, drv_card, drv_unpaid, drv_amount, drv_takeaway) VALUES (1072, TO_DATE('24/12/2003', 'dd/MM/yyyy'), TO_DATE('26/12/2003', 'dd/MM/yyyy'), TO_DATE('26/12/2003', 'dd/MM/yyyy'), 0.0, 0.0, 163.0, 966.0, 0.0, 1129.0, false);
INSERT INTO t_vat_revenue (vtr_id, drv_id, vat_id, vtr_amount, vtr_value) VALUES (2143, 1072, 1, 1129.0, 185.02007);
INSERT INTO t_vat_revenue (vtr_id, drv_id, vat_id, vtr_amount, vtr_value) VALUES (2144, 1072, 2, 0, 0);
INSERT INTO t_day_revenue (drv_id, drv_revenue_date, drv_print_date, drv_closing_date, drv_cash, drv_ticket, drv_cheque, drv_card, drv_unpaid, drv_amount, drv_takeaway) VALUES (1073, TO_DATE('25/12/2003', 'dd/MM/yyyy'), TO_DATE('26/12/2003', 'dd/MM/yyyy'), TO_DATE('26/12/2003', 'dd/MM/yyyy'), 0.0, 0.0, 0.0, 88.5, 0.0, 88.5, true);
INSERT INTO t_vat_revenue (vtr_id, drv_id, vat_id, vtr_amount, vtr_value) VALUES (2145, 1073, 1, 0, 0);
INSERT INTO t_vat_revenue (vtr_id, drv_id, vat_id, vtr_amount, vtr_value) VALUES (2146, 1073, 2, 88.5, 4.6137443);
INSERT INTO t_day_revenue (drv_id, drv_revenue_date, drv_print_date, drv_closing_date, drv_cash, drv_ticket, drv_cheque, drv_card, drv_unpaid, drv_amount, drv_takeaway) VALUES (1074, TO_DATE('25/12/2003', 'dd/MM/yyyy'), TO_DATE('26/12/2003', 'dd/MM/yyyy'), TO_DATE('26/12/2003', 'dd/MM/yyyy'), 0.0, 0.0, 548.5, 144.0, 0.0, 692.5, false);
INSERT INTO t_vat_revenue (vtr_id, drv_id, vat_id, vtr_amount, vtr_value) VALUES (2147, 1074, 1, 692.5, 113.486626);
INSERT INTO t_vat_revenue (vtr_id, drv_id, vat_id, vtr_amount, vtr_value) VALUES (2148, 1074, 2, 0, 0);
INSERT INTO t_day_revenue (drv_id, drv_revenue_date, drv_print_date, drv_closing_date, drv_cash, drv_ticket, drv_cheque, drv_card, drv_unpaid, drv_amount, drv_takeaway) VALUES (1075, TO_DATE('26/12/2003', 'dd/MM/yyyy'), TO_DATE('29/12/2003', 'dd/MM/yyyy'), TO_DATE('29/12/2003', 'dd/MM/yyyy'), 0.0, 0.0, 0.0, 38.5, 0.0, 38.5, true);
INSERT INTO t_vat_revenue (vtr_id, drv_id, vat_id, vtr_amount, vtr_value) VALUES (2149, 1075, 1, 0, 0);
INSERT INTO t_vat_revenue (vtr_id, drv_id, vat_id, vtr_amount, vtr_value) VALUES (2150, 1075, 2, 38.5, 2.007109);
INSERT INTO t_day_revenue (drv_id, drv_revenue_date, drv_print_date, drv_closing_date, drv_cash, drv_ticket, drv_cheque, drv_card, drv_unpaid, drv_amount, drv_takeaway) VALUES (1076, TO_DATE('26/12/2003', 'dd/MM/yyyy'), TO_DATE('29/12/2003', 'dd/MM/yyyy'), TO_DATE('29/12/2003', 'dd/MM/yyyy'), 12.0, 20.0, 235.0, 812.5, 0.0, 1079.5, false);
INSERT INTO t_vat_revenue (vtr_id, drv_id, vat_id, vtr_amount, vtr_value) VALUES (2151, 1076, 1, 1079.5, 176.90804);
INSERT INTO t_vat_revenue (vtr_id, drv_id, vat_id, vtr_amount, vtr_value) VALUES (2152, 1076, 2, 0, 0);
INSERT INTO t_day_revenue (drv_id, drv_revenue_date, drv_print_date, drv_closing_date, drv_cash, drv_ticket, drv_cheque, drv_card, drv_unpaid, drv_amount, drv_takeaway) VALUES (1077, TO_DATE('27/12/2003', 'dd/MM/yyyy'), TO_DATE('29/12/2003', 'dd/MM/yyyy'), TO_DATE('29/12/2003', 'dd/MM/yyyy'), 0.0, 0.0, 0.0, 226.0, 0.0, 226.0, true);
INSERT INTO t_vat_revenue (vtr_id, drv_id, vat_id, vtr_amount, vtr_value) VALUES (2153, 1077, 1, 0, 0);
INSERT INTO t_vat_revenue (vtr_id, drv_id, vat_id, vtr_amount, vtr_value) VALUES (2154, 1077, 2, 226.0, 11.78199);
INSERT INTO t_day_revenue (drv_id, drv_revenue_date, drv_print_date, drv_closing_date, drv_cash, drv_ticket, drv_cheque, drv_card, drv_unpaid, drv_amount, drv_takeaway) VALUES (1078, TO_DATE('27/12/2003', 'dd/MM/yyyy'), TO_DATE('29/12/2003', 'dd/MM/yyyy'), TO_DATE('29/12/2003', 'dd/MM/yyyy'), 36.1, 24.0, 302.5, 815.9, 0.0, 1178.5, false);
INSERT INTO t_vat_revenue (vtr_id, drv_id, vat_id, vtr_amount, vtr_value) VALUES (2155, 1078, 1, 1178.5, 193.13211);
INSERT INTO t_vat_revenue (vtr_id, drv_id, vat_id, vtr_amount, vtr_value) VALUES (2156, 1078, 2, 0, 0);
INSERT INTO t_day_revenue (drv_id, drv_revenue_date, drv_print_date, drv_closing_date, drv_cash, drv_ticket, drv_cheque, drv_card, drv_unpaid, drv_amount, drv_takeaway) VALUES (1079, TO_DATE('28/12/2003', 'dd/MM/yyyy'), TO_DATE('29/12/2003', 'dd/MM/yyyy'), TO_DATE('29/12/2003', 'dd/MM/yyyy'), 0.0, 0.0, 0.0, 50.0, 0.0, 50.0, true);
INSERT INTO t_vat_revenue (vtr_id, drv_id, vat_id, vtr_amount, vtr_value) VALUES (2157, 1079, 1, 0, 0);
INSERT INTO t_vat_revenue (vtr_id, drv_id, vat_id, vtr_amount, vtr_value) VALUES (2158, 1079, 2, 50.0, 2.606635);
INSERT INTO t_day_revenue (drv_id, drv_revenue_date, drv_print_date, drv_closing_date, drv_cash, drv_ticket, drv_cheque, drv_card, drv_unpaid, drv_amount, drv_takeaway) VALUES (1080, TO_DATE('28/12/2003', 'dd/MM/yyyy'), TO_DATE('29/12/2003', 'dd/MM/yyyy'), TO_DATE('29/12/2003', 'dd/MM/yyyy'), 23.2, 19.8, 310.5, 735.5, 0.0, 1089.0, false);
INSERT INTO t_vat_revenue (vtr_id, drv_id, vat_id, vtr_amount, vtr_value) VALUES (2159, 1080, 1, 1089.0, 178.46489);
INSERT INTO t_vat_revenue (vtr_id, drv_id, vat_id, vtr_amount, vtr_value) VALUES (2160, 1080, 2, 0, 0);
INSERT INTO t_day_revenue (drv_id, drv_revenue_date, drv_print_date, drv_closing_date, drv_cash, drv_ticket, drv_cheque, drv_card, drv_unpaid, drv_amount, drv_takeaway) VALUES (1081, TO_DATE('29/12/2003', 'dd/MM/yyyy'), TO_DATE('31/12/2003', 'dd/MM/yyyy'), TO_DATE('31/12/2003', 'dd/MM/yyyy'), 0.0, 0.0, 0.0, 120.0, 0.0, 120.0, true);
INSERT INTO t_vat_revenue (vtr_id, drv_id, vat_id, vtr_amount, vtr_value) VALUES (2161, 1081, 1, 0, 0);
INSERT INTO t_vat_revenue (vtr_id, drv_id, vat_id, vtr_amount, vtr_value) VALUES (2162, 1081, 2, 120.0, 6.255924);
INSERT INTO t_day_revenue (drv_id, drv_revenue_date, drv_print_date, drv_closing_date, drv_cash, drv_ticket, drv_cheque, drv_card, drv_unpaid, drv_amount, drv_takeaway) VALUES (1082, TO_DATE('29/12/2003', 'dd/MM/yyyy'), TO_DATE('31/12/2003', 'dd/MM/yyyy'), TO_DATE('31/12/2003', 'dd/MM/yyyy'), 1.76, 87.49, 139.25, 782.0, 0.0, 1010.5, false);
INSERT INTO t_vat_revenue (vtr_id, drv_id, vat_id, vtr_amount, vtr_value) VALUES (2163, 1082, 1, 1010.5, 165.60034);
INSERT INTO t_vat_revenue (vtr_id, drv_id, vat_id, vtr_amount, vtr_value) VALUES (2164, 1082, 2, 0, 0);
INSERT INTO t_day_revenue (drv_id, drv_revenue_date, drv_print_date, drv_closing_date, drv_cash, drv_ticket, drv_cheque, drv_card, drv_unpaid, drv_amount, drv_takeaway) VALUES (1083, TO_DATE('30/12/2003', 'dd/MM/yyyy'), TO_DATE('31/12/2003', 'dd/MM/yyyy'), TO_DATE('31/12/2003', 'dd/MM/yyyy'), 30.5, 0.0, 0.0, 68.5, 0.0, 99.0, true);
INSERT INTO t_vat_revenue (vtr_id, drv_id, vat_id, vtr_amount, vtr_value) VALUES (2165, 1083, 1, 0, 0);
INSERT INTO t_vat_revenue (vtr_id, drv_id, vat_id, vtr_amount, vtr_value) VALUES (2166, 1083, 2, 99.0, 5.1611376);
INSERT INTO t_day_revenue (drv_id, drv_revenue_date, drv_print_date, drv_closing_date, drv_cash, drv_ticket, drv_cheque, drv_card, drv_unpaid, drv_amount, drv_takeaway) VALUES (1084, TO_DATE('30/12/2003', 'dd/MM/yyyy'), TO_DATE('31/12/2003', 'dd/MM/yyyy'), TO_DATE('31/12/2003', 'dd/MM/yyyy'), 0.0, 0.0, 92.5, 763.5, 0.0, 856.0, false);
INSERT INTO t_vat_revenue (vtr_id, drv_id, vat_id, vtr_amount, vtr_value) VALUES (2167, 1084, 1, 856.0, 140.28093);
INSERT INTO t_vat_revenue (vtr_id, drv_id, vat_id, vtr_amount, vtr_value) VALUES (2168, 1084, 2, 0, 0);
INSERT INTO t_day_revenue (drv_id, drv_revenue_date, drv_print_date, drv_closing_date, drv_cash, drv_ticket, drv_cheque, drv_card, drv_unpaid, drv_amount, drv_takeaway) VALUES (1085, TO_DATE('31/12/2003', 'dd/MM/yyyy'), TO_DATE('02/01/2004', 'dd/MM/yyyy'), TO_DATE('02/01/2004', 'dd/MM/yyyy'), 0.0, 0.0, 79.0, 167.5, 0.0, 246.5, true);
INSERT INTO t_vat_revenue (vtr_id, drv_id, vat_id, vtr_amount, vtr_value) VALUES (2169, 1085, 1, 0, 0);
INSERT INTO t_vat_revenue (vtr_id, drv_id, vat_id, vtr_amount, vtr_value) VALUES (2170, 1085, 2, 246.5, 12.850711);
INSERT INTO t_day_revenue (drv_id, drv_revenue_date, drv_print_date, drv_closing_date, drv_cash, drv_ticket, drv_cheque, drv_card, drv_unpaid, drv_amount, drv_takeaway) VALUES (1086, TO_DATE('31/12/2003', 'dd/MM/yyyy'), TO_DATE('02/01/2004', 'dd/MM/yyyy'), TO_DATE('02/01/2004', 'dd/MM/yyyy'), 45.5, 0.0, 234.5, 662.0, 0.0, 942.0, false);
INSERT INTO t_vat_revenue (vtr_id, drv_id, vat_id, vtr_amount, vtr_value) VALUES (2171, 1086, 1, 942.0, 154.37459);
INSERT INTO t_vat_revenue (vtr_id, drv_id, vat_id, vtr_amount, vtr_value) VALUES (2172, 1086, 2, 0, 0);
INSERT INTO t_day_revenue (drv_id, drv_revenue_date, drv_print_date, drv_closing_date, drv_cash, drv_ticket, drv_cheque, drv_card, drv_unpaid, drv_amount, drv_takeaway) VALUES (1087, TO_DATE('01/01/2004', 'dd/MM/yyyy'), TO_DATE('02/01/2004', 'dd/MM/yyyy'), TO_DATE('02/01/2004', 'dd/MM/yyyy'), 0.0, 0.0, 0.0, 58.0, 0.0, 58.0, true);
INSERT INTO t_vat_revenue (vtr_id, drv_id, vat_id, vtr_amount, vtr_value) VALUES (2173, 1087, 1, 0, 0);
INSERT INTO t_vat_revenue (vtr_id, drv_id, vat_id, vtr_amount, vtr_value) VALUES (2174, 1087, 2, 58.0, 3.0236967);
INSERT INTO t_day_revenue (drv_id, drv_revenue_date, drv_print_date, drv_closing_date, drv_cash, drv_ticket, drv_cheque, drv_card, drv_unpaid, drv_amount, drv_takeaway) VALUES (1088, TO_DATE('01/01/2004', 'dd/MM/yyyy'), TO_DATE('02/01/2004', 'dd/MM/yyyy'), TO_DATE('02/01/2004', 'dd/MM/yyyy'), 25.1, 73.2, 185.5, 705.7, 0.0, 989.5, false);
INSERT INTO t_vat_revenue (vtr_id, drv_id, vat_id, vtr_amount, vtr_value) VALUES (2175, 1088, 1, 989.5, 162.15887);
INSERT INTO t_vat_revenue (vtr_id, drv_id, vat_id, vtr_amount, vtr_value) VALUES (2176, 1088, 2, 0, 0);
INSERT INTO t_day_revenue (drv_id, drv_revenue_date, drv_print_date, drv_closing_date, drv_cash, drv_ticket, drv_cheque, drv_card, drv_unpaid, drv_amount, drv_takeaway) VALUES (1089, TO_DATE('02/01/2004', 'dd/MM/yyyy'), TO_DATE('07/01/2004', 'dd/MM/yyyy'), TO_DATE('07/01/2004', 'dd/MM/yyyy'), 0.0, 0.0, 0.0, 163.5, 0.0, 163.5, true);
INSERT INTO t_vat_revenue (vtr_id, drv_id, vat_id, vtr_amount, vtr_value) VALUES (2177, 1089, 1, 0, 0);
INSERT INTO t_vat_revenue (vtr_id, drv_id, vat_id, vtr_amount, vtr_value) VALUES (2178, 1089, 2, 163.5, 8.523697);
INSERT INTO t_day_revenue (drv_id, drv_revenue_date, drv_print_date, drv_closing_date, drv_cash, drv_ticket, drv_cheque, drv_card, drv_unpaid, drv_amount, drv_takeaway) VALUES (1090, TO_DATE('02/01/2004', 'dd/MM/yyyy'), TO_DATE('07/01/2004', 'dd/MM/yyyy'), TO_DATE('07/01/2004', 'dd/MM/yyyy'), 10.3, 32.7, 240.0, 439.5, 0.0, 722.5, false);
INSERT INTO t_vat_revenue (vtr_id, drv_id, vat_id, vtr_amount, vtr_value) VALUES (2179, 1090, 1, 722.5, 118.403015);
INSERT INTO t_vat_revenue (vtr_id, drv_id, vat_id, vtr_amount, vtr_value) VALUES (2180, 1090, 2, 0, 0);
INSERT INTO t_day_revenue (drv_id, drv_revenue_date, drv_print_date, drv_closing_date, drv_cash, drv_ticket, drv_cheque, drv_card, drv_unpaid, drv_amount, drv_takeaway) VALUES (1091, TO_DATE('03/01/2004', 'dd/MM/yyyy'), TO_DATE('07/01/2004', 'dd/MM/yyyy'), TO_DATE('07/01/2004', 'dd/MM/yyyy'), 0.0, 0.0, 0.0, 43.5, 0.0, 43.5, true);
INSERT INTO t_vat_revenue (vtr_id, drv_id, vat_id, vtr_amount, vtr_value) VALUES (2181, 1091, 1, 0, 0);
INSERT INTO t_vat_revenue (vtr_id, drv_id, vat_id, vtr_amount, vtr_value) VALUES (2182, 1091, 2, 43.5, 2.2677724);
INSERT INTO t_day_revenue (drv_id, drv_revenue_date, drv_print_date, drv_closing_date, drv_cash, drv_ticket, drv_cheque, drv_card, drv_unpaid, drv_amount, drv_takeaway) VALUES (1092, TO_DATE('03/01/2004', 'dd/MM/yyyy'), TO_DATE('07/01/2004', 'dd/MM/yyyy'), TO_DATE('07/01/2004', 'dd/MM/yyyy'), 71.5, 53.34, 600.5, 1319.16, 0.0, 2044.5, false);
INSERT INTO t_vat_revenue (vtr_id, drv_id, vat_id, vtr_amount, vtr_value) VALUES (2183, 1092, 1, 2044.5, 335.05185);
INSERT INTO t_vat_revenue (vtr_id, drv_id, vat_id, vtr_amount, vtr_value) VALUES (2184, 1092, 2, 0, 0);
INSERT INTO t_day_revenue (drv_id, drv_revenue_date, drv_print_date, drv_closing_date, drv_cash, drv_ticket, drv_cheque, drv_card, drv_unpaid, drv_amount, drv_takeaway) VALUES (1093, TO_DATE('04/01/2004', 'dd/MM/yyyy'), TO_DATE('07/01/2004', 'dd/MM/yyyy'), TO_DATE('07/01/2004', 'dd/MM/yyyy'), 0.0, 0.0, 0.0, 111.5, 0.0, 111.5, true);
INSERT INTO t_vat_revenue (vtr_id, drv_id, vat_id, vtr_amount, vtr_value) VALUES (2185, 1093, 1, 0, 0);
INSERT INTO t_vat_revenue (vtr_id, drv_id, vat_id, vtr_amount, vtr_value) VALUES (2186, 1093, 2, 111.5, 5.812796);
INSERT INTO t_day_revenue (drv_id, drv_revenue_date, drv_print_date, drv_closing_date, drv_cash, drv_ticket, drv_cheque, drv_card, drv_unpaid, drv_amount, drv_takeaway) VALUES (1094, TO_DATE('04/01/2004', 'dd/MM/yyyy'), TO_DATE('07/01/2004', 'dd/MM/yyyy'), TO_DATE('07/01/2004', 'dd/MM/yyyy'), 17.9, 12.66, 275.5, 756.44, 0.0, 1062.5, false);
INSERT INTO t_vat_revenue (vtr_id, drv_id, vat_id, vtr_amount, vtr_value) VALUES (2187, 1094, 1, 1062.5, 174.12207);
INSERT INTO t_vat_revenue (vtr_id, drv_id, vat_id, vtr_amount, vtr_value) VALUES (2188, 1094, 2, 0, 0);
INSERT INTO t_day_revenue (drv_id, drv_revenue_date, drv_print_date, drv_closing_date, drv_cash, drv_ticket, drv_cheque, drv_card, drv_unpaid, drv_amount, drv_takeaway) VALUES (1095, TO_DATE('05/01/2004', 'dd/MM/yyyy'), TO_DATE('07/01/2004', 'dd/MM/yyyy'), TO_DATE('07/01/2004', 'dd/MM/yyyy'), 0.0, 0.0, 0.0, 0.0, 0.0, 0.0, true);
INSERT INTO t_vat_revenue (vtr_id, drv_id, vat_id, vtr_amount, vtr_value) VALUES (2189, 1095, 1, 0, 0);
INSERT INTO t_vat_revenue (vtr_id, drv_id, vat_id, vtr_amount, vtr_value) VALUES (2190, 1095, 2, 0.0, 0.0);
INSERT INTO t_day_revenue (drv_id, drv_revenue_date, drv_print_date, drv_closing_date, drv_cash, drv_ticket, drv_cheque, drv_card, drv_unpaid, drv_amount, drv_takeaway) VALUES (1096, TO_DATE('05/01/2004', 'dd/MM/yyyy'), TO_DATE('07/01/2004', 'dd/MM/yyyy'), TO_DATE('07/01/2004', 'dd/MM/yyyy'), 11.0, 0.0, 0.0, 197.0, 0.0, 208.0, false);
INSERT INTO t_vat_revenue (vtr_id, drv_id, vat_id, vtr_amount, vtr_value) VALUES (2191, 1096, 1, 208.0, 34.086956);
INSERT INTO t_vat_revenue (vtr_id, drv_id, vat_id, vtr_amount, vtr_value) VALUES (2192, 1096, 2, 0, 0);
INSERT INTO t_day_revenue (drv_id, drv_revenue_date, drv_print_date, drv_closing_date, drv_cash, drv_ticket, drv_cheque, drv_card, drv_unpaid, drv_amount, drv_takeaway) VALUES (1097, TO_DATE('06/01/2004', 'dd/MM/yyyy'), TO_DATE('07/01/2004', 'dd/MM/yyyy'), TO_DATE('07/01/2004', 'dd/MM/yyyy'), 0.0, 0.0, 38.0, 180.0, 0.0, 218.0, true);
INSERT INTO t_vat_revenue (vtr_id, drv_id, vat_id, vtr_amount, vtr_value) VALUES (2193, 1097, 1, 0, 0);
INSERT INTO t_vat_revenue (vtr_id, drv_id, vat_id, vtr_amount, vtr_value) VALUES (2194, 1097, 2, 218.0, 11.364929);
INSERT INTO t_day_revenue (drv_id, drv_revenue_date, drv_print_date, drv_closing_date, drv_cash, drv_ticket, drv_cheque, drv_card, drv_unpaid, drv_amount, drv_takeaway) VALUES (1098, TO_DATE('06/01/2004', 'dd/MM/yyyy'), TO_DATE('07/01/2004', 'dd/MM/yyyy'), TO_DATE('07/01/2004', 'dd/MM/yyyy'), 19.0, 41.0, 28.0, 805.0, 0.0, 893.0, false);
INSERT INTO t_vat_revenue (vtr_id, drv_id, vat_id, vtr_amount, vtr_value) VALUES (2195, 1098, 1, 893.0, 146.34448);
INSERT INTO t_vat_revenue (vtr_id, drv_id, vat_id, vtr_amount, vtr_value) VALUES (2196, 1098, 2, 0, 0);
INSERT INTO t_day_revenue (drv_id, drv_revenue_date, drv_print_date, drv_closing_date, drv_cash, drv_ticket, drv_cheque, drv_card, drv_unpaid, drv_amount, drv_takeaway) VALUES (1099, TO_DATE('07/01/2004', 'dd/MM/yyyy'), TO_DATE('08/01/2004', 'dd/MM/yyyy'), TO_DATE('08/01/2004', 'dd/MM/yyyy'), 0.0, 0.0, 0.0, 180.5, 0.0, 180.5, true);
INSERT INTO t_vat_revenue (vtr_id, drv_id, vat_id, vtr_amount, vtr_value) VALUES (2197, 1099, 1, 0, 0);
INSERT INTO t_vat_revenue (vtr_id, drv_id, vat_id, vtr_amount, vtr_value) VALUES (2198, 1099, 2, 180.5, 9.409952);
INSERT INTO t_day_revenue (drv_id, drv_revenue_date, drv_print_date, drv_closing_date, drv_cash, drv_ticket, drv_cheque, drv_card, drv_unpaid, drv_amount, drv_takeaway) VALUES (1100, TO_DATE('07/01/2004', 'dd/MM/yyyy'), TO_DATE('08/01/2004', 'dd/MM/yyyy'), TO_DATE('08/01/2004', 'dd/MM/yyyy'), 95.5, 0.0, 89.0, 540.5, 0.0, 725.0, false);
INSERT INTO t_vat_revenue (vtr_id, drv_id, vat_id, vtr_amount, vtr_value) VALUES (2199, 1100, 1, 725.0, 118.81271);
INSERT INTO t_vat_revenue (vtr_id, drv_id, vat_id, vtr_amount, vtr_value) VALUES (2200, 1100, 2, 0, 0);
INSERT INTO t_day_revenue (drv_id, drv_revenue_date, drv_print_date, drv_closing_date, drv_cash, drv_ticket, drv_cheque, drv_card, drv_unpaid, drv_amount, drv_takeaway) VALUES (1101, TO_DATE('08/01/2004', 'dd/MM/yyyy'), TO_DATE('09/01/2004', 'dd/MM/yyyy'), TO_DATE('09/01/2004', 'dd/MM/yyyy'), 44.5, 0.0, 0.0, 99.5, 0.0, 144.0, true);
INSERT INTO t_vat_revenue (vtr_id, drv_id, vat_id, vtr_amount, vtr_value) VALUES (2201, 1101, 1, 0, 0);
INSERT INTO t_vat_revenue (vtr_id, drv_id, vat_id, vtr_amount, vtr_value) VALUES (2202, 1101, 2, 144.0, 7.507109);
INSERT INTO t_day_revenue (drv_id, drv_revenue_date, drv_print_date, drv_closing_date, drv_cash, drv_ticket, drv_cheque, drv_card, drv_unpaid, drv_amount, drv_takeaway) VALUES (1102, TO_DATE('08/01/2004', 'dd/MM/yyyy'), TO_DATE('09/01/2004', 'dd/MM/yyyy'), TO_DATE('09/01/2004', 'dd/MM/yyyy'), 0.0, 15.0, 68.0, 695.5, 0.0, 778.5, false);
INSERT INTO t_vat_revenue (vtr_id, drv_id, vat_id, vtr_amount, vtr_value) VALUES (2203, 1102, 1, 778.5, 127.58028);
INSERT INTO t_vat_revenue (vtr_id, drv_id, vat_id, vtr_amount, vtr_value) VALUES (2204, 1102, 2, 0, 0);
INSERT INTO t_day_revenue (drv_id, drv_revenue_date, drv_print_date, drv_closing_date, drv_cash, drv_ticket, drv_cheque, drv_card, drv_unpaid, drv_amount, drv_takeaway) VALUES (1103, TO_DATE('09/01/2004', 'dd/MM/yyyy'), TO_DATE('15/01/2004', 'dd/MM/yyyy'), TO_DATE('15/01/2004', 'dd/MM/yyyy'), 0.0, 0.0, 0.0, 30.0, 0.0, 30.0, true);
INSERT INTO t_vat_revenue (vtr_id, drv_id, vat_id, vtr_amount, vtr_value) VALUES (2205, 1103, 1, 0, 0);
INSERT INTO t_vat_revenue (vtr_id, drv_id, vat_id, vtr_amount, vtr_value) VALUES (2206, 1103, 2, 30.0, 1.563981);
INSERT INTO t_day_revenue (drv_id, drv_revenue_date, drv_print_date, drv_closing_date, drv_cash, drv_ticket, drv_cheque, drv_card, drv_unpaid, drv_amount, drv_takeaway) VALUES (1104, TO_DATE('09/01/2004', 'dd/MM/yyyy'), TO_DATE('15/01/2004', 'dd/MM/yyyy'), TO_DATE('15/01/2004', 'dd/MM/yyyy'), 6.5, 51.4, 521.0, 1199.1, 0.0, 1778.0, false);
INSERT INTO t_vat_revenue (vtr_id, drv_id, vat_id, vtr_amount, vtr_value) VALUES (2207, 1104, 1, 1778.0, 291.37793);
INSERT INTO t_vat_revenue (vtr_id, drv_id, vat_id, vtr_amount, vtr_value) VALUES (2208, 1104, 2, 0, 0);
INSERT INTO t_day_revenue (drv_id, drv_revenue_date, drv_print_date, drv_closing_date, drv_cash, drv_ticket, drv_cheque, drv_card, drv_unpaid, drv_amount, drv_takeaway) VALUES (1105, TO_DATE('10/01/2004', 'dd/MM/yyyy'), TO_DATE('15/01/2004', 'dd/MM/yyyy'), TO_DATE('15/01/2004', 'dd/MM/yyyy'), 0.0, 0.0, 0.0, 48.5, 0.0, 48.5, true);
INSERT INTO t_vat_revenue (vtr_id, drv_id, vat_id, vtr_amount, vtr_value) VALUES (2209, 1105, 1, 0, 0);
INSERT INTO t_vat_revenue (vtr_id, drv_id, vat_id, vtr_amount, vtr_value) VALUES (2210, 1105, 2, 48.5, 2.528436);
INSERT INTO t_day_revenue (drv_id, drv_revenue_date, drv_print_date, drv_closing_date, drv_cash, drv_ticket, drv_cheque, drv_card, drv_unpaid, drv_amount, drv_takeaway) VALUES (1106, TO_DATE('10/01/2004', 'dd/MM/yyyy'), TO_DATE('15/01/2004', 'dd/MM/yyyy'), TO_DATE('15/01/2004', 'dd/MM/yyyy'), 46.5, 23.0, 194.0, 1172.0, 0.0, 1435.5, false);
INSERT INTO t_vat_revenue (vtr_id, drv_id, vat_id, vtr_amount, vtr_value) VALUES (2211, 1106, 1, 1435.5, 235.24918);
INSERT INTO t_vat_revenue (vtr_id, drv_id, vat_id, vtr_amount, vtr_value) VALUES (2212, 1106, 2, 0, 0);
INSERT INTO t_day_revenue (drv_id, drv_revenue_date, drv_print_date, drv_closing_date, drv_cash, drv_ticket, drv_cheque, drv_card, drv_unpaid, drv_amount, drv_takeaway) VALUES (1107, TO_DATE('11/01/2004', 'dd/MM/yyyy'), TO_DATE('15/01/2004', 'dd/MM/yyyy'), TO_DATE('15/01/2004', 'dd/MM/yyyy'), 0.0, 0.0, 0.0, 57.5, 0.0, 57.5, true);
INSERT INTO t_vat_revenue (vtr_id, drv_id, vat_id, vtr_amount, vtr_value) VALUES (2213, 1107, 1, 0, 0);
INSERT INTO t_vat_revenue (vtr_id, drv_id, vat_id, vtr_amount, vtr_value) VALUES (2214, 1107, 2, 57.5, 2.9976304);
INSERT INTO t_day_revenue (drv_id, drv_revenue_date, drv_print_date, drv_closing_date, drv_cash, drv_ticket, drv_cheque, drv_card, drv_unpaid, drv_amount, drv_takeaway) VALUES (1108, TO_DATE('11/01/2004', 'dd/MM/yyyy'), TO_DATE('15/01/2004', 'dd/MM/yyyy'), TO_DATE('15/01/2004', 'dd/MM/yyyy'), 9.0, 90.0, 338.5, 415.0, 0.0, 852.5, false);
INSERT INTO t_vat_revenue (vtr_id, drv_id, vat_id, vtr_amount, vtr_value) VALUES (2215, 1108, 1, 852.5, 139.70737);
INSERT INTO t_vat_revenue (vtr_id, drv_id, vat_id, vtr_amount, vtr_value) VALUES (2216, 1108, 2, 0, 0);
INSERT INTO t_day_revenue (drv_id, drv_revenue_date, drv_print_date, drv_closing_date, drv_cash, drv_ticket, drv_cheque, drv_card, drv_unpaid, drv_amount, drv_takeaway) VALUES (1109, TO_DATE('12/01/2004', 'dd/MM/yyyy'), TO_DATE('15/01/2004', 'dd/MM/yyyy'), TO_DATE('15/01/2004', 'dd/MM/yyyy'), 0.0, 0.0, 0.0, 29.5, 0.0, 29.5, true);
INSERT INTO t_vat_revenue (vtr_id, drv_id, vat_id, vtr_amount, vtr_value) VALUES (2217, 1109, 1, 0, 0);
INSERT INTO t_vat_revenue (vtr_id, drv_id, vat_id, vtr_amount, vtr_value) VALUES (2218, 1109, 2, 29.5, 1.5379146);
INSERT INTO t_day_revenue (drv_id, drv_revenue_date, drv_print_date, drv_closing_date, drv_cash, drv_ticket, drv_cheque, drv_card, drv_unpaid, drv_amount, drv_takeaway) VALUES (1110, TO_DATE('12/01/2004', 'dd/MM/yyyy'), TO_DATE('15/01/2004', 'dd/MM/yyyy'), TO_DATE('15/01/2004', 'dd/MM/yyyy'), 34.5, 24.25, 520.75, 974.0, 0.0, 1553.5, false);
INSERT INTO t_vat_revenue (vtr_id, drv_id, vat_id, vtr_amount, vtr_value) VALUES (2219, 1110, 1, 1553.5, 254.58698);
INSERT INTO t_vat_revenue (vtr_id, drv_id, vat_id, vtr_amount, vtr_value) VALUES (2220, 1110, 2, 0, 0);
INSERT INTO t_day_revenue (drv_id, drv_revenue_date, drv_print_date, drv_closing_date, drv_cash, drv_ticket, drv_cheque, drv_card, drv_unpaid, drv_amount, drv_takeaway) VALUES (1111, TO_DATE('13/01/2004', 'dd/MM/yyyy'), TO_DATE('09/02/2004', 'dd/MM/yyyy'), TO_DATE('09/02/2004', 'dd/MM/yyyy'), 0.0, 0.0, 0.0, 52.5, 0.0, 52.5, true);
INSERT INTO t_vat_revenue (vtr_id, drv_id, vat_id, vtr_amount, vtr_value) VALUES (2221, 1111, 1, 0, 0);
INSERT INTO t_vat_revenue (vtr_id, drv_id, vat_id, vtr_amount, vtr_value) VALUES (2222, 1111, 2, 52.5, 2.7369668);
INSERT INTO t_day_revenue (drv_id, drv_revenue_date, drv_print_date, drv_closing_date, drv_cash, drv_ticket, drv_cheque, drv_card, drv_unpaid, drv_amount, drv_takeaway) VALUES (1112, TO_DATE('13/01/2004', 'dd/MM/yyyy'), TO_DATE('09/02/2004', 'dd/MM/yyyy'), TO_DATE('09/02/2004', 'dd/MM/yyyy'), 9.9, 6.1, 169.0, 778.5, 0.0, 963.5, false);
INSERT INTO t_vat_revenue (vtr_id, drv_id, vat_id, vtr_amount, vtr_value) VALUES (2223, 1112, 1, 963.5, 157.898);
INSERT INTO t_vat_revenue (vtr_id, drv_id, vat_id, vtr_amount, vtr_value) VALUES (2224, 1112, 2, 0, 0);
INSERT INTO t_day_revenue (drv_id, drv_revenue_date, drv_print_date, drv_closing_date, drv_cash, drv_ticket, drv_cheque, drv_card, drv_unpaid, drv_amount, drv_takeaway) VALUES (1113, TO_DATE('14/01/2004', 'dd/MM/yyyy'), TO_DATE('15/01/2004', 'dd/MM/yyyy'), TO_DATE('15/01/2004', 'dd/MM/yyyy'), 0.0, 0.0, 23.0, 135.5, 0.0, 158.5, true);
INSERT INTO t_vat_revenue (vtr_id, drv_id, vat_id, vtr_amount, vtr_value) VALUES (2225, 1113, 1, 0, 0);
INSERT INTO t_vat_revenue (vtr_id, drv_id, vat_id, vtr_amount, vtr_value) VALUES (2226, 1113, 2, 158.5, 8.263033);
INSERT INTO t_day_revenue (drv_id, drv_revenue_date, drv_print_date, drv_closing_date, drv_cash, drv_ticket, drv_cheque, drv_card, drv_unpaid, drv_amount, drv_takeaway) VALUES (1114, TO_DATE('14/01/2004', 'dd/MM/yyyy'), TO_DATE('15/01/2004', 'dd/MM/yyyy'), TO_DATE('15/01/2004', 'dd/MM/yyyy'), 87.0, 45.5, 114.0, 225.0, 0.0, 471.5, false);
INSERT INTO t_vat_revenue (vtr_id, drv_id, vat_id, vtr_amount, vtr_value) VALUES (2227, 1114, 1, 471.5, 77.26923);
INSERT INTO t_vat_revenue (vtr_id, drv_id, vat_id, vtr_amount, vtr_value) VALUES (2228, 1114, 2, 0, 0);
INSERT INTO t_day_revenue (drv_id, drv_revenue_date, drv_print_date, drv_closing_date, drv_cash, drv_ticket, drv_cheque, drv_card, drv_unpaid, drv_amount, drv_takeaway) VALUES (1115, TO_DATE('15/01/2004', 'dd/MM/yyyy'), TO_DATE('16/01/2004', 'dd/MM/yyyy'), TO_DATE('16/01/2004', 'dd/MM/yyyy'), 0.0, 0.0, 0.0, 0.0, 0.0, 0.0, true);
INSERT INTO t_vat_revenue (vtr_id, drv_id, vat_id, vtr_amount, vtr_value) VALUES (2229, 1115, 1, 0, 0);
INSERT INTO t_vat_revenue (vtr_id, drv_id, vat_id, vtr_amount, vtr_value) VALUES (2230, 1115, 2, 0.0, 0.0);
INSERT INTO t_day_revenue (drv_id, drv_revenue_date, drv_print_date, drv_closing_date, drv_cash, drv_ticket, drv_cheque, drv_card, drv_unpaid, drv_amount, drv_takeaway) VALUES (1116, TO_DATE('15/01/2004', 'dd/MM/yyyy'), TO_DATE('16/01/2004', 'dd/MM/yyyy'), TO_DATE('16/01/2004', 'dd/MM/yyyy'), 12.3, 12.2, 266.5, 429.5, 0.0, 720.5, false);
INSERT INTO t_vat_revenue (vtr_id, drv_id, vat_id, vtr_amount, vtr_value) VALUES (2231, 1116, 1, 720.5, 118.07525);
INSERT INTO t_vat_revenue (vtr_id, drv_id, vat_id, vtr_amount, vtr_value) VALUES (2232, 1116, 2, 0, 0);
INSERT INTO t_day_revenue (drv_id, drv_revenue_date, drv_print_date, drv_closing_date, drv_cash, drv_ticket, drv_cheque, drv_card, drv_unpaid, drv_amount, drv_takeaway) VALUES (1117, TO_DATE('16/01/2004', 'dd/MM/yyyy'), TO_DATE('22/01/2004', 'dd/MM/yyyy'), TO_DATE('22/01/2004', 'dd/MM/yyyy'), 0.0, 0.0, 0.0, 139.0, 0.0, 139.0, true);
INSERT INTO t_vat_revenue (vtr_id, drv_id, vat_id, vtr_amount, vtr_value) VALUES (2233, 1117, 1, 0, 0);
INSERT INTO t_vat_revenue (vtr_id, drv_id, vat_id, vtr_amount, vtr_value) VALUES (2234, 1117, 2, 139.0, 7.2464457);
INSERT INTO t_day_revenue (drv_id, drv_revenue_date, drv_print_date, drv_closing_date, drv_cash, drv_ticket, drv_cheque, drv_card, drv_unpaid, drv_amount, drv_takeaway) VALUES (1118, TO_DATE('16/01/2004', 'dd/MM/yyyy'), TO_DATE('22/01/2004', 'dd/MM/yyyy'), TO_DATE('22/01/2004', 'dd/MM/yyyy'), 12.0, 17.5, 137.5, 911.0, 0.0, 1078.0, false);
INSERT INTO t_vat_revenue (vtr_id, drv_id, vat_id, vtr_amount, vtr_value) VALUES (2235, 1118, 1, 1078.0, 176.66222);
INSERT INTO t_vat_revenue (vtr_id, drv_id, vat_id, vtr_amount, vtr_value) VALUES (2236, 1118, 2, 0, 0);
INSERT INTO t_day_revenue (drv_id, drv_revenue_date, drv_print_date, drv_closing_date, drv_cash, drv_ticket, drv_cheque, drv_card, drv_unpaid, drv_amount, drv_takeaway) VALUES (1119, TO_DATE('17/01/2004', 'dd/MM/yyyy'), TO_DATE('22/01/2004', 'dd/MM/yyyy'), TO_DATE('22/01/2004', 'dd/MM/yyyy'), 0.0, 0.0, 0.0, 25.0, 0.0, 25.0, true);
INSERT INTO t_vat_revenue (vtr_id, drv_id, vat_id, vtr_amount, vtr_value) VALUES (2237, 1119, 1, 0, 0);
INSERT INTO t_vat_revenue (vtr_id, drv_id, vat_id, vtr_amount, vtr_value) VALUES (2238, 1119, 2, 25.0, 1.3033175);
INSERT INTO t_day_revenue (drv_id, drv_revenue_date, drv_print_date, drv_closing_date, drv_cash, drv_ticket, drv_cheque, drv_card, drv_unpaid, drv_amount, drv_takeaway) VALUES (1120, TO_DATE('17/01/2004', 'dd/MM/yyyy'), TO_DATE('22/01/2004', 'dd/MM/yyyy'), TO_DATE('22/01/2004', 'dd/MM/yyyy'), 23.2, 43.8, 144.5, 1404.5, 0.0, 1616.0, false);
INSERT INTO t_vat_revenue (vtr_id, drv_id, vat_id, vtr_amount, vtr_value) VALUES (2239, 1120, 1, 1616.0, 264.82944);
INSERT INTO t_vat_revenue (vtr_id, drv_id, vat_id, vtr_amount, vtr_value) VALUES (2240, 1120, 2, 0, 0);
INSERT INTO t_day_revenue (drv_id, drv_revenue_date, drv_print_date, drv_closing_date, drv_cash, drv_ticket, drv_cheque, drv_card, drv_unpaid, drv_amount, drv_takeaway) VALUES (1121, TO_DATE('18/01/2004', 'dd/MM/yyyy'), TO_DATE('22/01/2004', 'dd/MM/yyyy'), TO_DATE('22/01/2004', 'dd/MM/yyyy'), 0.0, 0.0, 0.0, 21.0, 0.0, 21.0, true);
INSERT INTO t_vat_revenue (vtr_id, drv_id, vat_id, vtr_amount, vtr_value) VALUES (2241, 1121, 1, 0, 0);
INSERT INTO t_vat_revenue (vtr_id, drv_id, vat_id, vtr_amount, vtr_value) VALUES (2242, 1121, 2, 21.0, 1.0947868);
INSERT INTO t_day_revenue (drv_id, drv_revenue_date, drv_print_date, drv_closing_date, drv_cash, drv_ticket, drv_cheque, drv_card, drv_unpaid, drv_amount, drv_takeaway) VALUES (1122, TO_DATE('18/01/2004', 'dd/MM/yyyy'), TO_DATE('22/01/2004', 'dd/MM/yyyy'), TO_DATE('22/01/2004', 'dd/MM/yyyy'), 18.0, 13.5, 275.0, 901.5, 0.0, 1208.0, false);
INSERT INTO t_vat_revenue (vtr_id, drv_id, vat_id, vtr_amount, vtr_value) VALUES (2243, 1122, 1, 1208.0, 197.96657);
INSERT INTO t_vat_revenue (vtr_id, drv_id, vat_id, vtr_amount, vtr_value) VALUES (2244, 1122, 2, 0, 0);
INSERT INTO t_day_revenue (drv_id, drv_revenue_date, drv_print_date, drv_closing_date, drv_cash, drv_ticket, drv_cheque, drv_card, drv_unpaid, drv_amount, drv_takeaway) VALUES (1123, TO_DATE('19/01/2004', 'dd/MM/yyyy'), TO_DATE('22/01/2004', 'dd/MM/yyyy'), TO_DATE('22/01/2004', 'dd/MM/yyyy'), 16.0, 0.0, 0.0, 36.0, 0.0, 52.0, true);
INSERT INTO t_vat_revenue (vtr_id, drv_id, vat_id, vtr_amount, vtr_value) VALUES (2245, 1123, 1, 0, 0);
INSERT INTO t_vat_revenue (vtr_id, drv_id, vat_id, vtr_amount, vtr_value) VALUES (2246, 1123, 2, 52.0, 2.7109005);
INSERT INTO t_day_revenue (drv_id, drv_revenue_date, drv_print_date, drv_closing_date, drv_cash, drv_ticket, drv_cheque, drv_card, drv_unpaid, drv_amount, drv_takeaway) VALUES (1124, TO_DATE('19/01/2004', 'dd/MM/yyyy'), TO_DATE('22/01/2004', 'dd/MM/yyyy'), TO_DATE('22/01/2004', 'dd/MM/yyyy'), -3.0, 0.0, 100.0, 219.5, 0.0, 316.5, false);
INSERT INTO t_vat_revenue (vtr_id, drv_id, vat_id, vtr_amount, vtr_value) VALUES (2247, 1124, 1, 316.5, 51.867893);
INSERT INTO t_vat_revenue (vtr_id, drv_id, vat_id, vtr_amount, vtr_value) VALUES (2248, 1124, 2, 0, 0);
INSERT INTO t_day_revenue (drv_id, drv_revenue_date, drv_print_date, drv_closing_date, drv_cash, drv_ticket, drv_cheque, drv_card, drv_unpaid, drv_amount, drv_takeaway) VALUES (1125, TO_DATE('20/01/2004', 'dd/MM/yyyy'), TO_DATE('22/01/2004', 'dd/MM/yyyy'), TO_DATE('22/01/2004', 'dd/MM/yyyy'), 24.5, 0.0, 0.0, 19.5, 0.0, 44.0, true);
INSERT INTO t_vat_revenue (vtr_id, drv_id, vat_id, vtr_amount, vtr_value) VALUES (2249, 1125, 1, 0, 0);
INSERT INTO t_vat_revenue (vtr_id, drv_id, vat_id, vtr_amount, vtr_value) VALUES (2250, 1125, 2, 44.0, 2.293839);
INSERT INTO t_day_revenue (drv_id, drv_revenue_date, drv_print_date, drv_closing_date, drv_cash, drv_ticket, drv_cheque, drv_card, drv_unpaid, drv_amount, drv_takeaway) VALUES (1126, TO_DATE('20/01/2004', 'dd/MM/yyyy'), TO_DATE('22/01/2004', 'dd/MM/yyyy'), TO_DATE('22/01/2004', 'dd/MM/yyyy'), 0.0, 16.0, 115.0, 513.5, 0.0, 644.5, false);
INSERT INTO t_vat_revenue (vtr_id, drv_id, vat_id, vtr_amount, vtr_value) VALUES (2251, 1126, 1, 644.5, 105.62041);
INSERT INTO t_vat_revenue (vtr_id, drv_id, vat_id, vtr_amount, vtr_value) VALUES (2252, 1126, 2, 0, 0);
INSERT INTO t_day_revenue (drv_id, drv_revenue_date, drv_print_date, drv_closing_date, drv_cash, drv_ticket, drv_cheque, drv_card, drv_unpaid, drv_amount, drv_takeaway) VALUES (1127, TO_DATE('21/01/2004', 'dd/MM/yyyy'), TO_DATE('22/01/2004', 'dd/MM/yyyy'), TO_DATE('22/01/2004', 'dd/MM/yyyy'), 0.0, 0.0, 54.0, 68.0, 0.0, 122.0, true);
INSERT INTO t_vat_revenue (vtr_id, drv_id, vat_id, vtr_amount, vtr_value) VALUES (2253, 1127, 1, 0, 0);
INSERT INTO t_vat_revenue (vtr_id, drv_id, vat_id, vtr_amount, vtr_value) VALUES (2254, 1127, 2, 122.0, 6.3601894);
INSERT INTO t_day_revenue (drv_id, drv_revenue_date, drv_print_date, drv_closing_date, drv_cash, drv_ticket, drv_cheque, drv_card, drv_unpaid, drv_amount, drv_takeaway) VALUES (1128, TO_DATE('21/01/2004', 'dd/MM/yyyy'), TO_DATE('22/01/2004', 'dd/MM/yyyy'), TO_DATE('22/01/2004', 'dd/MM/yyyy'), 10.3, 25.2, 165.5, 525.5, 0.0, 726.5, false);
INSERT INTO t_vat_revenue (vtr_id, drv_id, vat_id, vtr_amount, vtr_value) VALUES (2255, 1128, 1, 726.5, 119.05853);
INSERT INTO t_vat_revenue (vtr_id, drv_id, vat_id, vtr_amount, vtr_value) VALUES (2256, 1128, 2, 0, 0);
INSERT INTO t_day_revenue (drv_id, drv_revenue_date, drv_print_date, drv_closing_date, drv_cash, drv_ticket, drv_cheque, drv_card, drv_unpaid, drv_amount, drv_takeaway) VALUES (1129, TO_DATE('22/01/2004', 'dd/MM/yyyy'), TO_DATE('23/01/2004', 'dd/MM/yyyy'), TO_DATE('23/01/2004', 'dd/MM/yyyy'), 0.0, 0.0, 0.0, 43.0, 0.0, 43.0, true);
INSERT INTO t_vat_revenue (vtr_id, drv_id, vat_id, vtr_amount, vtr_value) VALUES (2257, 1129, 1, 0, 0);
INSERT INTO t_vat_revenue (vtr_id, drv_id, vat_id, vtr_amount, vtr_value) VALUES (2258, 1129, 2, 43.0, 2.2417061);
INSERT INTO t_day_revenue (drv_id, drv_revenue_date, drv_print_date, drv_closing_date, drv_cash, drv_ticket, drv_cheque, drv_card, drv_unpaid, drv_amount, drv_takeaway) VALUES (1130, TO_DATE('22/01/2004', 'dd/MM/yyyy'), TO_DATE('23/01/2004', 'dd/MM/yyyy'), TO_DATE('23/01/2004', 'dd/MM/yyyy'), 27.0, 26.5, 315.5, 850.0, 0.0, 1219.0, false);
INSERT INTO t_vat_revenue (vtr_id, drv_id, vat_id, vtr_amount, vtr_value) VALUES (2259, 1130, 1, 1219.0, 199.76924);
INSERT INTO t_vat_revenue (vtr_id, drv_id, vat_id, vtr_amount, vtr_value) VALUES (2260, 1130, 2, 0, 0);
INSERT INTO t_day_revenue (drv_id, drv_revenue_date, drv_print_date, drv_closing_date, drv_cash, drv_ticket, drv_cheque, drv_card, drv_unpaid, drv_amount, drv_takeaway) VALUES (1131, TO_DATE('23/01/2004', 'dd/MM/yyyy'), TO_DATE('27/01/2004', 'dd/MM/yyyy'), TO_DATE('27/01/2004', 'dd/MM/yyyy'), 0.0, 0.0, 0.0, 69.5, 0.0, 69.5, true);
INSERT INTO t_vat_revenue (vtr_id, drv_id, vat_id, vtr_amount, vtr_value) VALUES (2261, 1131, 1, 0, 0);
INSERT INTO t_vat_revenue (vtr_id, drv_id, vat_id, vtr_amount, vtr_value) VALUES (2262, 1131, 2, 69.5, 3.6232228);
INSERT INTO t_day_revenue (drv_id, drv_revenue_date, drv_print_date, drv_closing_date, drv_cash, drv_ticket, drv_cheque, drv_card, drv_unpaid, drv_amount, drv_takeaway) VALUES (1132, TO_DATE('23/01/2004', 'dd/MM/yyyy'), TO_DATE('27/01/2004', 'dd/MM/yyyy'), TO_DATE('27/01/2004', 'dd/MM/yyyy'), 68.3, 64.9, 217.0, 1346.8, 0.0, 1697.0, false);
INSERT INTO t_vat_revenue (vtr_id, drv_id, vat_id, vtr_amount, vtr_value) VALUES (2263, 1132, 1, 1697.0, 278.10367);
INSERT INTO t_vat_revenue (vtr_id, drv_id, vat_id, vtr_amount, vtr_value) VALUES (2264, 1132, 2, 0, 0);
INSERT INTO t_day_revenue (drv_id, drv_revenue_date, drv_print_date, drv_closing_date, drv_cash, drv_ticket, drv_cheque, drv_card, drv_unpaid, drv_amount, drv_takeaway) VALUES (1133, TO_DATE('24/01/2004', 'dd/MM/yyyy'), TO_DATE('27/01/2004', 'dd/MM/yyyy'), TO_DATE('27/01/2004', 'dd/MM/yyyy'), 0.0, 0.0, 0.0, 0.0, 0.0, 0.0, true);
INSERT INTO t_vat_revenue (vtr_id, drv_id, vat_id, vtr_amount, vtr_value) VALUES (2265, 1133, 1, 0, 0);
INSERT INTO t_vat_revenue (vtr_id, drv_id, vat_id, vtr_amount, vtr_value) VALUES (2266, 1133, 2, 0.0, 0.0);
INSERT INTO t_day_revenue (drv_id, drv_revenue_date, drv_print_date, drv_closing_date, drv_cash, drv_ticket, drv_cheque, drv_card, drv_unpaid, drv_amount, drv_takeaway) VALUES (1134, TO_DATE('24/01/2004', 'dd/MM/yyyy'), TO_DATE('27/01/2004', 'dd/MM/yyyy'), TO_DATE('27/01/2004', 'dd/MM/yyyy'), 9.4, 16.1, 462.0, 1771.5, 0.0, 2259.0, false);
INSERT INTO t_vat_revenue (vtr_id, drv_id, vat_id, vtr_amount, vtr_value) VALUES (2267, 1134, 1, 2259.0, 370.20404);
INSERT INTO t_vat_revenue (vtr_id, drv_id, vat_id, vtr_amount, vtr_value) VALUES (2268, 1134, 2, 0, 0);
INSERT INTO t_day_revenue (drv_id, drv_revenue_date, drv_print_date, drv_closing_date, drv_cash, drv_ticket, drv_cheque, drv_card, drv_unpaid, drv_amount, drv_takeaway) VALUES (1135, TO_DATE('25/01/2004', 'dd/MM/yyyy'), TO_DATE('27/01/2004', 'dd/MM/yyyy'), TO_DATE('27/01/2004', 'dd/MM/yyyy'), 0.0, 0.0, 19.5, 0.0, 0.0, 19.5, true);
INSERT INTO t_vat_revenue (vtr_id, drv_id, vat_id, vtr_amount, vtr_value) VALUES (2269, 1135, 1, 0, 0);
INSERT INTO t_vat_revenue (vtr_id, drv_id, vat_id, vtr_amount, vtr_value) VALUES (2270, 1135, 2, 19.5, 1.0165877);
INSERT INTO t_day_revenue (drv_id, drv_revenue_date, drv_print_date, drv_closing_date, drv_cash, drv_ticket, drv_cheque, drv_card, drv_unpaid, drv_amount, drv_takeaway) VALUES (1136, TO_DATE('25/01/2004', 'dd/MM/yyyy'), TO_DATE('27/01/2004', 'dd/MM/yyyy'), TO_DATE('27/01/2004', 'dd/MM/yyyy'), 15.9, 42.96, 201.5, 910.64, 0.0, 1171.0, false);
INSERT INTO t_vat_revenue (vtr_id, drv_id, vat_id, vtr_amount, vtr_value) VALUES (2271, 1136, 1, 1171.0, 191.90302);
INSERT INTO t_vat_revenue (vtr_id, drv_id, vat_id, vtr_amount, vtr_value) VALUES (2272, 1136, 2, 0, 0);
INSERT INTO t_day_revenue (drv_id, drv_revenue_date, drv_print_date, drv_closing_date, drv_cash, drv_ticket, drv_cheque, drv_card, drv_unpaid, drv_amount, drv_takeaway) VALUES (1137, TO_DATE('26/01/2004', 'dd/MM/yyyy'), TO_DATE('27/01/2004', 'dd/MM/yyyy'), TO_DATE('27/01/2004', 'dd/MM/yyyy'), 17.0, 0.0, 0.0, 16.5, 0.0, 33.5, true);
INSERT INTO t_vat_revenue (vtr_id, drv_id, vat_id, vtr_amount, vtr_value) VALUES (2273, 1137, 1, 0, 0);
INSERT INTO t_vat_revenue (vtr_id, drv_id, vat_id, vtr_amount, vtr_value) VALUES (2274, 1137, 2, 33.5, 1.7464455);
INSERT INTO t_day_revenue (drv_id, drv_revenue_date, drv_print_date, drv_closing_date, drv_cash, drv_ticket, drv_cheque, drv_card, drv_unpaid, drv_amount, drv_takeaway) VALUES (1138, TO_DATE('26/01/2004', 'dd/MM/yyyy'), TO_DATE('27/01/2004', 'dd/MM/yyyy'), TO_DATE('27/01/2004', 'dd/MM/yyyy'), 36.0, 0.0, 110.0, 480.0, 0.0, 626.0, false);
INSERT INTO t_vat_revenue (vtr_id, drv_id, vat_id, vtr_amount, vtr_value) VALUES (2275, 1138, 1, 626.0, 102.58864);
INSERT INTO t_vat_revenue (vtr_id, drv_id, vat_id, vtr_amount, vtr_value) VALUES (2276, 1138, 2, 0, 0);
INSERT INTO t_day_revenue (drv_id, drv_revenue_date, drv_print_date, drv_closing_date, drv_cash, drv_ticket, drv_cheque, drv_card, drv_unpaid, drv_amount, drv_takeaway) VALUES (1139, TO_DATE('27/01/2004', 'dd/MM/yyyy'), TO_DATE('28/01/2004', 'dd/MM/yyyy'), TO_DATE('28/01/2004', 'dd/MM/yyyy'), 0.0, 0.0, 44.5, 0.0, 0.0, 44.5, true);
INSERT INTO t_vat_revenue (vtr_id, drv_id, vat_id, vtr_amount, vtr_value) VALUES (2277, 1139, 1, 0, 0);
INSERT INTO t_vat_revenue (vtr_id, drv_id, vat_id, vtr_amount, vtr_value) VALUES (2278, 1139, 2, 44.5, 2.3199053);
INSERT INTO t_day_revenue (drv_id, drv_revenue_date, drv_print_date, drv_closing_date, drv_cash, drv_ticket, drv_cheque, drv_card, drv_unpaid, drv_amount, drv_takeaway) VALUES (1140, TO_DATE('27/01/2004', 'dd/MM/yyyy'), TO_DATE('28/01/2004', 'dd/MM/yyyy'), TO_DATE('28/01/2004', 'dd/MM/yyyy'), 25.0, 0.0, 193.5, 312.5, 0.0, 531.0, false);
INSERT INTO t_vat_revenue (vtr_id, drv_id, vat_id, vtr_amount, vtr_value) VALUES (2279, 1140, 1, 531.0, 87.02007);
INSERT INTO t_vat_revenue (vtr_id, drv_id, vat_id, vtr_amount, vtr_value) VALUES (2280, 1140, 2, 0, 0);
INSERT INTO t_day_revenue (drv_id, drv_revenue_date, drv_print_date, drv_closing_date, drv_cash, drv_ticket, drv_cheque, drv_card, drv_unpaid, drv_amount, drv_takeaway) VALUES (1141, TO_DATE('28/01/2004', 'dd/MM/yyyy'), TO_DATE('29/01/2004', 'dd/MM/yyyy'), TO_DATE('29/01/2004', 'dd/MM/yyyy'), 0.0, 0.0, 0.0, 48.0, 0.0, 48.0, true);
INSERT INTO t_vat_revenue (vtr_id, drv_id, vat_id, vtr_amount, vtr_value) VALUES (2281, 1141, 1, 0, 0);
INSERT INTO t_vat_revenue (vtr_id, drv_id, vat_id, vtr_amount, vtr_value) VALUES (2282, 1141, 2, 48.0, 2.5023696);
INSERT INTO t_day_revenue (drv_id, drv_revenue_date, drv_print_date, drv_closing_date, drv_cash, drv_ticket, drv_cheque, drv_card, drv_unpaid, drv_amount, drv_takeaway) VALUES (1142, TO_DATE('28/01/2004', 'dd/MM/yyyy'), TO_DATE('29/01/2004', 'dd/MM/yyyy'), TO_DATE('29/01/2004', 'dd/MM/yyyy'), 7.0, 0.0, 43.5, 412.5, 0.0, 463.0, false);
INSERT INTO t_vat_revenue (vtr_id, drv_id, vat_id, vtr_amount, vtr_value) VALUES (2283, 1142, 1, 463.0, 75.87625);
INSERT INTO t_vat_revenue (vtr_id, drv_id, vat_id, vtr_amount, vtr_value) VALUES (2284, 1142, 2, 0, 0);
INSERT INTO t_day_revenue (drv_id, drv_revenue_date, drv_print_date, drv_closing_date, drv_cash, drv_ticket, drv_cheque, drv_card, drv_unpaid, drv_amount, drv_takeaway) VALUES (1143, TO_DATE('29/01/2004', 'dd/MM/yyyy'), TO_DATE('02/02/2004', 'dd/MM/yyyy'), TO_DATE('02/02/2004', 'dd/MM/yyyy'), 0.0, 0.0, 41.0, 94.5, 0.0, 135.5, true);
INSERT INTO t_vat_revenue (vtr_id, drv_id, vat_id, vtr_amount, vtr_value) VALUES (2285, 1143, 1, 0, 0);
INSERT INTO t_vat_revenue (vtr_id, drv_id, vat_id, vtr_amount, vtr_value) VALUES (2286, 1143, 2, 135.5, 7.063981);
INSERT INTO t_day_revenue (drv_id, drv_revenue_date, drv_print_date, drv_closing_date, drv_cash, drv_ticket, drv_cheque, drv_card, drv_unpaid, drv_amount, drv_takeaway) VALUES (1144, TO_DATE('29/01/2004', 'dd/MM/yyyy'), TO_DATE('02/02/2004', 'dd/MM/yyyy'), TO_DATE('02/02/2004', 'dd/MM/yyyy'), 15.5, 0.0, 176.5, 710.5, 0.0, 902.5, false);
INSERT INTO t_vat_revenue (vtr_id, drv_id, vat_id, vtr_amount, vtr_value) VALUES (2287, 1144, 1, 902.5, 147.90134);
INSERT INTO t_vat_revenue (vtr_id, drv_id, vat_id, vtr_amount, vtr_value) VALUES (2288, 1144, 2, 0, 0);
INSERT INTO t_day_revenue (drv_id, drv_revenue_date, drv_print_date, drv_closing_date, drv_cash, drv_ticket, drv_cheque, drv_card, drv_unpaid, drv_amount, drv_takeaway) VALUES (1145, TO_DATE('30/01/2004', 'dd/MM/yyyy'), TO_DATE('02/02/2004', 'dd/MM/yyyy'), TO_DATE('02/02/2004', 'dd/MM/yyyy'), 0.0, 0.0, 62.0, 27.0, 0.0, 89.0, true);
INSERT INTO t_vat_revenue (vtr_id, drv_id, vat_id, vtr_amount, vtr_value) VALUES (2289, 1145, 1, 0, 0);
INSERT INTO t_vat_revenue (vtr_id, drv_id, vat_id, vtr_amount, vtr_value) VALUES (2290, 1145, 2, 89.0, 4.6398106);
INSERT INTO t_day_revenue (drv_id, drv_revenue_date, drv_print_date, drv_closing_date, drv_cash, drv_ticket, drv_cheque, drv_card, drv_unpaid, drv_amount, drv_takeaway) VALUES (1146, TO_DATE('30/01/2004', 'dd/MM/yyyy'), TO_DATE('02/02/2004', 'dd/MM/yyyy'), TO_DATE('02/02/2004', 'dd/MM/yyyy'), 87.5, 11.6, 369.9, 1570.75, 0.0, 2039.75, false);
INSERT INTO t_vat_revenue (vtr_id, drv_id, vat_id, vtr_amount, vtr_value) VALUES (2291, 1146, 1, 2039.75, 334.27344);
INSERT INTO t_vat_revenue (vtr_id, drv_id, vat_id, vtr_amount, vtr_value) VALUES (2292, 1146, 2, 0, 0);
INSERT INTO t_day_revenue (drv_id, drv_revenue_date, drv_print_date, drv_closing_date, drv_cash, drv_ticket, drv_cheque, drv_card, drv_unpaid, drv_amount, drv_takeaway) VALUES (1147, TO_DATE('31/01/2004', 'dd/MM/yyyy'), TO_DATE('02/02/2004', 'dd/MM/yyyy'), TO_DATE('02/02/2004', 'dd/MM/yyyy'), 0.0, 0.0, 0.0, 107.5, 0.0, 107.5, true);
INSERT INTO t_vat_revenue (vtr_id, drv_id, vat_id, vtr_amount, vtr_value) VALUES (2293, 1147, 1, 0, 0);
INSERT INTO t_vat_revenue (vtr_id, drv_id, vat_id, vtr_amount, vtr_value) VALUES (2294, 1147, 2, 107.5, 5.604265);
INSERT INTO t_day_revenue (drv_id, drv_revenue_date, drv_print_date, drv_closing_date, drv_cash, drv_ticket, drv_cheque, drv_card, drv_unpaid, drv_amount, drv_takeaway) VALUES (1148, TO_DATE('31/01/2004', 'dd/MM/yyyy'), TO_DATE('02/02/2004', 'dd/MM/yyyy'), TO_DATE('02/02/2004', 'dd/MM/yyyy'), 7.5, 27.0, 278.0, 750.0, 0.0, 1062.5, false);
INSERT INTO t_vat_revenue (vtr_id, drv_id, vat_id, vtr_amount, vtr_value) VALUES (2295, 1148, 1, 1062.5, 174.12207);
INSERT INTO t_vat_revenue (vtr_id, drv_id, vat_id, vtr_amount, vtr_value) VALUES (2296, 1148, 2, 0, 0);
INSERT INTO t_day_revenue (drv_id, drv_revenue_date, drv_print_date, drv_closing_date, drv_cash, drv_ticket, drv_cheque, drv_card, drv_unpaid, drv_amount, drv_takeaway) VALUES (1149, TO_DATE('01/02/2004', 'dd/MM/yyyy'), TO_DATE('02/02/2004', 'dd/MM/yyyy'), TO_DATE('02/02/2004', 'dd/MM/yyyy'), 0.0, 0.0, 0.0, 54.5, 0.0, 54.5, true);
INSERT INTO t_vat_revenue (vtr_id, drv_id, vat_id, vtr_amount, vtr_value) VALUES (2297, 1149, 1, 0, 0);
INSERT INTO t_vat_revenue (vtr_id, drv_id, vat_id, vtr_amount, vtr_value) VALUES (2298, 1149, 2, 54.5, 2.8412323);
INSERT INTO t_day_revenue (drv_id, drv_revenue_date, drv_print_date, drv_closing_date, drv_cash, drv_ticket, drv_cheque, drv_card, drv_unpaid, drv_amount, drv_takeaway) VALUES (1150, TO_DATE('01/02/2004', 'dd/MM/yyyy'), TO_DATE('02/02/2004', 'dd/MM/yyyy'), TO_DATE('02/02/2004', 'dd/MM/yyyy'), 10.0, 16.0, 268.5, 524.5, 0.0, 819.0, false);
INSERT INTO t_vat_revenue (vtr_id, drv_id, vat_id, vtr_amount, vtr_value) VALUES (2299, 1150, 1, 819.0, 134.21739);
INSERT INTO t_vat_revenue (vtr_id, drv_id, vat_id, vtr_amount, vtr_value) VALUES (2300, 1150, 2, 0, 0);
INSERT INTO t_day_revenue (drv_id, drv_revenue_date, drv_print_date, drv_closing_date, drv_cash, drv_ticket, drv_cheque, drv_card, drv_unpaid, drv_amount, drv_takeaway) VALUES (1151, TO_DATE('02/02/2004', 'dd/MM/yyyy'), TO_DATE('03/02/2004', 'dd/MM/yyyy'), TO_DATE('03/02/2004', 'dd/MM/yyyy'), 28.5, 0.0, 31.0, 50.0, 0.0, 109.5, true);
INSERT INTO t_vat_revenue (vtr_id, drv_id, vat_id, vtr_amount, vtr_value) VALUES (2301, 1151, 1, 0, 0);
INSERT INTO t_vat_revenue (vtr_id, drv_id, vat_id, vtr_amount, vtr_value) VALUES (2302, 1151, 2, 109.5, 5.708531);
INSERT INTO t_day_revenue (drv_id, drv_revenue_date, drv_print_date, drv_closing_date, drv_cash, drv_ticket, drv_cheque, drv_card, drv_unpaid, drv_amount, drv_takeaway) VALUES (1152, TO_DATE('02/02/2004', 'dd/MM/yyyy'), TO_DATE('03/02/2004', 'dd/MM/yyyy'), TO_DATE('03/02/2004', 'dd/MM/yyyy'), 0.0, 27.5, 109.5, 318.5, 0.0, 455.5, false);
INSERT INTO t_vat_revenue (vtr_id, drv_id, vat_id, vtr_amount, vtr_value) VALUES (2303, 1152, 1, 455.5, 74.647156);
INSERT INTO t_vat_revenue (vtr_id, drv_id, vat_id, vtr_amount, vtr_value) VALUES (2304, 1152, 2, 0, 0);
INSERT INTO t_day_revenue (drv_id, drv_revenue_date, drv_print_date, drv_closing_date, drv_cash, drv_ticket, drv_cheque, drv_card, drv_unpaid, drv_amount, drv_takeaway) VALUES (1153, TO_DATE('03/02/2004', 'dd/MM/yyyy'), TO_DATE('06/02/2004', 'dd/MM/yyyy'), TO_DATE('06/02/2004', 'dd/MM/yyyy'), 0.0, 0.0, 0.0, 0.0, 0.0, 0.0, true);
INSERT INTO t_vat_revenue (vtr_id, drv_id, vat_id, vtr_amount, vtr_value) VALUES (2305, 1153, 1, 0, 0);
INSERT INTO t_vat_revenue (vtr_id, drv_id, vat_id, vtr_amount, vtr_value) VALUES (2306, 1153, 2, 0.0, 0.0);
INSERT INTO t_day_revenue (drv_id, drv_revenue_date, drv_print_date, drv_closing_date, drv_cash, drv_ticket, drv_cheque, drv_card, drv_unpaid, drv_amount, drv_takeaway) VALUES (1154, TO_DATE('03/02/2004', 'dd/MM/yyyy'), TO_DATE('06/02/2004', 'dd/MM/yyyy'), TO_DATE('06/02/2004', 'dd/MM/yyyy'), -1.5, 36.5, 62.0, 346.5, 0.0, 443.5, false);
INSERT INTO t_vat_revenue (vtr_id, drv_id, vat_id, vtr_amount, vtr_value) VALUES (2307, 1154, 1, 443.5, 72.68061);
INSERT INTO t_vat_revenue (vtr_id, drv_id, vat_id, vtr_amount, vtr_value) VALUES (2308, 1154, 2, 0, 0);
INSERT INTO t_day_revenue (drv_id, drv_revenue_date, drv_print_date, drv_closing_date, drv_cash, drv_ticket, drv_cheque, drv_card, drv_unpaid, drv_amount, drv_takeaway) VALUES (1155, TO_DATE('04/02/2004', 'dd/MM/yyyy'), TO_DATE('06/02/2004', 'dd/MM/yyyy'), TO_DATE('06/02/2004', 'dd/MM/yyyy'), 0.0, 0.0, 0.0, 139.0, 0.0, 139.0, true);
INSERT INTO t_vat_revenue (vtr_id, drv_id, vat_id, vtr_amount, vtr_value) VALUES (2309, 1155, 1, 0, 0);
INSERT INTO t_vat_revenue (vtr_id, drv_id, vat_id, vtr_amount, vtr_value) VALUES (2310, 1155, 2, 139.0, 7.2464457);
INSERT INTO t_day_revenue (drv_id, drv_revenue_date, drv_print_date, drv_closing_date, drv_cash, drv_ticket, drv_cheque, drv_card, drv_unpaid, drv_amount, drv_takeaway) VALUES (1156, TO_DATE('04/02/2004', 'dd/MM/yyyy'), TO_DATE('06/02/2004', 'dd/MM/yyyy'), TO_DATE('06/02/2004', 'dd/MM/yyyy'), 10.5, 10.98, 267.5, 356.02, 0.0, 645.0, false);
INSERT INTO t_vat_revenue (vtr_id, drv_id, vat_id, vtr_amount, vtr_value) VALUES (2311, 1156, 1, 645.0, 105.70234);
INSERT INTO t_vat_revenue (vtr_id, drv_id, vat_id, vtr_amount, vtr_value) VALUES (2312, 1156, 2, 0, 0);
INSERT INTO t_day_revenue (drv_id, drv_revenue_date, drv_print_date, drv_closing_date, drv_cash, drv_ticket, drv_cheque, drv_card, drv_unpaid, drv_amount, drv_takeaway) VALUES (1157, TO_DATE('05/02/2004', 'dd/MM/yyyy'), TO_DATE('06/02/2004', 'dd/MM/yyyy'), TO_DATE('06/02/2004', 'dd/MM/yyyy'), 0.0, 0.0, 31.0, 63.5, 0.0, 94.5, true);
INSERT INTO t_vat_revenue (vtr_id, drv_id, vat_id, vtr_amount, vtr_value) VALUES (2313, 1157, 1, 0, 0);
INSERT INTO t_vat_revenue (vtr_id, drv_id, vat_id, vtr_amount, vtr_value) VALUES (2314, 1157, 2, 94.5, 4.9265404);
INSERT INTO t_day_revenue (drv_id, drv_revenue_date, drv_print_date, drv_closing_date, drv_cash, drv_ticket, drv_cheque, drv_card, drv_unpaid, drv_amount, drv_takeaway) VALUES (1158, TO_DATE('05/02/2004', 'dd/MM/yyyy'), TO_DATE('06/02/2004', 'dd/MM/yyyy'), TO_DATE('06/02/2004', 'dd/MM/yyyy'), 0.0, 20.0, 123.0, 585.0, 0.0, 728.0, false);
INSERT INTO t_vat_revenue (vtr_id, drv_id, vat_id, vtr_amount, vtr_value) VALUES (2315, 1158, 1, 728.0, 119.304344);
INSERT INTO t_vat_revenue (vtr_id, drv_id, vat_id, vtr_amount, vtr_value) VALUES (2316, 1158, 2, 0, 0);
INSERT INTO t_day_revenue (drv_id, drv_revenue_date, drv_print_date, drv_closing_date, drv_cash, drv_ticket, drv_cheque, drv_card, drv_unpaid, drv_amount, drv_takeaway) VALUES (1159, TO_DATE('06/02/2004', 'dd/MM/yyyy'), TO_DATE('11/02/2004', 'dd/MM/yyyy'), TO_DATE('11/02/2004', 'dd/MM/yyyy'), 0.0, 0.0, 0.0, 236.0, 0.0, 236.0, true);
INSERT INTO t_vat_revenue (vtr_id, drv_id, vat_id, vtr_amount, vtr_value) VALUES (2317, 1159, 1, 0, 0);
INSERT INTO t_vat_revenue (vtr_id, drv_id, vat_id, vtr_amount, vtr_value) VALUES (2318, 1159, 2, 236.0, 12.303317);
INSERT INTO t_day_revenue (drv_id, drv_revenue_date, drv_print_date, drv_closing_date, drv_cash, drv_ticket, drv_cheque, drv_card, drv_unpaid, drv_amount, drv_takeaway) VALUES (1160, TO_DATE('06/02/2004', 'dd/MM/yyyy'), TO_DATE('11/02/2004', 'dd/MM/yyyy'), TO_DATE('11/02/2004', 'dd/MM/yyyy'), 15.8, 26.2, 243.5, 1158.5, 0.0, 1444.0, false);
INSERT INTO t_vat_revenue (vtr_id, drv_id, vat_id, vtr_amount, vtr_value) VALUES (2319, 1160, 1, 1444.0, 236.64215);
INSERT INTO t_vat_revenue (vtr_id, drv_id, vat_id, vtr_amount, vtr_value) VALUES (2320, 1160, 2, 0, 0);
INSERT INTO t_day_revenue (drv_id, drv_revenue_date, drv_print_date, drv_closing_date, drv_cash, drv_ticket, drv_cheque, drv_card, drv_unpaid, drv_amount, drv_takeaway) VALUES (1161, TO_DATE('07/02/2004', 'dd/MM/yyyy'), TO_DATE('11/02/2004', 'dd/MM/yyyy'), TO_DATE('11/02/2004', 'dd/MM/yyyy'), 0.0, 6.86, 0.0, 82.14, 0.0, 89.0, true);
INSERT INTO t_vat_revenue (vtr_id, drv_id, vat_id, vtr_amount, vtr_value) VALUES (2321, 1161, 1, 0, 0);
INSERT INTO t_vat_revenue (vtr_id, drv_id, vat_id, vtr_amount, vtr_value) VALUES (2322, 1161, 2, 89.0, 4.6398106);
INSERT INTO t_day_revenue (drv_id, drv_revenue_date, drv_print_date, drv_closing_date, drv_cash, drv_ticket, drv_cheque, drv_card, drv_unpaid, drv_amount, drv_takeaway) VALUES (1162, TO_DATE('07/02/2004', 'dd/MM/yyyy'), TO_DATE('11/02/2004', 'dd/MM/yyyy'), TO_DATE('11/02/2004', 'dd/MM/yyyy'), 67.0, 7.17, 662.33, 1072.0, 0.0, 1808.5, false);
INSERT INTO t_vat_revenue (vtr_id, drv_id, vat_id, vtr_amount, vtr_value) VALUES (2323, 1162, 1, 1808.5, 296.37628);
INSERT INTO t_vat_revenue (vtr_id, drv_id, vat_id, vtr_amount, vtr_value) VALUES (2324, 1162, 2, 0, 0);
INSERT INTO t_day_revenue (drv_id, drv_revenue_date, drv_print_date, drv_closing_date, drv_cash, drv_ticket, drv_cheque, drv_card, drv_unpaid, drv_amount, drv_takeaway) VALUES (1163, TO_DATE('08/02/2004', 'dd/MM/yyyy'), TO_DATE('11/02/2004', 'dd/MM/yyyy'), TO_DATE('11/02/2004', 'dd/MM/yyyy'), 0.0, 0.0, 0.0, 41.0, 0.0, 41.0, true);
INSERT INTO t_vat_revenue (vtr_id, drv_id, vat_id, vtr_amount, vtr_value) VALUES (2325, 1163, 1, 0, 0);
INSERT INTO t_vat_revenue (vtr_id, drv_id, vat_id, vtr_amount, vtr_value) VALUES (2326, 1163, 2, 41.0, 2.1374407);
INSERT INTO t_day_revenue (drv_id, drv_revenue_date, drv_print_date, drv_closing_date, drv_cash, drv_ticket, drv_cheque, drv_card, drv_unpaid, drv_amount, drv_takeaway) VALUES (1164, TO_DATE('08/02/2004', 'dd/MM/yyyy'), TO_DATE('11/02/2004', 'dd/MM/yyyy'), TO_DATE('11/02/2004', 'dd/MM/yyyy'), 0.0, 0.0, 281.0, 421.5, 0.0, 702.5, false);
INSERT INTO t_vat_revenue (vtr_id, drv_id, vat_id, vtr_amount, vtr_value) VALUES (2327, 1164, 1, 702.5, 115.12542);
INSERT INTO t_vat_revenue (vtr_id, drv_id, vat_id, vtr_amount, vtr_value) VALUES (2328, 1164, 2, 0, 0);
INSERT INTO t_day_revenue (drv_id, drv_revenue_date, drv_print_date, drv_closing_date, drv_cash, drv_ticket, drv_cheque, drv_card, drv_unpaid, drv_amount, drv_takeaway) VALUES (1165, TO_DATE('09/02/2004', 'dd/MM/yyyy'), TO_DATE('11/02/2004', 'dd/MM/yyyy'), TO_DATE('11/02/2004', 'dd/MM/yyyy'), 25.0, 0.0, 0.0, 33.0, 0.0, 58.0, true);
INSERT INTO t_vat_revenue (vtr_id, drv_id, vat_id, vtr_amount, vtr_value) VALUES (2329, 1165, 1, 0, 0);
INSERT INTO t_vat_revenue (vtr_id, drv_id, vat_id, vtr_amount, vtr_value) VALUES (2330, 1165, 2, 58.0, 3.0236967);
INSERT INTO t_day_revenue (drv_id, drv_revenue_date, drv_print_date, drv_closing_date, drv_cash, drv_ticket, drv_cheque, drv_card, drv_unpaid, drv_amount, drv_takeaway) VALUES (1166, TO_DATE('09/02/2004', 'dd/MM/yyyy'), TO_DATE('11/02/2004', 'dd/MM/yyyy'), TO_DATE('11/02/2004', 'dd/MM/yyyy'), 0.0, 102.5, 71.0, 229.5, 0.0, 403.0, false);
INSERT INTO t_vat_revenue (vtr_id, drv_id, vat_id, vtr_amount, vtr_value) VALUES (2331, 1166, 1, 403.0, 66.04348);
INSERT INTO t_vat_revenue (vtr_id, drv_id, vat_id, vtr_amount, vtr_value) VALUES (2332, 1166, 2, 0, 0);
INSERT INTO t_day_revenue (drv_id, drv_revenue_date, drv_print_date, drv_closing_date, drv_cash, drv_ticket, drv_cheque, drv_card, drv_unpaid, drv_amount, drv_takeaway) VALUES (1167, TO_DATE('10/02/2004', 'dd/MM/yyyy'), TO_DATE('11/02/2004', 'dd/MM/yyyy'), TO_DATE('11/02/2004', 'dd/MM/yyyy'), 0.0, 0.0, 0.0, 25.0, 0.0, 25.0, true);
INSERT INTO t_vat_revenue (vtr_id, drv_id, vat_id, vtr_amount, vtr_value) VALUES (2333, 1167, 1, 0, 0);
INSERT INTO t_vat_revenue (vtr_id, drv_id, vat_id, vtr_amount, vtr_value) VALUES (2334, 1167, 2, 25.0, 1.3033175);
INSERT INTO t_day_revenue (drv_id, drv_revenue_date, drv_print_date, drv_closing_date, drv_cash, drv_ticket, drv_cheque, drv_card, drv_unpaid, drv_amount, drv_takeaway) VALUES (1168, TO_DATE('10/02/2004', 'dd/MM/yyyy'), TO_DATE('11/02/2004', 'dd/MM/yyyy'), TO_DATE('11/02/2004', 'dd/MM/yyyy'), 15.0, 0.0, 153.5, 366.5, 0.0, 535.0, false);
INSERT INTO t_vat_revenue (vtr_id, drv_id, vat_id, vtr_amount, vtr_value) VALUES (2335, 1168, 1, 535.0, 87.67558);
INSERT INTO t_vat_revenue (vtr_id, drv_id, vat_id, vtr_amount, vtr_value) VALUES (2336, 1168, 2, 0, 0);
INSERT INTO t_day_revenue (drv_id, drv_revenue_date, drv_print_date, drv_closing_date, drv_cash, drv_ticket, drv_cheque, drv_card, drv_unpaid, drv_amount, drv_takeaway) VALUES (1169, TO_DATE('11/02/2004', 'dd/MM/yyyy'), TO_DATE('13/02/2004', 'dd/MM/yyyy'), TO_DATE('13/02/2004', 'dd/MM/yyyy'), 0.0, 0.0, 55.5, 126.5, 0.0, 182.0, true);
INSERT INTO t_vat_revenue (vtr_id, drv_id, vat_id, vtr_amount, vtr_value) VALUES (2337, 1169, 1, 0, 0);
INSERT INTO t_vat_revenue (vtr_id, drv_id, vat_id, vtr_amount, vtr_value) VALUES (2338, 1169, 2, 182.0, 9.488152);
INSERT INTO t_day_revenue (drv_id, drv_revenue_date, drv_print_date, drv_closing_date, drv_cash, drv_ticket, drv_cheque, drv_card, drv_unpaid, drv_amount, drv_takeaway) VALUES (1170, TO_DATE('11/02/2004', 'dd/MM/yyyy'), TO_DATE('13/02/2004', 'dd/MM/yyyy'), TO_DATE('13/02/2004', 'dd/MM/yyyy'), 11.0, 0.0, 114.0, 576.0, 0.0, 701.0, false);
INSERT INTO t_vat_revenue (vtr_id, drv_id, vat_id, vtr_amount, vtr_value) VALUES (2339, 1170, 1, 701.0, 114.87961);
INSERT INTO t_vat_revenue (vtr_id, drv_id, vat_id, vtr_amount, vtr_value) VALUES (2340, 1170, 2, 0, 0);
INSERT INTO t_day_revenue (drv_id, drv_revenue_date, drv_print_date, drv_closing_date, drv_cash, drv_ticket, drv_cheque, drv_card, drv_unpaid, drv_amount, drv_takeaway) VALUES (1171, TO_DATE('12/02/2004', 'dd/MM/yyyy'), TO_DATE('13/02/2004', 'dd/MM/yyyy'), TO_DATE('13/02/2004', 'dd/MM/yyyy'), 0.0, 7.25, 24.25, 53.5, 0.0, 85.0, true);
INSERT INTO t_vat_revenue (vtr_id, drv_id, vat_id, vtr_amount, vtr_value) VALUES (2341, 1171, 1, 0, 0);
INSERT INTO t_vat_revenue (vtr_id, drv_id, vat_id, vtr_amount, vtr_value) VALUES (2342, 1171, 2, 85.0, 4.4312797);
INSERT INTO t_day_revenue (drv_id, drv_revenue_date, drv_print_date, drv_closing_date, drv_cash, drv_ticket, drv_cheque, drv_card, drv_unpaid, drv_amount, drv_takeaway) VALUES (1172, TO_DATE('12/02/2004', 'dd/MM/yyyy'), TO_DATE('13/02/2004', 'dd/MM/yyyy'), TO_DATE('13/02/2004', 'dd/MM/yyyy'), 224.5, 54.19, 338.31, 839.25, 0.0, 1456.25, false);
INSERT INTO t_vat_revenue (vtr_id, drv_id, vat_id, vtr_amount, vtr_value) VALUES (2343, 1172, 1, 1456.25, 238.64967);
INSERT INTO t_vat_revenue (vtr_id, drv_id, vat_id, vtr_amount, vtr_value) VALUES (2344, 1172, 2, 0, 0);
INSERT INTO t_day_revenue (drv_id, drv_revenue_date, drv_print_date, drv_closing_date, drv_cash, drv_ticket, drv_cheque, drv_card, drv_unpaid, drv_amount, drv_takeaway) VALUES (1173, TO_DATE('13/02/2004', 'dd/MM/yyyy'), TO_DATE('17/02/2004', 'dd/MM/yyyy'), TO_DATE('17/02/2004', 'dd/MM/yyyy'), 0.0, 0.0, 43.5, 46.0, 0.0, 89.5, true);
INSERT INTO t_vat_revenue (vtr_id, drv_id, vat_id, vtr_amount, vtr_value) VALUES (2345, 1173, 1, 0, 0);
INSERT INTO t_vat_revenue (vtr_id, drv_id, vat_id, vtr_amount, vtr_value) VALUES (2346, 1173, 2, 89.5, 4.665877);
INSERT INTO t_day_revenue (drv_id, drv_revenue_date, drv_print_date, drv_closing_date, drv_cash, drv_ticket, drv_cheque, drv_card, drv_unpaid, drv_amount, drv_takeaway) VALUES (1174, TO_DATE('13/02/2004', 'dd/MM/yyyy'), TO_DATE('17/02/2004', 'dd/MM/yyyy'), TO_DATE('17/02/2004', 'dd/MM/yyyy'), 10.0, 39.0, 124.0, 1346.0, 0.0, 1519.0, false);
INSERT INTO t_vat_revenue (vtr_id, drv_id, vat_id, vtr_amount, vtr_value) VALUES (2347, 1174, 1, 1519.0, 248.93312);
INSERT INTO t_vat_revenue (vtr_id, drv_id, vat_id, vtr_amount, vtr_value) VALUES (2348, 1174, 2, 0, 0);
INSERT INTO t_day_revenue (drv_id, drv_revenue_date, drv_print_date, drv_closing_date, drv_cash, drv_ticket, drv_cheque, drv_card, drv_unpaid, drv_amount, drv_takeaway) VALUES (1175, TO_DATE('14/02/2004', 'dd/MM/yyyy'), TO_DATE('17/02/2004', 'dd/MM/yyyy'), TO_DATE('17/02/2004', 'dd/MM/yyyy'), 0.0, 0.0, 66.5, 397.5, 0.0, 464.0, true);
INSERT INTO t_vat_revenue (vtr_id, drv_id, vat_id, vtr_amount, vtr_value) VALUES (2349, 1175, 1, 0, 0);
INSERT INTO t_vat_revenue (vtr_id, drv_id, vat_id, vtr_amount, vtr_value) VALUES (2350, 1175, 2, 464.0, 24.189573);
INSERT INTO t_day_revenue (drv_id, drv_revenue_date, drv_print_date, drv_closing_date, drv_cash, drv_ticket, drv_cheque, drv_card, drv_unpaid, drv_amount, drv_takeaway) VALUES (1176, TO_DATE('14/02/2004', 'dd/MM/yyyy'), TO_DATE('17/02/2004', 'dd/MM/yyyy'), TO_DATE('17/02/2004', 'dd/MM/yyyy'), 46.5, 46.5, 811.0, 1477.5, 0.0, 2381.5, false);
INSERT INTO t_vat_revenue (vtr_id, drv_id, vat_id, vtr_amount, vtr_value) VALUES (2351, 1176, 1, 2381.5, 390.2793);
INSERT INTO t_vat_revenue (vtr_id, drv_id, vat_id, vtr_amount, vtr_value) VALUES (2352, 1176, 2, 0, 0);
INSERT INTO t_day_revenue (drv_id, drv_revenue_date, drv_print_date, drv_closing_date, drv_cash, drv_ticket, drv_cheque, drv_card, drv_unpaid, drv_amount, drv_takeaway) VALUES (1177, TO_DATE('15/02/2004', 'dd/MM/yyyy'), TO_DATE('17/02/2004', 'dd/MM/yyyy'), TO_DATE('17/02/2004', 'dd/MM/yyyy'), 0.0, 0.0, 20.0, 70.0, 0.0, 90.0, true);
INSERT INTO t_vat_revenue (vtr_id, drv_id, vat_id, vtr_amount, vtr_value) VALUES (2353, 1177, 1, 0, 0);
INSERT INTO t_vat_revenue (vtr_id, drv_id, vat_id, vtr_amount, vtr_value) VALUES (2354, 1177, 2, 90.0, 4.691943);
INSERT INTO t_day_revenue (drv_id, drv_revenue_date, drv_print_date, drv_closing_date, drv_cash, drv_ticket, drv_cheque, drv_card, drv_unpaid, drv_amount, drv_takeaway) VALUES (1178, TO_DATE('15/02/2004', 'dd/MM/yyyy'), TO_DATE('17/02/2004', 'dd/MM/yyyy'), TO_DATE('17/02/2004', 'dd/MM/yyyy'), 10.99, 7.01, 396.0, 812.0, 0.0, 1226.0, false);
INSERT INTO t_vat_revenue (vtr_id, drv_id, vat_id, vtr_amount, vtr_value) VALUES (2355, 1178, 1, 1226.0, 200.91638);
INSERT INTO t_vat_revenue (vtr_id, drv_id, vat_id, vtr_amount, vtr_value) VALUES (2356, 1178, 2, 0, 0);
INSERT INTO t_day_revenue (drv_id, drv_revenue_date, drv_print_date, drv_closing_date, drv_cash, drv_ticket, drv_cheque, drv_card, drv_unpaid, drv_amount, drv_takeaway) VALUES (1179, TO_DATE('16/02/2004', 'dd/MM/yyyy'), TO_DATE('17/02/2004', 'dd/MM/yyyy'), TO_DATE('17/02/2004', 'dd/MM/yyyy'), 0.0, 0.0, 0.0, 0.0, 0.0, 0.0, true);
INSERT INTO t_vat_revenue (vtr_id, drv_id, vat_id, vtr_amount, vtr_value) VALUES (2357, 1179, 1, 0, 0);
INSERT INTO t_vat_revenue (vtr_id, drv_id, vat_id, vtr_amount, vtr_value) VALUES (2358, 1179, 2, 0.0, 0.0);
INSERT INTO t_day_revenue (drv_id, drv_revenue_date, drv_print_date, drv_closing_date, drv_cash, drv_ticket, drv_cheque, drv_card, drv_unpaid, drv_amount, drv_takeaway) VALUES (1180, TO_DATE('16/02/2004', 'dd/MM/yyyy'), TO_DATE('17/02/2004', 'dd/MM/yyyy'), TO_DATE('17/02/2004', 'dd/MM/yyyy'), 10.5, 12.5, 257.25, 463.75, 0.0, 744.0, false);
INSERT INTO t_vat_revenue (vtr_id, drv_id, vat_id, vtr_amount, vtr_value) VALUES (2359, 1180, 1, 744.0, 121.92643);
INSERT INTO t_vat_revenue (vtr_id, drv_id, vat_id, vtr_amount, vtr_value) VALUES (2360, 1180, 2, 0, 0);
INSERT INTO t_day_revenue (drv_id, drv_revenue_date, drv_print_date, drv_closing_date, drv_cash, drv_ticket, drv_cheque, drv_card, drv_unpaid, drv_amount, drv_takeaway) VALUES (1181, TO_DATE('17/02/2004', 'dd/MM/yyyy'), TO_DATE('18/02/2004', 'dd/MM/yyyy'), TO_DATE('18/02/2004', 'dd/MM/yyyy'), 9.0, 0.0, 0.0, 69.0, 0.0, 78.0, true);
INSERT INTO t_vat_revenue (vtr_id, drv_id, vat_id, vtr_amount, vtr_value) VALUES (2361, 1181, 1, 0, 0);
INSERT INTO t_vat_revenue (vtr_id, drv_id, vat_id, vtr_amount, vtr_value) VALUES (2362, 1181, 2, 78.0, 4.066351);
INSERT INTO t_day_revenue (drv_id, drv_revenue_date, drv_print_date, drv_closing_date, drv_cash, drv_ticket, drv_cheque, drv_card, drv_unpaid, drv_amount, drv_takeaway) VALUES (1182, TO_DATE('17/02/2004', 'dd/MM/yyyy'), TO_DATE('18/02/2004', 'dd/MM/yyyy'), TO_DATE('18/02/2004', 'dd/MM/yyyy'), 106.0, 22.5, 41.0, 582.5, 0.0, 752.0, false);
INSERT INTO t_vat_revenue (vtr_id, drv_id, vat_id, vtr_amount, vtr_value) VALUES (2363, 1182, 1, 752.0, 123.237465);
INSERT INTO t_vat_revenue (vtr_id, drv_id, vat_id, vtr_amount, vtr_value) VALUES (2364, 1182, 2, 0, 0);
INSERT INTO t_day_revenue (drv_id, drv_revenue_date, drv_print_date, drv_closing_date, drv_cash, drv_ticket, drv_cheque, drv_card, drv_unpaid, drv_amount, drv_takeaway) VALUES (1183, TO_DATE('18/02/2004', 'dd/MM/yyyy'), TO_DATE('19/02/2004', 'dd/MM/yyyy'), TO_DATE('19/02/2004', 'dd/MM/yyyy'), 0.0, 0.0, 44.0, 18.5, 0.0, 62.5, true);
INSERT INTO t_vat_revenue (vtr_id, drv_id, vat_id, vtr_amount, vtr_value) VALUES (2365, 1183, 1, 0, 0);
INSERT INTO t_vat_revenue (vtr_id, drv_id, vat_id, vtr_amount, vtr_value) VALUES (2366, 1183, 2, 62.5, 3.2582939);
INSERT INTO t_day_revenue (drv_id, drv_revenue_date, drv_print_date, drv_closing_date, drv_cash, drv_ticket, drv_cheque, drv_card, drv_unpaid, drv_amount, drv_takeaway) VALUES (1184, TO_DATE('18/02/2004', 'dd/MM/yyyy'), TO_DATE('19/02/2004', 'dd/MM/yyyy'), TO_DATE('19/02/2004', 'dd/MM/yyyy'), -0.5, 16.0, 28.0, 420.0, 0.0, 463.5, false);
INSERT INTO t_vat_revenue (vtr_id, drv_id, vat_id, vtr_amount, vtr_value) VALUES (2367, 1184, 1, 463.5, 75.9582);
INSERT INTO t_vat_revenue (vtr_id, drv_id, vat_id, vtr_amount, vtr_value) VALUES (2368, 1184, 2, 0, 0);
INSERT INTO t_day_revenue (drv_id, drv_revenue_date, drv_print_date, drv_closing_date, drv_cash, drv_ticket, drv_cheque, drv_card, drv_unpaid, drv_amount, drv_takeaway) VALUES (1185, TO_DATE('19/02/2004', 'dd/MM/yyyy'), TO_DATE('20/02/2004', 'dd/MM/yyyy'), TO_DATE('20/02/2004', 'dd/MM/yyyy'), 0.0, 0.0, 37.5, 88.5, 0.0, 126.0, true);
INSERT INTO t_vat_revenue (vtr_id, drv_id, vat_id, vtr_amount, vtr_value) VALUES (2369, 1185, 1, 0, 0);
INSERT INTO t_vat_revenue (vtr_id, drv_id, vat_id, vtr_amount, vtr_value) VALUES (2370, 1185, 2, 126.0, 6.5687203);
INSERT INTO t_day_revenue (drv_id, drv_revenue_date, drv_print_date, drv_closing_date, drv_cash, drv_ticket, drv_cheque, drv_card, drv_unpaid, drv_amount, drv_takeaway) VALUES (1186, TO_DATE('19/02/2004', 'dd/MM/yyyy'), TO_DATE('20/02/2004', 'dd/MM/yyyy'), TO_DATE('20/02/2004', 'dd/MM/yyyy'), 16.0, 20.01, 376.49, 1166.0, 0.0, 1578.5, false);
INSERT INTO t_vat_revenue (vtr_id, drv_id, vat_id, vtr_amount, vtr_value) VALUES (2371, 1186, 1, 1578.5, 258.68396);
INSERT INTO t_vat_revenue (vtr_id, drv_id, vat_id, vtr_amount, vtr_value) VALUES (2372, 1186, 2, 0, 0);
INSERT INTO t_day_revenue (drv_id, drv_revenue_date, drv_print_date, drv_closing_date, drv_cash, drv_ticket, drv_cheque, drv_card, drv_unpaid, drv_amount, drv_takeaway) VALUES (1187, TO_DATE('20/02/2004', 'dd/MM/yyyy'), TO_DATE('27/02/2004', 'dd/MM/yyyy'), TO_DATE('27/02/2004', 'dd/MM/yyyy'), 0.0, 0.0, 36.5, 25.5, 0.0, 62.0, true);
INSERT INTO t_vat_revenue (vtr_id, drv_id, vat_id, vtr_amount, vtr_value) VALUES (2373, 1187, 1, 0, 0);
INSERT INTO t_vat_revenue (vtr_id, drv_id, vat_id, vtr_amount, vtr_value) VALUES (2374, 1187, 2, 62.0, 3.2322276);
INSERT INTO t_day_revenue (drv_id, drv_revenue_date, drv_print_date, drv_closing_date, drv_cash, drv_ticket, drv_cheque, drv_card, drv_unpaid, drv_amount, drv_takeaway) VALUES (1188, TO_DATE('20/02/2004', 'dd/MM/yyyy'), TO_DATE('27/02/2004', 'dd/MM/yyyy'), TO_DATE('27/02/2004', 'dd/MM/yyyy'), 98.0, 43.5, 383.0, 951.75, 0.0, 1476.25, false);
INSERT INTO t_vat_revenue (vtr_id, drv_id, vat_id, vtr_amount, vtr_value) VALUES (2375, 1188, 1, 1476.25, 241.92726);
INSERT INTO t_vat_revenue (vtr_id, drv_id, vat_id, vtr_amount, vtr_value) VALUES (2376, 1188, 2, 0, 0);
INSERT INTO t_day_revenue (drv_id, drv_revenue_date, drv_print_date, drv_closing_date, drv_cash, drv_ticket, drv_cheque, drv_card, drv_unpaid, drv_amount, drv_takeaway) VALUES (1189, TO_DATE('21/02/2004', 'dd/MM/yyyy'), TO_DATE('27/02/2004', 'dd/MM/yyyy'), TO_DATE('27/02/2004', 'dd/MM/yyyy'), 0.0, 0.0, 0.0, 16.0, 0.0, 16.0, true);
INSERT INTO t_vat_revenue (vtr_id, drv_id, vat_id, vtr_amount, vtr_value) VALUES (2377, 1189, 1, 0, 0);
INSERT INTO t_vat_revenue (vtr_id, drv_id, vat_id, vtr_amount, vtr_value) VALUES (2378, 1189, 2, 16.0, 0.8341232);
INSERT INTO t_day_revenue (drv_id, drv_revenue_date, drv_print_date, drv_closing_date, drv_cash, drv_ticket, drv_cheque, drv_card, drv_unpaid, drv_amount, drv_takeaway) VALUES (1190, TO_DATE('21/02/2004', 'dd/MM/yyyy'), TO_DATE('27/02/2004', 'dd/MM/yyyy'), TO_DATE('27/02/2004', 'dd/MM/yyyy'), 54.0, 58.5, 431.5, 766.5, 0.0, 1310.5, false);
INSERT INTO t_vat_revenue (vtr_id, drv_id, vat_id, vtr_amount, vtr_value) VALUES (2379, 1190, 1, 1310.5, 214.76422);
INSERT INTO t_vat_revenue (vtr_id, drv_id, vat_id, vtr_amount, vtr_value) VALUES (2380, 1190, 2, 0, 0);
INSERT INTO t_day_revenue (drv_id, drv_revenue_date, drv_print_date, drv_closing_date, drv_cash, drv_ticket, drv_cheque, drv_card, drv_unpaid, drv_amount, drv_takeaway) VALUES (1191, TO_DATE('22/02/2004', 'dd/MM/yyyy'), TO_DATE('27/02/2004', 'dd/MM/yyyy'), TO_DATE('27/02/2004', 'dd/MM/yyyy'), 0.0, 0.0, 0.0, 166.5, 0.0, 166.5, true);
INSERT INTO t_vat_revenue (vtr_id, drv_id, vat_id, vtr_amount, vtr_value) VALUES (2381, 1191, 1, 0, 0);
INSERT INTO t_vat_revenue (vtr_id, drv_id, vat_id, vtr_amount, vtr_value) VALUES (2382, 1191, 2, 166.5, 8.680095);
INSERT INTO t_day_revenue (drv_id, drv_revenue_date, drv_print_date, drv_closing_date, drv_cash, drv_ticket, drv_cheque, drv_card, drv_unpaid, drv_amount, drv_takeaway) VALUES (1192, TO_DATE('22/02/2004', 'dd/MM/yyyy'), TO_DATE('27/02/2004', 'dd/MM/yyyy'), TO_DATE('27/02/2004', 'dd/MM/yyyy'), -4.0, 0.0, 369.5, 981.5, 0.0, 1347.0, false);
INSERT INTO t_vat_revenue (vtr_id, drv_id, vat_id, vtr_amount, vtr_value) VALUES (2383, 1192, 1, 1347.0, 220.74583);
INSERT INTO t_vat_revenue (vtr_id, drv_id, vat_id, vtr_amount, vtr_value) VALUES (2384, 1192, 2, 0, 0);
INSERT INTO t_day_revenue (drv_id, drv_revenue_date, drv_print_date, drv_closing_date, drv_cash, drv_ticket, drv_cheque, drv_card, drv_unpaid, drv_amount, drv_takeaway) VALUES (1193, TO_DATE('23/02/2004', 'dd/MM/yyyy'), TO_DATE('27/02/2004', 'dd/MM/yyyy'), TO_DATE('27/02/2004', 'dd/MM/yyyy'), 10.0, 0.0, 0.0, 77.0, 0.0, 87.0, true);
INSERT INTO t_vat_revenue (vtr_id, drv_id, vat_id, vtr_amount, vtr_value) VALUES (2385, 1193, 1, 0, 0);
INSERT INTO t_vat_revenue (vtr_id, drv_id, vat_id, vtr_amount, vtr_value) VALUES (2386, 1193, 2, 87.0, 4.535545);
INSERT INTO t_day_revenue (drv_id, drv_revenue_date, drv_print_date, drv_closing_date, drv_cash, drv_ticket, drv_cheque, drv_card, drv_unpaid, drv_amount, drv_takeaway) VALUES (1194, TO_DATE('23/02/2004', 'dd/MM/yyyy'), TO_DATE('27/02/2004', 'dd/MM/yyyy'), TO_DATE('27/02/2004', 'dd/MM/yyyy'), 0.0, 19.5, 47.0, 346.0, 0.0, 412.5, false);
INSERT INTO t_vat_revenue (vtr_id, drv_id, vat_id, vtr_amount, vtr_value) VALUES (2387, 1194, 1, 412.5, 67.600334);
INSERT INTO t_vat_revenue (vtr_id, drv_id, vat_id, vtr_amount, vtr_value) VALUES (2388, 1194, 2, 0, 0);
INSERT INTO t_day_revenue (drv_id, drv_revenue_date, drv_print_date, drv_closing_date, drv_cash, drv_ticket, drv_cheque, drv_card, drv_unpaid, drv_amount, drv_takeaway) VALUES (1195, TO_DATE('24/02/2004', 'dd/MM/yyyy'), TO_DATE('27/02/2004', 'dd/MM/yyyy'), TO_DATE('27/02/2004', 'dd/MM/yyyy'), 0.0, 0.0, 0.0, 0.0, 0.0, 0.0, true);
INSERT INTO t_vat_revenue (vtr_id, drv_id, vat_id, vtr_amount, vtr_value) VALUES (2389, 1195, 1, 0, 0);
INSERT INTO t_vat_revenue (vtr_id, drv_id, vat_id, vtr_amount, vtr_value) VALUES (2390, 1195, 2, 0.0, 0.0);
INSERT INTO t_day_revenue (drv_id, drv_revenue_date, drv_print_date, drv_closing_date, drv_cash, drv_ticket, drv_cheque, drv_card, drv_unpaid, drv_amount, drv_takeaway) VALUES (1196, TO_DATE('24/02/2004', 'dd/MM/yyyy'), TO_DATE('27/02/2004', 'dd/MM/yyyy'), TO_DATE('27/02/2004', 'dd/MM/yyyy'), 10.0, 0.0, 116.5, 623.0, 0.0, 749.5, false);
INSERT INTO t_vat_revenue (vtr_id, drv_id, vat_id, vtr_amount, vtr_value) VALUES (2391, 1196, 1, 749.5, 122.82776);
INSERT INTO t_vat_revenue (vtr_id, drv_id, vat_id, vtr_amount, vtr_value) VALUES (2392, 1196, 2, 0, 0);
INSERT INTO t_day_revenue (drv_id, drv_revenue_date, drv_print_date, drv_closing_date, drv_cash, drv_ticket, drv_cheque, drv_card, drv_unpaid, drv_amount, drv_takeaway) VALUES (1197, TO_DATE('25/02/2004', 'dd/MM/yyyy'), TO_DATE('27/02/2004', 'dd/MM/yyyy'), TO_DATE('27/02/2004', 'dd/MM/yyyy'), 0.0, 0.0, 0.0, 97.0, 0.0, 97.0, true);
INSERT INTO t_vat_revenue (vtr_id, drv_id, vat_id, vtr_amount, vtr_value) VALUES (2393, 1197, 1, 0, 0);
INSERT INTO t_vat_revenue (vtr_id, drv_id, vat_id, vtr_amount, vtr_value) VALUES (2394, 1197, 2, 97.0, 5.056872);
INSERT INTO t_day_revenue (drv_id, drv_revenue_date, drv_print_date, drv_closing_date, drv_cash, drv_ticket, drv_cheque, drv_card, drv_unpaid, drv_amount, drv_takeaway) VALUES (1198, TO_DATE('25/02/2004', 'dd/MM/yyyy'), TO_DATE('27/02/2004', 'dd/MM/yyyy'), TO_DATE('27/02/2004', 'dd/MM/yyyy'), 0.0, 16.5, 182.5, 499.0, 0.0, 698.0, false);
INSERT INTO t_vat_revenue (vtr_id, drv_id, vat_id, vtr_amount, vtr_value) VALUES (2395, 1198, 1, 698.0, 114.38796);
INSERT INTO t_vat_revenue (vtr_id, drv_id, vat_id, vtr_amount, vtr_value) VALUES (2396, 1198, 2, 0, 0);
INSERT INTO t_day_revenue (drv_id, drv_revenue_date, drv_print_date, drv_closing_date, drv_cash, drv_ticket, drv_cheque, drv_card, drv_unpaid, drv_amount, drv_takeaway) VALUES (1199, TO_DATE('26/02/2004', 'dd/MM/yyyy'), TO_DATE('27/02/2004', 'dd/MM/yyyy'), TO_DATE('27/02/2004', 'dd/MM/yyyy'), 0.0, 0.0, 0.0, 22.5, 0.0, 22.5, true);
INSERT INTO t_vat_revenue (vtr_id, drv_id, vat_id, vtr_amount, vtr_value) VALUES (2397, 1199, 1, 0, 0);
INSERT INTO t_vat_revenue (vtr_id, drv_id, vat_id, vtr_amount, vtr_value) VALUES (2398, 1199, 2, 22.5, 1.1729858);
INSERT INTO t_day_revenue (drv_id, drv_revenue_date, drv_print_date, drv_closing_date, drv_cash, drv_ticket, drv_cheque, drv_card, drv_unpaid, drv_amount, drv_takeaway) VALUES (1200, TO_DATE('26/02/2004', 'dd/MM/yyyy'), TO_DATE('27/02/2004', 'dd/MM/yyyy'), TO_DATE('27/02/2004', 'dd/MM/yyyy'), 11.5, 10.0, 442.5, 608.5, 0.0, 1072.5, false);
INSERT INTO t_vat_revenue (vtr_id, drv_id, vat_id, vtr_amount, vtr_value) VALUES (2399, 1200, 1, 1072.5, 175.76086);
INSERT INTO t_vat_revenue (vtr_id, drv_id, vat_id, vtr_amount, vtr_value) VALUES (2400, 1200, 2, 0, 0);
INSERT INTO t_day_revenue (drv_id, drv_revenue_date, drv_print_date, drv_closing_date, drv_cash, drv_ticket, drv_cheque, drv_card, drv_unpaid, drv_amount, drv_takeaway) VALUES (1201, TO_DATE('27/02/2004', 'dd/MM/yyyy'), TO_DATE('03/03/2004', 'dd/MM/yyyy'), TO_DATE('03/03/2004', 'dd/MM/yyyy'), 0.0, 0.0, 25.0, 83.5, 0.0, 108.5, true);
INSERT INTO t_vat_revenue (vtr_id, drv_id, vat_id, vtr_amount, vtr_value) VALUES (2401, 1201, 1, 0, 0);
INSERT INTO t_vat_revenue (vtr_id, drv_id, vat_id, vtr_amount, vtr_value) VALUES (2402, 1201, 2, 108.5, 5.6563983);
INSERT INTO t_day_revenue (drv_id, drv_revenue_date, drv_print_date, drv_closing_date, drv_cash, drv_ticket, drv_cheque, drv_card, drv_unpaid, drv_amount, drv_takeaway) VALUES (1202, TO_DATE('27/02/2004', 'dd/MM/yyyy'), TO_DATE('03/03/2004', 'dd/MM/yyyy'), TO_DATE('03/03/2004', 'dd/MM/yyyy'), 20.5, 33.0, 260.0, 1214.0, 0.0, 1527.5, false);
INSERT INTO t_vat_revenue (vtr_id, drv_id, vat_id, vtr_amount, vtr_value) VALUES (2403, 1202, 1, 1527.5, 250.3261);
INSERT INTO t_vat_revenue (vtr_id, drv_id, vat_id, vtr_amount, vtr_value) VALUES (2404, 1202, 2, 0, 0);
INSERT INTO t_day_revenue (drv_id, drv_revenue_date, drv_print_date, drv_closing_date, drv_cash, drv_ticket, drv_cheque, drv_card, drv_unpaid, drv_amount, drv_takeaway) VALUES (1203, TO_DATE('28/02/2004', 'dd/MM/yyyy'), TO_DATE('03/03/2004', 'dd/MM/yyyy'), TO_DATE('03/03/2004', 'dd/MM/yyyy'), 29.0, 0.0, 0.0, 74.5, 0.0, 103.5, true);
INSERT INTO t_vat_revenue (vtr_id, drv_id, vat_id, vtr_amount, vtr_value) VALUES (2405, 1203, 1, 0, 0);
INSERT INTO t_vat_revenue (vtr_id, drv_id, vat_id, vtr_amount, vtr_value) VALUES (2406, 1203, 2, 103.5, 5.395735);
INSERT INTO t_day_revenue (drv_id, drv_revenue_date, drv_print_date, drv_closing_date, drv_cash, drv_ticket, drv_cheque, drv_card, drv_unpaid, drv_amount, drv_takeaway) VALUES (1204, TO_DATE('28/02/2004', 'dd/MM/yyyy'), TO_DATE('03/03/2004', 'dd/MM/yyyy'), TO_DATE('03/03/2004', 'dd/MM/yyyy'), 10.0, 17.85, 769.45, 1136.2, 0.0, 1933.5, false);
INSERT INTO t_vat_revenue (vtr_id, drv_id, vat_id, vtr_amount, vtr_value) VALUES (2407, 1204, 1, 1933.5, 316.8612);
INSERT INTO t_vat_revenue (vtr_id, drv_id, vat_id, vtr_amount, vtr_value) VALUES (2408, 1204, 2, 0, 0);
INSERT INTO t_day_revenue (drv_id, drv_revenue_date, drv_print_date, drv_closing_date, drv_cash, drv_ticket, drv_cheque, drv_card, drv_unpaid, drv_amount, drv_takeaway) VALUES (1205, TO_DATE('29/02/2004', 'dd/MM/yyyy'), TO_DATE('03/03/2004', 'dd/MM/yyyy'), TO_DATE('03/03/2004', 'dd/MM/yyyy'), 0.0, 0.0, 7.5, 32.5, 0.0, 40.0, true);
INSERT INTO t_vat_revenue (vtr_id, drv_id, vat_id, vtr_amount, vtr_value) VALUES (2409, 1205, 1, 0, 0);
INSERT INTO t_vat_revenue (vtr_id, drv_id, vat_id, vtr_amount, vtr_value) VALUES (2410, 1205, 2, 40.0, 2.085308);
INSERT INTO t_day_revenue (drv_id, drv_revenue_date, drv_print_date, drv_closing_date, drv_cash, drv_ticket, drv_cheque, drv_card, drv_unpaid, drv_amount, drv_takeaway) VALUES (1206, TO_DATE('29/02/2004', 'dd/MM/yyyy'), TO_DATE('03/03/2004', 'dd/MM/yyyy'), TO_DATE('03/03/2004', 'dd/MM/yyyy'), 17.5, 13.14, 567.0, 432.86, 0.0, 1030.5, false);
INSERT INTO t_vat_revenue (vtr_id, drv_id, vat_id, vtr_amount, vtr_value) VALUES (2411, 1206, 1, 1030.5, 168.87793);
INSERT INTO t_vat_revenue (vtr_id, drv_id, vat_id, vtr_amount, vtr_value) VALUES (2412, 1206, 2, 0, 0);
INSERT INTO t_day_revenue (drv_id, drv_revenue_date, drv_print_date, drv_closing_date, drv_cash, drv_ticket, drv_cheque, drv_card, drv_unpaid, drv_amount, drv_takeaway) VALUES (1207, TO_DATE('01/03/2004', 'dd/MM/yyyy'), TO_DATE('03/03/2004', 'dd/MM/yyyy'), TO_DATE('03/03/2004', 'dd/MM/yyyy'), 0.0, 0.0, 0.0, 40.5, 0.0, 40.5, true);
INSERT INTO t_vat_revenue (vtr_id, drv_id, vat_id, vtr_amount, vtr_value) VALUES (2413, 1207, 1, 0, 0);
INSERT INTO t_vat_revenue (vtr_id, drv_id, vat_id, vtr_amount, vtr_value) VALUES (2414, 1207, 2, 40.5, 2.1113744);
INSERT INTO t_day_revenue (drv_id, drv_revenue_date, drv_print_date, drv_closing_date, drv_cash, drv_ticket, drv_cheque, drv_card, drv_unpaid, drv_amount, drv_takeaway) VALUES (1208, TO_DATE('01/03/2004', 'dd/MM/yyyy'), TO_DATE('03/03/2004', 'dd/MM/yyyy'), TO_DATE('03/03/2004', 'dd/MM/yyyy'), 13.0, 40.0, 97.5, 517.5, 0.0, 668.0, false);
INSERT INTO t_vat_revenue (vtr_id, drv_id, vat_id, vtr_amount, vtr_value) VALUES (2415, 1208, 1, 668.0, 109.47157);
INSERT INTO t_vat_revenue (vtr_id, drv_id, vat_id, vtr_amount, vtr_value) VALUES (2416, 1208, 2, 0, 0);
INSERT INTO t_day_revenue (drv_id, drv_revenue_date, drv_print_date, drv_closing_date, drv_cash, drv_ticket, drv_cheque, drv_card, drv_unpaid, drv_amount, drv_takeaway) VALUES (1209, TO_DATE('02/03/2004', 'dd/MM/yyyy'), TO_DATE('11/03/2004', 'dd/MM/yyyy'), TO_DATE('11/03/2004', 'dd/MM/yyyy'), 0.0, 0.0, 36.5, 0.0, 0.0, 36.5, true);
INSERT INTO t_vat_revenue (vtr_id, drv_id, vat_id, vtr_amount, vtr_value) VALUES (2417, 1209, 1, 0, 0);
INSERT INTO t_vat_revenue (vtr_id, drv_id, vat_id, vtr_amount, vtr_value) VALUES (2418, 1209, 2, 36.5, 1.9028436);
INSERT INTO t_day_revenue (drv_id, drv_revenue_date, drv_print_date, drv_closing_date, drv_cash, drv_ticket, drv_cheque, drv_card, drv_unpaid, drv_amount, drv_takeaway) VALUES (1210, TO_DATE('02/03/2004', 'dd/MM/yyyy'), TO_DATE('11/03/2004', 'dd/MM/yyyy'), TO_DATE('11/03/2004', 'dd/MM/yyyy'), 14.5, 6.5, 203.5, 412.25, 0.0, 636.75, false);
INSERT INTO t_vat_revenue (vtr_id, drv_id, vat_id, vtr_amount, vtr_value) VALUES (2419, 1210, 1, 636.75, 104.350334);
INSERT INTO t_vat_revenue (vtr_id, drv_id, vat_id, vtr_amount, vtr_value) VALUES (2420, 1210, 2, 0, 0);
INSERT INTO t_day_revenue (drv_id, drv_revenue_date, drv_print_date, drv_closing_date, drv_cash, drv_ticket, drv_cheque, drv_card, drv_unpaid, drv_amount, drv_takeaway) VALUES (1211, TO_DATE('03/03/2004', 'dd/MM/yyyy'), TO_DATE('11/03/2004', 'dd/MM/yyyy'), TO_DATE('11/03/2004', 'dd/MM/yyyy'), 0.0, 0.0, 0.0, 0.0, 0.0, 0.0, true);
INSERT INTO t_vat_revenue (vtr_id, drv_id, vat_id, vtr_amount, vtr_value) VALUES (2421, 1211, 1, 0, 0);
INSERT INTO t_vat_revenue (vtr_id, drv_id, vat_id, vtr_amount, vtr_value) VALUES (2422, 1211, 2, 0.0, 0.0);
INSERT INTO t_day_revenue (drv_id, drv_revenue_date, drv_print_date, drv_closing_date, drv_cash, drv_ticket, drv_cheque, drv_card, drv_unpaid, drv_amount, drv_takeaway) VALUES (1212, TO_DATE('03/03/2004', 'dd/MM/yyyy'), TO_DATE('11/03/2004', 'dd/MM/yyyy'), TO_DATE('11/03/2004', 'dd/MM/yyyy'), 23.0, 19.62, 444.0, 355.88, 0.0, 842.5, false);
INSERT INTO t_vat_revenue (vtr_id, drv_id, vat_id, vtr_amount, vtr_value) VALUES (2423, 1212, 1, 842.5, 138.06856);
INSERT INTO t_vat_revenue (vtr_id, drv_id, vat_id, vtr_amount, vtr_value) VALUES (2424, 1212, 2, 0, 0);
INSERT INTO t_day_revenue (drv_id, drv_revenue_date, drv_print_date, drv_closing_date, drv_cash, drv_ticket, drv_cheque, drv_card, drv_unpaid, drv_amount, drv_takeaway) VALUES (1213, TO_DATE('04/03/2004', 'dd/MM/yyyy'), TO_DATE('11/03/2004', 'dd/MM/yyyy'), TO_DATE('11/03/2004', 'dd/MM/yyyy'), 0.0, 0.0, 0.0, 16.0, 0.0, 16.0, true);
INSERT INTO t_vat_revenue (vtr_id, drv_id, vat_id, vtr_amount, vtr_value) VALUES (2425, 1213, 1, 0, 0);
INSERT INTO t_vat_revenue (vtr_id, drv_id, vat_id, vtr_amount, vtr_value) VALUES (2426, 1213, 2, 16.0, 0.8341232);
INSERT INTO t_day_revenue (drv_id, drv_revenue_date, drv_print_date, drv_closing_date, drv_cash, drv_ticket, drv_cheque, drv_card, drv_unpaid, drv_amount, drv_takeaway) VALUES (1214, TO_DATE('04/03/2004', 'dd/MM/yyyy'), TO_DATE('11/03/2004', 'dd/MM/yyyy'), TO_DATE('11/03/2004', 'dd/MM/yyyy'), 21.2, 67.68, 264.5, 448.62, 0.0, 802.0, false);
INSERT INTO t_vat_revenue (vtr_id, drv_id, vat_id, vtr_amount, vtr_value) VALUES (2427, 1214, 1, 802.0, 131.43144);
INSERT INTO t_vat_revenue (vtr_id, drv_id, vat_id, vtr_amount, vtr_value) VALUES (2428, 1214, 2, 0, 0);
INSERT INTO t_day_revenue (drv_id, drv_revenue_date, drv_print_date, drv_closing_date, drv_cash, drv_ticket, drv_cheque, drv_card, drv_unpaid, drv_amount, drv_takeaway) VALUES (1215, TO_DATE('05/03/2004', 'dd/MM/yyyy'), TO_DATE('11/03/2004', 'dd/MM/yyyy'), TO_DATE('11/03/2004', 'dd/MM/yyyy'), 20.0, 0.0, 55.0, 31.5, 0.0, 106.5, true);
INSERT INTO t_vat_revenue (vtr_id, drv_id, vat_id, vtr_amount, vtr_value) VALUES (2429, 1215, 1, 0, 0);
INSERT INTO t_vat_revenue (vtr_id, drv_id, vat_id, vtr_amount, vtr_value) VALUES (2430, 1215, 2, 106.5, 5.5521326);
INSERT INTO t_day_revenue (drv_id, drv_revenue_date, drv_print_date, drv_closing_date, drv_cash, drv_ticket, drv_cheque, drv_card, drv_unpaid, drv_amount, drv_takeaway) VALUES (1216, TO_DATE('05/03/2004', 'dd/MM/yyyy'), TO_DATE('11/03/2004', 'dd/MM/yyyy'), TO_DATE('11/03/2004', 'dd/MM/yyyy'), 0.0, 43.0, 325.0, 898.0, 0.0, 1266.0, false);
INSERT INTO t_vat_revenue (vtr_id, drv_id, vat_id, vtr_amount, vtr_value) VALUES (2431, 1216, 1, 1266.0, 207.47157);
INSERT INTO t_vat_revenue (vtr_id, drv_id, vat_id, vtr_amount, vtr_value) VALUES (2432, 1216, 2, 0, 0);
INSERT INTO t_day_revenue (drv_id, drv_revenue_date, drv_print_date, drv_closing_date, drv_cash, drv_ticket, drv_cheque, drv_card, drv_unpaid, drv_amount, drv_takeaway) VALUES (1217, TO_DATE('06/03/2004', 'dd/MM/yyyy'), TO_DATE('11/03/2004', 'dd/MM/yyyy'), TO_DATE('11/03/2004', 'dd/MM/yyyy'), 0.0, 0.0, 0.0, 0.0, 0.0, 0.0, true);
INSERT INTO t_vat_revenue (vtr_id, drv_id, vat_id, vtr_amount, vtr_value) VALUES (2433, 1217, 1, 0, 0);
INSERT INTO t_vat_revenue (vtr_id, drv_id, vat_id, vtr_amount, vtr_value) VALUES (2434, 1217, 2, 0.0, 0.0);
INSERT INTO t_day_revenue (drv_id, drv_revenue_date, drv_print_date, drv_closing_date, drv_cash, drv_ticket, drv_cheque, drv_card, drv_unpaid, drv_amount, drv_takeaway) VALUES (1218, TO_DATE('06/03/2004', 'dd/MM/yyyy'), TO_DATE('11/03/2004', 'dd/MM/yyyy'), TO_DATE('11/03/2004', 'dd/MM/yyyy'), 116.5, 0.0, 466.0, 1128.0, 0.0, 1710.5, false);
INSERT INTO t_vat_revenue (vtr_id, drv_id, vat_id, vtr_amount, vtr_value) VALUES (2435, 1218, 1, 1710.5, 280.31607);
INSERT INTO t_vat_revenue (vtr_id, drv_id, vat_id, vtr_amount, vtr_value) VALUES (2436, 1218, 2, 0, 0);
INSERT INTO t_day_revenue (drv_id, drv_revenue_date, drv_print_date, drv_closing_date, drv_cash, drv_ticket, drv_cheque, drv_card, drv_unpaid, drv_amount, drv_takeaway) VALUES (1219, TO_DATE('07/03/2004', 'dd/MM/yyyy'), TO_DATE('11/03/2004', 'dd/MM/yyyy'), TO_DATE('11/03/2004', 'dd/MM/yyyy'), 16.5, 0.0, 0.0, 25.0, 0.0, 41.5, true);
INSERT INTO t_vat_revenue (vtr_id, drv_id, vat_id, vtr_amount, vtr_value) VALUES (2437, 1219, 1, 0, 0);
INSERT INTO t_vat_revenue (vtr_id, drv_id, vat_id, vtr_amount, vtr_value) VALUES (2438, 1219, 2, 41.5, 2.1635072);
INSERT INTO t_day_revenue (drv_id, drv_revenue_date, drv_print_date, drv_closing_date, drv_cash, drv_ticket, drv_cheque, drv_card, drv_unpaid, drv_amount, drv_takeaway) VALUES (1220, TO_DATE('07/03/2004', 'dd/MM/yyyy'), TO_DATE('11/03/2004', 'dd/MM/yyyy'), TO_DATE('11/03/2004', 'dd/MM/yyyy'), 0.0, 50.6, 162.4, 892.0, 0.0, 1105.0, false);
INSERT INTO t_vat_revenue (vtr_id, drv_id, vat_id, vtr_amount, vtr_value) VALUES (2439, 1220, 1, 1105.0, 181.08696);
INSERT INTO t_vat_revenue (vtr_id, drv_id, vat_id, vtr_amount, vtr_value) VALUES (2440, 1220, 2, 0, 0);
INSERT INTO t_day_revenue (drv_id, drv_revenue_date, drv_print_date, drv_closing_date, drv_cash, drv_ticket, drv_cheque, drv_card, drv_unpaid, drv_amount, drv_takeaway) VALUES (1221, TO_DATE('08/03/2004', 'dd/MM/yyyy'), TO_DATE('11/03/2004', 'dd/MM/yyyy'), TO_DATE('11/03/2004', 'dd/MM/yyyy'), 0.0, 0.0, 0.0, 0.0, 0.0, 0.0, true);
INSERT INTO t_vat_revenue (vtr_id, drv_id, vat_id, vtr_amount, vtr_value) VALUES (2441, 1221, 1, 0, 0);
INSERT INTO t_vat_revenue (vtr_id, drv_id, vat_id, vtr_amount, vtr_value) VALUES (2442, 1221, 2, 0.0, 0.0);
INSERT INTO t_day_revenue (drv_id, drv_revenue_date, drv_print_date, drv_closing_date, drv_cash, drv_ticket, drv_cheque, drv_card, drv_unpaid, drv_amount, drv_takeaway) VALUES (1222, TO_DATE('08/03/2004', 'dd/MM/yyyy'), TO_DATE('11/03/2004', 'dd/MM/yyyy'), TO_DATE('11/03/2004', 'dd/MM/yyyy'), 20.0, 40.0, 9.0, 521.5, 0.0, 590.5, false);
INSERT INTO t_vat_revenue (vtr_id, drv_id, vat_id, vtr_amount, vtr_value) VALUES (2443, 1222, 1, 590.5, 96.770905);
INSERT INTO t_vat_revenue (vtr_id, drv_id, vat_id, vtr_amount, vtr_value) VALUES (2444, 1222, 2, 0, 0);
INSERT INTO t_day_revenue (drv_id, drv_revenue_date, drv_print_date, drv_closing_date, drv_cash, drv_ticket, drv_cheque, drv_card, drv_unpaid, drv_amount, drv_takeaway) VALUES (1223, TO_DATE('09/03/2004', 'dd/MM/yyyy'), TO_DATE('11/03/2004', 'dd/MM/yyyy'), TO_DATE('11/03/2004', 'dd/MM/yyyy'), 0.0, 0.0, 0.0, 64.5, 0.0, 64.5, true);
INSERT INTO t_vat_revenue (vtr_id, drv_id, vat_id, vtr_amount, vtr_value) VALUES (2445, 1223, 1, 0, 0);
INSERT INTO t_vat_revenue (vtr_id, drv_id, vat_id, vtr_amount, vtr_value) VALUES (2446, 1223, 2, 64.5, 3.3625593);
INSERT INTO t_day_revenue (drv_id, drv_revenue_date, drv_print_date, drv_closing_date, drv_cash, drv_ticket, drv_cheque, drv_card, drv_unpaid, drv_amount, drv_takeaway) VALUES (1224, TO_DATE('09/03/2004', 'dd/MM/yyyy'), TO_DATE('11/03/2004', 'dd/MM/yyyy'), TO_DATE('11/03/2004', 'dd/MM/yyyy'), 0.0, 33.5, 99.0, 597.0, 0.0, 729.5, false);
INSERT INTO t_vat_revenue (vtr_id, drv_id, vat_id, vtr_amount, vtr_value) VALUES (2447, 1224, 1, 729.5, 119.55017);
INSERT INTO t_vat_revenue (vtr_id, drv_id, vat_id, vtr_amount, vtr_value) VALUES (2448, 1224, 2, 0, 0);
INSERT INTO t_day_revenue (drv_id, drv_revenue_date, drv_print_date, drv_closing_date, drv_cash, drv_ticket, drv_cheque, drv_card, drv_unpaid, drv_amount, drv_takeaway) VALUES (1225, TO_DATE('10/03/2004', 'dd/MM/yyyy'), TO_DATE('11/03/2004', 'dd/MM/yyyy'), TO_DATE('11/03/2004', 'dd/MM/yyyy'), 0.0, 0.0, 0.0, 0.0, 0.0, 0.0, true);
INSERT INTO t_vat_revenue (vtr_id, drv_id, vat_id, vtr_amount, vtr_value) VALUES (2449, 1225, 1, 0, 0);
INSERT INTO t_vat_revenue (vtr_id, drv_id, vat_id, vtr_amount, vtr_value) VALUES (2450, 1225, 2, 0.0, 0.0);
INSERT INTO t_day_revenue (drv_id, drv_revenue_date, drv_print_date, drv_closing_date, drv_cash, drv_ticket, drv_cheque, drv_card, drv_unpaid, drv_amount, drv_takeaway) VALUES (1226, TO_DATE('10/03/2004', 'dd/MM/yyyy'), TO_DATE('11/03/2004', 'dd/MM/yyyy'), TO_DATE('11/03/2004', 'dd/MM/yyyy'), 11.5, 103.5, 45.5, 529.5, 0.0, 690.0, false);
INSERT INTO t_vat_revenue (vtr_id, drv_id, vat_id, vtr_amount, vtr_value) VALUES (2451, 1226, 1, 690.0, 113.07693);
INSERT INTO t_vat_revenue (vtr_id, drv_id, vat_id, vtr_amount, vtr_value) VALUES (2452, 1226, 2, 0, 0);
INSERT INTO t_day_revenue (drv_id, drv_revenue_date, drv_print_date, drv_closing_date, drv_cash, drv_ticket, drv_cheque, drv_card, drv_unpaid, drv_amount, drv_takeaway) VALUES (1227, TO_DATE('11/03/2004', 'dd/MM/yyyy'), TO_DATE('12/03/2004', 'dd/MM/yyyy'), TO_DATE('12/03/2004', 'dd/MM/yyyy'), 13.0, 0.0, 0.0, 52.5, 0.0, 65.5, true);
INSERT INTO t_vat_revenue (vtr_id, drv_id, vat_id, vtr_amount, vtr_value) VALUES (2453, 1227, 1, 0, 0);
INSERT INTO t_vat_revenue (vtr_id, drv_id, vat_id, vtr_amount, vtr_value) VALUES (2454, 1227, 2, 65.5, 3.414692);
INSERT INTO t_day_revenue (drv_id, drv_revenue_date, drv_print_date, drv_closing_date, drv_cash, drv_ticket, drv_cheque, drv_card, drv_unpaid, drv_amount, drv_takeaway) VALUES (1228, TO_DATE('11/03/2004', 'dd/MM/yyyy'), TO_DATE('12/03/2004', 'dd/MM/yyyy'), TO_DATE('12/03/2004', 'dd/MM/yyyy'), 0.0, 9.0, 199.0, 467.5, 0.0, 675.5, false);
INSERT INTO t_vat_revenue (vtr_id, drv_id, vat_id, vtr_amount, vtr_value) VALUES (2455, 1228, 1, 675.5, 110.70067);
INSERT INTO t_vat_revenue (vtr_id, drv_id, vat_id, vtr_amount, vtr_value) VALUES (2456, 1228, 2, 0, 0);
INSERT INTO t_day_revenue (drv_id, drv_revenue_date, drv_print_date, drv_closing_date, drv_cash, drv_ticket, drv_cheque, drv_card, drv_unpaid, drv_amount, drv_takeaway) VALUES (1229, TO_DATE('12/03/2004', 'dd/MM/yyyy'), TO_DATE('16/03/2004', 'dd/MM/yyyy'), TO_DATE('16/03/2004', 'dd/MM/yyyy'), 0.0, 0.0, 0.0, 27.0, 0.0, 27.0, true);
INSERT INTO t_vat_revenue (vtr_id, drv_id, vat_id, vtr_amount, vtr_value) VALUES (2457, 1229, 1, 0, 0);
INSERT INTO t_vat_revenue (vtr_id, drv_id, vat_id, vtr_amount, vtr_value) VALUES (2458, 1229, 2, 27.0, 1.4075829);
INSERT INTO t_day_revenue (drv_id, drv_revenue_date, drv_print_date, drv_closing_date, drv_cash, drv_ticket, drv_cheque, drv_card, drv_unpaid, drv_amount, drv_takeaway) VALUES (1230, TO_DATE('12/03/2004', 'dd/MM/yyyy'), TO_DATE('16/03/2004', 'dd/MM/yyyy'), TO_DATE('16/03/2004', 'dd/MM/yyyy'), 8.0, 41.5, 373.5, 1125.0, 0.0, 1548.0, false);
INSERT INTO t_vat_revenue (vtr_id, drv_id, vat_id, vtr_amount, vtr_value) VALUES (2459, 1230, 1, 1548.0, 253.68562);
INSERT INTO t_vat_revenue (vtr_id, drv_id, vat_id, vtr_amount, vtr_value) VALUES (2460, 1230, 2, 0, 0);
INSERT INTO t_day_revenue (drv_id, drv_revenue_date, drv_print_date, drv_closing_date, drv_cash, drv_ticket, drv_cheque, drv_card, drv_unpaid, drv_amount, drv_takeaway) VALUES (1231, TO_DATE('13/03/2004', 'dd/MM/yyyy'), TO_DATE('16/03/2004', 'dd/MM/yyyy'), TO_DATE('16/03/2004', 'dd/MM/yyyy'), 0.0, 0.0, 0.0, 225.5, 0.0, 225.5, true);
INSERT INTO t_vat_revenue (vtr_id, drv_id, vat_id, vtr_amount, vtr_value) VALUES (2461, 1231, 1, 0, 0);
INSERT INTO t_vat_revenue (vtr_id, drv_id, vat_id, vtr_amount, vtr_value) VALUES (2462, 1231, 2, 225.5, 11.755924);
INSERT INTO t_day_revenue (drv_id, drv_revenue_date, drv_print_date, drv_closing_date, drv_cash, drv_ticket, drv_cheque, drv_card, drv_unpaid, drv_amount, drv_takeaway) VALUES (1232, TO_DATE('13/03/2004', 'dd/MM/yyyy'), TO_DATE('16/03/2004', 'dd/MM/yyyy'), TO_DATE('16/03/2004', 'dd/MM/yyyy'), 50.75, 44.0, 643.5, 1198.5, 0.0, 1936.75, false);
INSERT INTO t_vat_revenue (vtr_id, drv_id, vat_id, vtr_amount, vtr_value) VALUES (2463, 1232, 1, 1936.75, 317.39383);
INSERT INTO t_vat_revenue (vtr_id, drv_id, vat_id, vtr_amount, vtr_value) VALUES (2464, 1232, 2, 0, 0);
INSERT INTO t_day_revenue (drv_id, drv_revenue_date, drv_print_date, drv_closing_date, drv_cash, drv_ticket, drv_cheque, drv_card, drv_unpaid, drv_amount, drv_takeaway) VALUES (1233, TO_DATE('14/03/2004', 'dd/MM/yyyy'), TO_DATE('16/03/2004', 'dd/MM/yyyy'), TO_DATE('16/03/2004', 'dd/MM/yyyy'), 0.0, 0.0, 0.0, 69.0, 0.0, 69.0, true);
INSERT INTO t_vat_revenue (vtr_id, drv_id, vat_id, vtr_amount, vtr_value) VALUES (2465, 1233, 1, 0, 0);
INSERT INTO t_vat_revenue (vtr_id, drv_id, vat_id, vtr_amount, vtr_value) VALUES (2466, 1233, 2, 69.0, 3.5971563);
INSERT INTO t_day_revenue (drv_id, drv_revenue_date, drv_print_date, drv_closing_date, drv_cash, drv_ticket, drv_cheque, drv_card, drv_unpaid, drv_amount, drv_takeaway) VALUES (1234, TO_DATE('14/03/2004', 'dd/MM/yyyy'), TO_DATE('16/03/2004', 'dd/MM/yyyy'), TO_DATE('16/03/2004', 'dd/MM/yyyy'), 57.5, 0.0, 229.0, 752.0, 0.0, 1038.5, false);
INSERT INTO t_vat_revenue (vtr_id, drv_id, vat_id, vtr_amount, vtr_value) VALUES (2467, 1234, 1, 1038.5, 170.18896);
INSERT INTO t_vat_revenue (vtr_id, drv_id, vat_id, vtr_amount, vtr_value) VALUES (2468, 1234, 2, 0, 0);
INSERT INTO t_day_revenue (drv_id, drv_revenue_date, drv_print_date, drv_closing_date, drv_cash, drv_ticket, drv_cheque, drv_card, drv_unpaid, drv_amount, drv_takeaway) VALUES (1235, TO_DATE('15/03/2004', 'dd/MM/yyyy'), TO_DATE('16/03/2004', 'dd/MM/yyyy'), TO_DATE('16/03/2004', 'dd/MM/yyyy'), 0.0, 0.0, 33.0, 0.0, 0.0, 33.0, true);
INSERT INTO t_vat_revenue (vtr_id, drv_id, vat_id, vtr_amount, vtr_value) VALUES (2469, 1235, 1, 0, 0);
INSERT INTO t_vat_revenue (vtr_id, drv_id, vat_id, vtr_amount, vtr_value) VALUES (2470, 1235, 2, 33.0, 1.7203791);
INSERT INTO t_day_revenue (drv_id, drv_revenue_date, drv_print_date, drv_closing_date, drv_cash, drv_ticket, drv_cheque, drv_card, drv_unpaid, drv_amount, drv_takeaway) VALUES (1236, TO_DATE('15/03/2004', 'dd/MM/yyyy'), TO_DATE('16/03/2004', 'dd/MM/yyyy'), TO_DATE('16/03/2004', 'dd/MM/yyyy'), 22.5, 0.0, 105.0, 386.0, 0.0, 513.5, false);
INSERT INTO t_vat_revenue (vtr_id, drv_id, vat_id, vtr_amount, vtr_value) VALUES (2471, 1236, 1, 513.5, 84.15218);
INSERT INTO t_vat_revenue (vtr_id, drv_id, vat_id, vtr_amount, vtr_value) VALUES (2472, 1236, 2, 0, 0);
INSERT INTO t_day_revenue (drv_id, drv_revenue_date, drv_print_date, drv_closing_date, drv_cash, drv_ticket, drv_cheque, drv_card, drv_unpaid, drv_amount, drv_takeaway) VALUES (1237, TO_DATE('16/03/2004', 'dd/MM/yyyy'), TO_DATE('17/03/2004', 'dd/MM/yyyy'), TO_DATE('17/03/2004', 'dd/MM/yyyy'), 23.5, 0.0, 0.0, 0.0, 0.0, 23.5, true);
INSERT INTO t_vat_revenue (vtr_id, drv_id, vat_id, vtr_amount, vtr_value) VALUES (2473, 1237, 1, 0, 0);
INSERT INTO t_vat_revenue (vtr_id, drv_id, vat_id, vtr_amount, vtr_value) VALUES (2474, 1237, 2, 23.5, 1.2251185);
INSERT INTO t_day_revenue (drv_id, drv_revenue_date, drv_print_date, drv_closing_date, drv_cash, drv_ticket, drv_cheque, drv_card, drv_unpaid, drv_amount, drv_takeaway) VALUES (1238, TO_DATE('16/03/2004', 'dd/MM/yyyy'), TO_DATE('17/03/2004', 'dd/MM/yyyy'), TO_DATE('17/03/2004', 'dd/MM/yyyy'), -1.0, 5.5, 118.0, 410.5, 0.0, 533.0, false);
INSERT INTO t_vat_revenue (vtr_id, drv_id, vat_id, vtr_amount, vtr_value) VALUES (2475, 1238, 1, 533.0, 87.347824);
INSERT INTO t_vat_revenue (vtr_id, drv_id, vat_id, vtr_amount, vtr_value) VALUES (2476, 1238, 2, 0, 0);
INSERT INTO t_day_revenue (drv_id, drv_revenue_date, drv_print_date, drv_closing_date, drv_cash, drv_ticket, drv_cheque, drv_card, drv_unpaid, drv_amount, drv_takeaway) VALUES (1239, TO_DATE('17/03/2004', 'dd/MM/yyyy'), TO_DATE('18/03/2004', 'dd/MM/yyyy'), TO_DATE('18/03/2004', 'dd/MM/yyyy'), 0.0, 0.0, 0.0, 0.0, 0.0, 0.0, true);
INSERT INTO t_vat_revenue (vtr_id, drv_id, vat_id, vtr_amount, vtr_value) VALUES (2477, 1239, 1, 0, 0);
INSERT INTO t_vat_revenue (vtr_id, drv_id, vat_id, vtr_amount, vtr_value) VALUES (2478, 1239, 2, 0.0, 0.0);
INSERT INTO t_day_revenue (drv_id, drv_revenue_date, drv_print_date, drv_closing_date, drv_cash, drv_ticket, drv_cheque, drv_card, drv_unpaid, drv_amount, drv_takeaway) VALUES (1240, TO_DATE('17/03/2004', 'dd/MM/yyyy'), TO_DATE('18/03/2004', 'dd/MM/yyyy'), TO_DATE('18/03/2004', 'dd/MM/yyyy'), 17.5, 24.0, 183.8, 354.2, 0.0, 579.5, false);
INSERT INTO t_vat_revenue (vtr_id, drv_id, vat_id, vtr_amount, vtr_value) VALUES (2479, 1240, 1, 579.5, 94.96823);
INSERT INTO t_vat_revenue (vtr_id, drv_id, vat_id, vtr_amount, vtr_value) VALUES (2480, 1240, 2, 0, 0);
INSERT INTO t_day_revenue (drv_id, drv_revenue_date, drv_print_date, drv_closing_date, drv_cash, drv_ticket, drv_cheque, drv_card, drv_unpaid, drv_amount, drv_takeaway) VALUES (1241, TO_DATE('18/03/2004', 'dd/MM/yyyy'), TO_DATE('19/03/2004', 'dd/MM/yyyy'), TO_DATE('19/03/2004', 'dd/MM/yyyy'), 0.0, 0.0, 0.0, 55.0, 0.0, 55.0, true);
INSERT INTO t_vat_revenue (vtr_id, drv_id, vat_id, vtr_amount, vtr_value) VALUES (2481, 1241, 1, 0, 0);
INSERT INTO t_vat_revenue (vtr_id, drv_id, vat_id, vtr_amount, vtr_value) VALUES (2482, 1241, 2, 55.0, 2.8672986);
INSERT INTO t_day_revenue (drv_id, drv_revenue_date, drv_print_date, drv_closing_date, drv_cash, drv_ticket, drv_cheque, drv_card, drv_unpaid, drv_amount, drv_takeaway) VALUES (1242, TO_DATE('18/03/2004', 'dd/MM/yyyy'), TO_DATE('19/03/2004', 'dd/MM/yyyy'), TO_DATE('19/03/2004', 'dd/MM/yyyy'), 10.0, 0.0, 71.5, 422.0, 0.0, 503.5, false);
INSERT INTO t_vat_revenue (vtr_id, drv_id, vat_id, vtr_amount, vtr_value) VALUES (2483, 1242, 1, 503.5, 82.51338);
INSERT INTO t_vat_revenue (vtr_id, drv_id, vat_id, vtr_amount, vtr_value) VALUES (2484, 1242, 2, 0, 0);
INSERT INTO t_day_revenue (drv_id, drv_revenue_date, drv_print_date, drv_closing_date, drv_cash, drv_ticket, drv_cheque, drv_card, drv_unpaid, drv_amount, drv_takeaway) VALUES (1243, TO_DATE('19/03/2004', 'dd/MM/yyyy'), TO_DATE('26/03/2004', 'dd/MM/yyyy'), TO_DATE('26/03/2004', 'dd/MM/yyyy'), 0.0, 0.0, 0.0, 84.0, 0.0, 84.0, true);
INSERT INTO t_vat_revenue (vtr_id, drv_id, vat_id, vtr_amount, vtr_value) VALUES (2485, 1243, 1, 0, 0);
INSERT INTO t_vat_revenue (vtr_id, drv_id, vat_id, vtr_amount, vtr_value) VALUES (2486, 1243, 2, 84.0, 4.379147);
INSERT INTO t_day_revenue (drv_id, drv_revenue_date, drv_print_date, drv_closing_date, drv_cash, drv_ticket, drv_cheque, drv_card, drv_unpaid, drv_amount, drv_takeaway) VALUES (1244, TO_DATE('19/03/2004', 'dd/MM/yyyy'), TO_DATE('26/03/2004', 'dd/MM/yyyy'), TO_DATE('26/03/2004', 'dd/MM/yyyy'), 8.4, 6.1, 150.5, 896.5, 0.0, 1061.5, false);
INSERT INTO t_vat_revenue (vtr_id, drv_id, vat_id, vtr_amount, vtr_value) VALUES (2487, 1244, 1, 1061.5, 173.9582);
INSERT INTO t_vat_revenue (vtr_id, drv_id, vat_id, vtr_amount, vtr_value) VALUES (2488, 1244, 2, 0, 0);
INSERT INTO t_day_revenue (drv_id, drv_revenue_date, drv_print_date, drv_closing_date, drv_cash, drv_ticket, drv_cheque, drv_card, drv_unpaid, drv_amount, drv_takeaway) VALUES (1245, TO_DATE('20/03/2004', 'dd/MM/yyyy'), TO_DATE('26/03/2004', 'dd/MM/yyyy'), TO_DATE('26/03/2004', 'dd/MM/yyyy'), 0.0, 0.0, 0.0, 404.5, 0.0, 404.5, true);
INSERT INTO t_vat_revenue (vtr_id, drv_id, vat_id, vtr_amount, vtr_value) VALUES (2489, 1245, 1, 0, 0);
INSERT INTO t_vat_revenue (vtr_id, drv_id, vat_id, vtr_amount, vtr_value) VALUES (2490, 1245, 2, 404.5, 21.087677);
INSERT INTO t_day_revenue (drv_id, drv_revenue_date, drv_print_date, drv_closing_date, drv_cash, drv_ticket, drv_cheque, drv_card, drv_unpaid, drv_amount, drv_takeaway) VALUES (1246, TO_DATE('20/03/2004', 'dd/MM/yyyy'), TO_DATE('26/03/2004', 'dd/MM/yyyy'), TO_DATE('26/03/2004', 'dd/MM/yyyy'), 17.0, 13.9, 278.1, 746.5, 0.0, 1055.5, false);
INSERT INTO t_vat_revenue (vtr_id, drv_id, vat_id, vtr_amount, vtr_value) VALUES (2491, 1246, 1, 1055.5, 172.97493);
INSERT INTO t_vat_revenue (vtr_id, drv_id, vat_id, vtr_amount, vtr_value) VALUES (2492, 1246, 2, 0, 0);
INSERT INTO t_day_revenue (drv_id, drv_revenue_date, drv_print_date, drv_closing_date, drv_cash, drv_ticket, drv_cheque, drv_card, drv_unpaid, drv_amount, drv_takeaway) VALUES (1247, TO_DATE('21/03/2004', 'dd/MM/yyyy'), TO_DATE('26/03/2004', 'dd/MM/yyyy'), TO_DATE('26/03/2004', 'dd/MM/yyyy'), 0.0, 0.0, 0.0, 23.5, 0.0, 23.5, true);
INSERT INTO t_vat_revenue (vtr_id, drv_id, vat_id, vtr_amount, vtr_value) VALUES (2493, 1247, 1, 0, 0);
INSERT INTO t_vat_revenue (vtr_id, drv_id, vat_id, vtr_amount, vtr_value) VALUES (2494, 1247, 2, 23.5, 1.2251185);
INSERT INTO t_day_revenue (drv_id, drv_revenue_date, drv_print_date, drv_closing_date, drv_cash, drv_ticket, drv_cheque, drv_card, drv_unpaid, drv_amount, drv_takeaway) VALUES (1248, TO_DATE('21/03/2004', 'dd/MM/yyyy'), TO_DATE('26/03/2004', 'dd/MM/yyyy'), TO_DATE('26/03/2004', 'dd/MM/yyyy'), 6.3, 18.2, 344.5, 1176.5, 0.0, 1545.5, false);
INSERT INTO t_vat_revenue (vtr_id, drv_id, vat_id, vtr_amount, vtr_value) VALUES (2495, 1248, 1, 1545.5, 253.27592);
INSERT INTO t_vat_revenue (vtr_id, drv_id, vat_id, vtr_amount, vtr_value) VALUES (2496, 1248, 2, 0, 0);
INSERT INTO t_day_revenue (drv_id, drv_revenue_date, drv_print_date, drv_closing_date, drv_cash, drv_ticket, drv_cheque, drv_card, drv_unpaid, drv_amount, drv_takeaway) VALUES (1249, TO_DATE('22/03/2004', 'dd/MM/yyyy'), TO_DATE('26/03/2004', 'dd/MM/yyyy'), TO_DATE('26/03/2004', 'dd/MM/yyyy'), 0.0, 0.0, 26.0, 59.5, 0.0, 85.5, true);
INSERT INTO t_vat_revenue (vtr_id, drv_id, vat_id, vtr_amount, vtr_value) VALUES (2497, 1249, 1, 0, 0);
INSERT INTO t_vat_revenue (vtr_id, drv_id, vat_id, vtr_amount, vtr_value) VALUES (2498, 1249, 2, 85.5, 4.457346);
INSERT INTO t_day_revenue (drv_id, drv_revenue_date, drv_print_date, drv_closing_date, drv_cash, drv_ticket, drv_cheque, drv_card, drv_unpaid, drv_amount, drv_takeaway) VALUES (1250, TO_DATE('22/03/2004', 'dd/MM/yyyy'), TO_DATE('26/03/2004', 'dd/MM/yyyy'), TO_DATE('26/03/2004', 'dd/MM/yyyy'), 34.5, 0.0, 101.0, 462.0, 0.0, 597.5, false);
INSERT INTO t_vat_revenue (vtr_id, drv_id, vat_id, vtr_amount, vtr_value) VALUES (2499, 1250, 1, 597.5, 97.91806);
INSERT INTO t_vat_revenue (vtr_id, drv_id, vat_id, vtr_amount, vtr_value) VALUES (2500, 1250, 2, 0, 0);
INSERT INTO t_day_revenue (drv_id, drv_revenue_date, drv_print_date, drv_closing_date, drv_cash, drv_ticket, drv_cheque, drv_card, drv_unpaid, drv_amount, drv_takeaway) VALUES (1251, TO_DATE('23/03/2004', 'dd/MM/yyyy'), TO_DATE('26/03/2004', 'dd/MM/yyyy'), TO_DATE('26/03/2004', 'dd/MM/yyyy'), 20.5, 0.0, 0.0, 0.0, 0.0, 20.5, true);
INSERT INTO t_vat_revenue (vtr_id, drv_id, vat_id, vtr_amount, vtr_value) VALUES (2501, 1251, 1, 0, 0);
INSERT INTO t_vat_revenue (vtr_id, drv_id, vat_id, vtr_amount, vtr_value) VALUES (2502, 1251, 2, 20.5, 1.0687203);
INSERT INTO t_day_revenue (drv_id, drv_revenue_date, drv_print_date, drv_closing_date, drv_cash, drv_ticket, drv_cheque, drv_card, drv_unpaid, drv_amount, drv_takeaway) VALUES (1252, TO_DATE('23/03/2004', 'dd/MM/yyyy'), TO_DATE('26/03/2004', 'dd/MM/yyyy'), TO_DATE('26/03/2004', 'dd/MM/yyyy'), 0.0, 0.0, 200.5, 453.0, 0.0, 653.5, false);
INSERT INTO t_vat_revenue (vtr_id, drv_id, vat_id, vtr_amount, vtr_value) VALUES (2503, 1252, 1, 653.5, 107.09532);
INSERT INTO t_vat_revenue (vtr_id, drv_id, vat_id, vtr_amount, vtr_value) VALUES (2504, 1252, 2, 0, 0);
INSERT INTO t_day_revenue (drv_id, drv_revenue_date, drv_print_date, drv_closing_date, drv_cash, drv_ticket, drv_cheque, drv_card, drv_unpaid, drv_amount, drv_takeaway) VALUES (1253, TO_DATE('24/03/2004', 'dd/MM/yyyy'), TO_DATE('26/03/2004', 'dd/MM/yyyy'), TO_DATE('26/03/2004', 'dd/MM/yyyy'), 0.0, 0.0, 0.0, 38.0, 0.0, 38.0, true);
INSERT INTO t_vat_revenue (vtr_id, drv_id, vat_id, vtr_amount, vtr_value) VALUES (2505, 1253, 1, 0, 0);
INSERT INTO t_vat_revenue (vtr_id, drv_id, vat_id, vtr_amount, vtr_value) VALUES (2506, 1253, 2, 38.0, 1.9810426);
INSERT INTO t_day_revenue (drv_id, drv_revenue_date, drv_print_date, drv_closing_date, drv_cash, drv_ticket, drv_cheque, drv_card, drv_unpaid, drv_amount, drv_takeaway) VALUES (1254, TO_DATE('24/03/2004', 'dd/MM/yyyy'), TO_DATE('26/03/2004', 'dd/MM/yyyy'), TO_DATE('26/03/2004', 'dd/MM/yyyy'), 9.5, 11.75, 79.75, 401.5, 0.0, 502.5, false);
INSERT INTO t_vat_revenue (vtr_id, drv_id, vat_id, vtr_amount, vtr_value) VALUES (2507, 1254, 1, 502.5, 82.3495);
INSERT INTO t_vat_revenue (vtr_id, drv_id, vat_id, vtr_amount, vtr_value) VALUES (2508, 1254, 2, 0, 0);
INSERT INTO t_day_revenue (drv_id, drv_revenue_date, drv_print_date, drv_closing_date, drv_cash, drv_ticket, drv_cheque, drv_card, drv_unpaid, drv_amount, drv_takeaway) VALUES (1255, TO_DATE('25/03/2004', 'dd/MM/yyyy'), TO_DATE('26/03/2004', 'dd/MM/yyyy'), TO_DATE('26/03/2004', 'dd/MM/yyyy'), 0.0, 0.0, 0.0, 82.0, 0.0, 82.0, true);
INSERT INTO t_vat_revenue (vtr_id, drv_id, vat_id, vtr_amount, vtr_value) VALUES (2509, 1255, 1, 0, 0);
INSERT INTO t_vat_revenue (vtr_id, drv_id, vat_id, vtr_amount, vtr_value) VALUES (2510, 1255, 2, 82.0, 4.2748814);
INSERT INTO t_day_revenue (drv_id, drv_revenue_date, drv_print_date, drv_closing_date, drv_cash, drv_ticket, drv_cheque, drv_card, drv_unpaid, drv_amount, drv_takeaway) VALUES (1256, TO_DATE('25/03/2004', 'dd/MM/yyyy'), TO_DATE('26/03/2004', 'dd/MM/yyyy'), TO_DATE('26/03/2004', 'dd/MM/yyyy'), 17.5, 20.5, 331.5, 657.5, 0.0, 1027.0, false);
INSERT INTO t_vat_revenue (vtr_id, drv_id, vat_id, vtr_amount, vtr_value) VALUES (2511, 1256, 1, 1027.0, 168.30437);
INSERT INTO t_vat_revenue (vtr_id, drv_id, vat_id, vtr_amount, vtr_value) VALUES (2512, 1256, 2, 0, 0);
INSERT INTO t_day_revenue (drv_id, drv_revenue_date, drv_print_date, drv_closing_date, drv_cash, drv_ticket, drv_cheque, drv_card, drv_unpaid, drv_amount, drv_takeaway) VALUES (1257, TO_DATE('26/03/2004', 'dd/MM/yyyy'), TO_DATE('31/03/2004', 'dd/MM/yyyy'), TO_DATE('31/03/2004', 'dd/MM/yyyy'), 0.0, 0.0, 0.0, 61.5, 0.0, 61.5, true);
INSERT INTO t_vat_revenue (vtr_id, drv_id, vat_id, vtr_amount, vtr_value) VALUES (2513, 1257, 1, 0, 0);
INSERT INTO t_vat_revenue (vtr_id, drv_id, vat_id, vtr_amount, vtr_value) VALUES (2514, 1257, 2, 61.5, 3.206161);
INSERT INTO t_day_revenue (drv_id, drv_revenue_date, drv_print_date, drv_closing_date, drv_cash, drv_ticket, drv_cheque, drv_card, drv_unpaid, drv_amount, drv_takeaway) VALUES (1258, TO_DATE('26/03/2004', 'dd/MM/yyyy'), TO_DATE('31/03/2004', 'dd/MM/yyyy'), TO_DATE('31/03/2004', 'dd/MM/yyyy'), 9.5, 68.8, 182.2, 668.0, 0.0, 928.5, false);
INSERT INTO t_vat_revenue (vtr_id, drv_id, vat_id, vtr_amount, vtr_value) VALUES (2515, 1258, 1, 928.5, 152.1622);
INSERT INTO t_vat_revenue (vtr_id, drv_id, vat_id, vtr_amount, vtr_value) VALUES (2516, 1258, 2, 0, 0);
INSERT INTO t_day_revenue (drv_id, drv_revenue_date, drv_print_date, drv_closing_date, drv_cash, drv_ticket, drv_cheque, drv_card, drv_unpaid, drv_amount, drv_takeaway) VALUES (1259, TO_DATE('27/03/2004', 'dd/MM/yyyy'), TO_DATE('31/03/2004', 'dd/MM/yyyy'), TO_DATE('31/03/2004', 'dd/MM/yyyy'), 0.0, 0.0, 154.0, 205.0, 0.0, 359.0, true);
INSERT INTO t_vat_revenue (vtr_id, drv_id, vat_id, vtr_amount, vtr_value) VALUES (2517, 1259, 1, 0, 0);
INSERT INTO t_vat_revenue (vtr_id, drv_id, vat_id, vtr_amount, vtr_value) VALUES (2518, 1259, 2, 359.0, 18.71564);
INSERT INTO t_day_revenue (drv_id, drv_revenue_date, drv_print_date, drv_closing_date, drv_cash, drv_ticket, drv_cheque, drv_card, drv_unpaid, drv_amount, drv_takeaway) VALUES (1260, TO_DATE('27/03/2004', 'dd/MM/yyyy'), TO_DATE('31/03/2004', 'dd/MM/yyyy'), TO_DATE('31/03/2004', 'dd/MM/yyyy'), 20.0, 38.0, 450.0, 1175.0, 0.0, 1683.0, false);
INSERT INTO t_vat_revenue (vtr_id, drv_id, vat_id, vtr_amount, vtr_value) VALUES (2519, 1260, 1, 1683.0, 275.8094);
INSERT INTO t_vat_revenue (vtr_id, drv_id, vat_id, vtr_amount, vtr_value) VALUES (2520, 1260, 2, 0, 0);
INSERT INTO t_day_revenue (drv_id, drv_revenue_date, drv_print_date, drv_closing_date, drv_cash, drv_ticket, drv_cheque, drv_card, drv_unpaid, drv_amount, drv_takeaway) VALUES (1261, TO_DATE('28/03/2004', 'dd/MM/yyyy'), TO_DATE('31/03/2004', 'dd/MM/yyyy'), TO_DATE('31/03/2004', 'dd/MM/yyyy'), 0.0, 0.0, 0.0, 0.0, 0.0, 0.0, true);
INSERT INTO t_vat_revenue (vtr_id, drv_id, vat_id, vtr_amount, vtr_value) VALUES (2521, 1261, 1, 0, 0);
INSERT INTO t_vat_revenue (vtr_id, drv_id, vat_id, vtr_amount, vtr_value) VALUES (2522, 1261, 2, 0.0, 0.0);
INSERT INTO t_day_revenue (drv_id, drv_revenue_date, drv_print_date, drv_closing_date, drv_cash, drv_ticket, drv_cheque, drv_card, drv_unpaid, drv_amount, drv_takeaway) VALUES (1262, TO_DATE('28/03/2004', 'dd/MM/yyyy'), TO_DATE('31/03/2004', 'dd/MM/yyyy'), TO_DATE('31/03/2004', 'dd/MM/yyyy'), 13.0, 38.9, 40.0, 330.1, 0.0, 422.0, false);
INSERT INTO t_vat_revenue (vtr_id, drv_id, vat_id, vtr_amount, vtr_value) VALUES (2523, 1262, 1, 422.0, 69.157196);
INSERT INTO t_vat_revenue (vtr_id, drv_id, vat_id, vtr_amount, vtr_value) VALUES (2524, 1262, 2, 0, 0);
INSERT INTO t_day_revenue (drv_id, drv_revenue_date, drv_print_date, drv_closing_date, drv_cash, drv_ticket, drv_cheque, drv_card, drv_unpaid, drv_amount, drv_takeaway) VALUES (1263, TO_DATE('29/03/2004', 'dd/MM/yyyy'), TO_DATE('31/03/2004', 'dd/MM/yyyy'), TO_DATE('31/03/2004', 'dd/MM/yyyy'), 0.0, 0.0, 35.0, 30.0, 0.0, 65.0, true);
INSERT INTO t_vat_revenue (vtr_id, drv_id, vat_id, vtr_amount, vtr_value) VALUES (2525, 1263, 1, 0, 0);
INSERT INTO t_vat_revenue (vtr_id, drv_id, vat_id, vtr_amount, vtr_value) VALUES (2526, 1263, 2, 65.0, 3.3886256);
INSERT INTO t_day_revenue (drv_id, drv_revenue_date, drv_print_date, drv_closing_date, drv_cash, drv_ticket, drv_cheque, drv_card, drv_unpaid, drv_amount, drv_takeaway) VALUES (1264, TO_DATE('29/03/2004', 'dd/MM/yyyy'), TO_DATE('31/03/2004', 'dd/MM/yyyy'), TO_DATE('31/03/2004', 'dd/MM/yyyy'), 0.0, 52.0, 132.5, 213.5, 0.0, 398.0, false);
INSERT INTO t_vat_revenue (vtr_id, drv_id, vat_id, vtr_amount, vtr_value) VALUES (2527, 1264, 1, 398.0, 65.22408);
INSERT INTO t_vat_revenue (vtr_id, drv_id, vat_id, vtr_amount, vtr_value) VALUES (2528, 1264, 2, 0, 0);
INSERT INTO t_day_revenue (drv_id, drv_revenue_date, drv_print_date, drv_closing_date, drv_cash, drv_ticket, drv_cheque, drv_card, drv_unpaid, drv_amount, drv_takeaway) VALUES (1265, TO_DATE('30/03/2004', 'dd/MM/yyyy'), TO_DATE('31/03/2004', 'dd/MM/yyyy'), TO_DATE('31/03/2004', 'dd/MM/yyyy'), 0.0, 0.0, 0.0, 57.5, 0.0, 57.5, true);
INSERT INTO t_vat_revenue (vtr_id, drv_id, vat_id, vtr_amount, vtr_value) VALUES (2529, 1265, 1, 0, 0);
INSERT INTO t_vat_revenue (vtr_id, drv_id, vat_id, vtr_amount, vtr_value) VALUES (2530, 1265, 2, 57.5, 2.9976304);
INSERT INTO t_day_revenue (drv_id, drv_revenue_date, drv_print_date, drv_closing_date, drv_cash, drv_ticket, drv_cheque, drv_card, drv_unpaid, drv_amount, drv_takeaway) VALUES (1266, TO_DATE('30/03/2004', 'dd/MM/yyyy'), TO_DATE('31/03/2004', 'dd/MM/yyyy'), TO_DATE('31/03/2004', 'dd/MM/yyyy'), 20.3, 32.7, 98.0, 642.5, 0.0, 793.5, false);
INSERT INTO t_vat_revenue (vtr_id, drv_id, vat_id, vtr_amount, vtr_value) VALUES (2531, 1266, 1, 793.5, 130.03847);
INSERT INTO t_vat_revenue (vtr_id, drv_id, vat_id, vtr_amount, vtr_value) VALUES (2532, 1266, 2, 0, 0);
INSERT INTO t_day_revenue (drv_id, drv_revenue_date, drv_print_date, drv_closing_date, drv_cash, drv_ticket, drv_cheque, drv_card, drv_unpaid, drv_amount, drv_takeaway) VALUES (1267, TO_DATE('31/03/2004', 'dd/MM/yyyy'), TO_DATE('01/04/2004', 'dd/MM/yyyy'), TO_DATE('01/04/2004', 'dd/MM/yyyy'), 0.0, 0.0, 0.0, 0.0, 0.0, 0.0, true);
INSERT INTO t_vat_revenue (vtr_id, drv_id, vat_id, vtr_amount, vtr_value) VALUES (2533, 1267, 1, 0, 0);
INSERT INTO t_vat_revenue (vtr_id, drv_id, vat_id, vtr_amount, vtr_value) VALUES (2534, 1267, 2, 0.0, 0.0);
INSERT INTO t_day_revenue (drv_id, drv_revenue_date, drv_print_date, drv_closing_date, drv_cash, drv_ticket, drv_cheque, drv_card, drv_unpaid, drv_amount, drv_takeaway) VALUES (1268, TO_DATE('31/03/2004', 'dd/MM/yyyy'), TO_DATE('01/04/2004', 'dd/MM/yyyy'), TO_DATE('01/04/2004', 'dd/MM/yyyy'), 98.5, 18.46, 149.94, 684.1, 0.0, 951.0, false);
INSERT INTO t_vat_revenue (vtr_id, drv_id, vat_id, vtr_amount, vtr_value) VALUES (2535, 1268, 1, 951.0, 155.8495);
INSERT INTO t_vat_revenue (vtr_id, drv_id, vat_id, vtr_amount, vtr_value) VALUES (2536, 1268, 2, 0, 0);
INSERT INTO t_day_revenue (drv_id, drv_revenue_date, drv_print_date, drv_closing_date, drv_cash, drv_ticket, drv_cheque, drv_card, drv_unpaid, drv_amount, drv_takeaway) VALUES (1269, TO_DATE('01/04/2004', 'dd/MM/yyyy'), TO_DATE('07/04/2004', 'dd/MM/yyyy'), TO_DATE('07/04/2004', 'dd/MM/yyyy'), 30.5, 0.0, 0.0, 0.0, 0.0, 30.5, true);
INSERT INTO t_vat_revenue (vtr_id, drv_id, vat_id, vtr_amount, vtr_value) VALUES (2537, 1269, 1, 0, 0);
INSERT INTO t_vat_revenue (vtr_id, drv_id, vat_id, vtr_amount, vtr_value) VALUES (2538, 1269, 2, 30.5, 1.5900474);
INSERT INTO t_day_revenue (drv_id, drv_revenue_date, drv_print_date, drv_closing_date, drv_cash, drv_ticket, drv_cheque, drv_card, drv_unpaid, drv_amount, drv_takeaway) VALUES (1270, TO_DATE('01/04/2004', 'dd/MM/yyyy'), TO_DATE('07/04/2004', 'dd/MM/yyyy'), TO_DATE('07/04/2004', 'dd/MM/yyyy'), 0.0, 3.5, 119.5, 398.5, 0.0, 521.5, false);
INSERT INTO t_vat_revenue (vtr_id, drv_id, vat_id, vtr_amount, vtr_value) VALUES (2539, 1270, 1, 521.5, 85.46322);
INSERT INTO t_vat_revenue (vtr_id, drv_id, vat_id, vtr_amount, vtr_value) VALUES (2540, 1270, 2, 0, 0);
INSERT INTO t_day_revenue (drv_id, drv_revenue_date, drv_print_date, drv_closing_date, drv_cash, drv_ticket, drv_cheque, drv_card, drv_unpaid, drv_amount, drv_takeaway) VALUES (1271, TO_DATE('02/04/2004', 'dd/MM/yyyy'), TO_DATE('07/04/2004', 'dd/MM/yyyy'), TO_DATE('07/04/2004', 'dd/MM/yyyy'), 0.0, 0.0, 0.0, 21.5, 0.0, 21.5, true);
INSERT INTO t_vat_revenue (vtr_id, drv_id, vat_id, vtr_amount, vtr_value) VALUES (2541, 1271, 1, 0, 0);
INSERT INTO t_vat_revenue (vtr_id, drv_id, vat_id, vtr_amount, vtr_value) VALUES (2542, 1271, 2, 21.5, 1.1208531);
INSERT INTO t_day_revenue (drv_id, drv_revenue_date, drv_print_date, drv_closing_date, drv_cash, drv_ticket, drv_cheque, drv_card, drv_unpaid, drv_amount, drv_takeaway) VALUES (1272, TO_DATE('02/04/2004', 'dd/MM/yyyy'), TO_DATE('07/04/2004', 'dd/MM/yyyy'), TO_DATE('07/04/2004', 'dd/MM/yyyy'), 31.0, 32.8, 304.6, 1321.6, 0.0, 1690.0, false);
INSERT INTO t_vat_revenue (vtr_id, drv_id, vat_id, vtr_amount, vtr_value) VALUES (2543, 1272, 1, 1690.0, 276.9565);
INSERT INTO t_vat_revenue (vtr_id, drv_id, vat_id, vtr_amount, vtr_value) VALUES (2544, 1272, 2, 0, 0);
INSERT INTO t_day_revenue (drv_id, drv_revenue_date, drv_print_date, drv_closing_date, drv_cash, drv_ticket, drv_cheque, drv_card, drv_unpaid, drv_amount, drv_takeaway) VALUES (1273, TO_DATE('03/04/2004', 'dd/MM/yyyy'), TO_DATE('07/04/2004', 'dd/MM/yyyy'), TO_DATE('07/04/2004', 'dd/MM/yyyy'), 0.0, 0.0, 0.0, 0.0, 0.0, 0.0, true);
INSERT INTO t_vat_revenue (vtr_id, drv_id, vat_id, vtr_amount, vtr_value) VALUES (2545, 1273, 1, 0, 0);
INSERT INTO t_vat_revenue (vtr_id, drv_id, vat_id, vtr_amount, vtr_value) VALUES (2546, 1273, 2, 0.0, 0.0);
INSERT INTO t_day_revenue (drv_id, drv_revenue_date, drv_print_date, drv_closing_date, drv_cash, drv_ticket, drv_cheque, drv_card, drv_unpaid, drv_amount, drv_takeaway) VALUES (1274, TO_DATE('03/04/2004', 'dd/MM/yyyy'), TO_DATE('07/04/2004', 'dd/MM/yyyy'), TO_DATE('07/04/2004', 'dd/MM/yyyy'), 16.1, 55.93, 538.8, 1121.67, 0.0, 1732.5, false);
INSERT INTO t_vat_revenue (vtr_id, drv_id, vat_id, vtr_amount, vtr_value) VALUES (2547, 1274, 1, 1732.5, 283.92142);
INSERT INTO t_vat_revenue (vtr_id, drv_id, vat_id, vtr_amount, vtr_value) VALUES (2548, 1274, 2, 0, 0);
INSERT INTO t_day_revenue (drv_id, drv_revenue_date, drv_print_date, drv_closing_date, drv_cash, drv_ticket, drv_cheque, drv_card, drv_unpaid, drv_amount, drv_takeaway) VALUES (1275, TO_DATE('04/04/2004', 'dd/MM/yyyy'), TO_DATE('07/04/2004', 'dd/MM/yyyy'), TO_DATE('07/04/2004', 'dd/MM/yyyy'), 0.0, 0.0, 0.0, 182.0, 0.0, 182.0, true);
INSERT INTO t_vat_revenue (vtr_id, drv_id, vat_id, vtr_amount, vtr_value) VALUES (2549, 1275, 1, 0, 0);
INSERT INTO t_vat_revenue (vtr_id, drv_id, vat_id, vtr_amount, vtr_value) VALUES (2550, 1275, 2, 182.0, 9.488152);
INSERT INTO t_day_revenue (drv_id, drv_revenue_date, drv_print_date, drv_closing_date, drv_cash, drv_ticket, drv_cheque, drv_card, drv_unpaid, drv_amount, drv_takeaway) VALUES (1276, TO_DATE('04/04/2004', 'dd/MM/yyyy'), TO_DATE('07/04/2004', 'dd/MM/yyyy'), TO_DATE('07/04/2004', 'dd/MM/yyyy'), 0.0, 0.0, 149.0, 637.0, 0.0, 786.0, false);
INSERT INTO t_vat_revenue (vtr_id, drv_id, vat_id, vtr_amount, vtr_value) VALUES (2551, 1276, 1, 786.0, 128.80937);
INSERT INTO t_vat_revenue (vtr_id, drv_id, vat_id, vtr_amount, vtr_value) VALUES (2552, 1276, 2, 0, 0);
INSERT INTO t_day_revenue (drv_id, drv_revenue_date, drv_print_date, drv_closing_date, drv_cash, drv_ticket, drv_cheque, drv_card, drv_unpaid, drv_amount, drv_takeaway) VALUES (1277, TO_DATE('05/04/2004', 'dd/MM/yyyy'), TO_DATE('07/04/2004', 'dd/MM/yyyy'), TO_DATE('07/04/2004', 'dd/MM/yyyy'), 0.0, 0.0, 0.0, 57.5, 0.0, 57.5, true);
INSERT INTO t_vat_revenue (vtr_id, drv_id, vat_id, vtr_amount, vtr_value) VALUES (2553, 1277, 1, 0, 0);
INSERT INTO t_vat_revenue (vtr_id, drv_id, vat_id, vtr_amount, vtr_value) VALUES (2554, 1277, 2, 57.5, 2.9976304);
INSERT INTO t_day_revenue (drv_id, drv_revenue_date, drv_print_date, drv_closing_date, drv_cash, drv_ticket, drv_cheque, drv_card, drv_unpaid, drv_amount, drv_takeaway) VALUES (1278, TO_DATE('05/04/2004', 'dd/MM/yyyy'), TO_DATE('07/04/2004', 'dd/MM/yyyy'), TO_DATE('07/04/2004', 'dd/MM/yyyy'), 9.5, 32.6, 159.5, 305.9, 0.0, 507.5, false);
INSERT INTO t_vat_revenue (vtr_id, drv_id, vat_id, vtr_amount, vtr_value) VALUES (2555, 1278, 1, 507.5, 83.1689);
INSERT INTO t_vat_revenue (vtr_id, drv_id, vat_id, vtr_amount, vtr_value) VALUES (2556, 1278, 2, 0, 0);
INSERT INTO t_day_revenue (drv_id, drv_revenue_date, drv_print_date, drv_closing_date, drv_cash, drv_ticket, drv_cheque, drv_card, drv_unpaid, drv_amount, drv_takeaway) VALUES (1279, TO_DATE('06/04/2004', 'dd/MM/yyyy'), TO_DATE('07/04/2004', 'dd/MM/yyyy'), TO_DATE('07/04/2004', 'dd/MM/yyyy'), 0.0, 0.0, 66.75, 137.75, 0.0, 204.5, true);
INSERT INTO t_vat_revenue (vtr_id, drv_id, vat_id, vtr_amount, vtr_value) VALUES (2557, 1279, 1, 0, 0);
INSERT INTO t_vat_revenue (vtr_id, drv_id, vat_id, vtr_amount, vtr_value) VALUES (2558, 1279, 2, 204.5, 10.661138);
INSERT INTO t_day_revenue (drv_id, drv_revenue_date, drv_print_date, drv_closing_date, drv_cash, drv_ticket, drv_cheque, drv_card, drv_unpaid, drv_amount, drv_takeaway) VALUES (1280, TO_DATE('06/04/2004', 'dd/MM/yyyy'), TO_DATE('07/04/2004', 'dd/MM/yyyy'), TO_DATE('07/04/2004', 'dd/MM/yyyy'), 19.5, 25.5, 191.5, 502.5, 0.0, 739.0, false);
INSERT INTO t_vat_revenue (vtr_id, drv_id, vat_id, vtr_amount, vtr_value) VALUES (2559, 1280, 1, 739.0, 121.107025);
INSERT INTO t_vat_revenue (vtr_id, drv_id, vat_id, vtr_amount, vtr_value) VALUES (2560, 1280, 2, 0, 0);
INSERT INTO t_day_revenue (drv_id, drv_revenue_date, drv_print_date, drv_closing_date, drv_cash, drv_ticket, drv_cheque, drv_card, drv_unpaid, drv_amount, drv_takeaway) VALUES (1281, TO_DATE('07/04/2004', 'dd/MM/yyyy'), TO_DATE('08/04/2004', 'dd/MM/yyyy'), TO_DATE('20/04/2004', 'dd/MM/yyyy'), 0.0, 0.0, 29.0, 91.5, 0.0, 120.5, true);
INSERT INTO t_vat_revenue (vtr_id, drv_id, vat_id, vtr_amount, vtr_value) VALUES (2561, 1281, 1, 0, 0);
INSERT INTO t_vat_revenue (vtr_id, drv_id, vat_id, vtr_amount, vtr_value) VALUES (2562, 1281, 2, 120.5, 6.2819905);
INSERT INTO t_day_revenue (drv_id, drv_revenue_date, drv_print_date, drv_closing_date, drv_cash, drv_ticket, drv_cheque, drv_card, drv_unpaid, drv_amount, drv_takeaway) VALUES (1282, TO_DATE('07/04/2004', 'dd/MM/yyyy'), TO_DATE('08/04/2004', 'dd/MM/yyyy'), TO_DATE('20/04/2004', 'dd/MM/yyyy'), 29.5, 0.0, 73.5, 561.5, 0.0, 664.5, false);
INSERT INTO t_vat_revenue (vtr_id, drv_id, vat_id, vtr_amount, vtr_value) VALUES (2563, 1282, 1, 664.5, 108.897995);
INSERT INTO t_vat_revenue (vtr_id, drv_id, vat_id, vtr_amount, vtr_value) VALUES (2564, 1282, 2, 0, 0);
INSERT INTO t_day_revenue (drv_id, drv_revenue_date, drv_print_date, drv_closing_date, drv_cash, drv_ticket, drv_cheque, drv_card, drv_unpaid, drv_amount, drv_takeaway) VALUES (1283, TO_DATE('08/04/2004', 'dd/MM/yyyy'), TO_DATE('20/04/2004', 'dd/MM/yyyy'), TO_DATE('20/04/2004', 'dd/MM/yyyy'), 0.0, 0.0, 17.0, 17.5, 0.0, 34.5, true);
INSERT INTO t_vat_revenue (vtr_id, drv_id, vat_id, vtr_amount, vtr_value) VALUES (2565, 1283, 1, 0, 0);
INSERT INTO t_vat_revenue (vtr_id, drv_id, vat_id, vtr_amount, vtr_value) VALUES (2566, 1283, 2, 34.5, 1.7985781);
INSERT INTO t_day_revenue (drv_id, drv_revenue_date, drv_print_date, drv_closing_date, drv_cash, drv_ticket, drv_cheque, drv_card, drv_unpaid, drv_amount, drv_takeaway) VALUES (1284, TO_DATE('08/04/2004', 'dd/MM/yyyy'), TO_DATE('20/04/2004', 'dd/MM/yyyy'), TO_DATE('20/04/2004', 'dd/MM/yyyy'), 14.0, 26.5, 238.0, 781.5, 0.0, 1060.0, false);
INSERT INTO t_vat_revenue (vtr_id, drv_id, vat_id, vtr_amount, vtr_value) VALUES (2567, 1284, 1, 1060.0, 173.71237);
INSERT INTO t_vat_revenue (vtr_id, drv_id, vat_id, vtr_amount, vtr_value) VALUES (2568, 1284, 2, 0, 0);
INSERT INTO t_day_revenue (drv_id, drv_revenue_date, drv_print_date, drv_closing_date, drv_cash, drv_ticket, drv_cheque, drv_card, drv_unpaid, drv_amount, drv_takeaway) VALUES (1285, TO_DATE('09/04/2004', 'dd/MM/yyyy'), TO_DATE('20/04/2004', 'dd/MM/yyyy'), TO_DATE('20/04/2004', 'dd/MM/yyyy'), 15.5, 0.0, 0.0, 0.0, 0.0, 15.5, true);
INSERT INTO t_vat_revenue (vtr_id, drv_id, vat_id, vtr_amount, vtr_value) VALUES (2569, 1285, 1, 0, 0);
INSERT INTO t_vat_revenue (vtr_id, drv_id, vat_id, vtr_amount, vtr_value) VALUES (2570, 1285, 2, 15.5, 0.8080569);
INSERT INTO t_day_revenue (drv_id, drv_revenue_date, drv_print_date, drv_closing_date, drv_cash, drv_ticket, drv_cheque, drv_card, drv_unpaid, drv_amount, drv_takeaway) VALUES (1286, TO_DATE('09/04/2004', 'dd/MM/yyyy'), TO_DATE('20/04/2004', 'dd/MM/yyyy'), TO_DATE('20/04/2004', 'dd/MM/yyyy'), 20.5, 42.5, 290.5, 945.5, 0.0, 1299.0, false);
INSERT INTO t_vat_revenue (vtr_id, drv_id, vat_id, vtr_amount, vtr_value) VALUES (2571, 1286, 1, 1299.0, 212.87961);
INSERT INTO t_vat_revenue (vtr_id, drv_id, vat_id, vtr_amount, vtr_value) VALUES (2572, 1286, 2, 0, 0);
INSERT INTO t_day_revenue (drv_id, drv_revenue_date, drv_print_date, drv_closing_date, drv_cash, drv_ticket, drv_cheque, drv_card, drv_unpaid, drv_amount, drv_takeaway) VALUES (1287, TO_DATE('10/04/2004', 'dd/MM/yyyy'), TO_DATE('20/04/2004', 'dd/MM/yyyy'), TO_DATE('20/04/2004', 'dd/MM/yyyy'), 0.0, 0.0, 0.0, 19.0, 0.0, 19.0, true);
INSERT INTO t_vat_revenue (vtr_id, drv_id, vat_id, vtr_amount, vtr_value) VALUES (2573, 1287, 1, 0, 0);
INSERT INTO t_vat_revenue (vtr_id, drv_id, vat_id, vtr_amount, vtr_value) VALUES (2574, 1287, 2, 19.0, 0.9905213);
INSERT INTO t_day_revenue (drv_id, drv_revenue_date, drv_print_date, drv_closing_date, drv_cash, drv_ticket, drv_cheque, drv_card, drv_unpaid, drv_amount, drv_takeaway) VALUES (1288, TO_DATE('10/04/2004', 'dd/MM/yyyy'), TO_DATE('20/04/2004', 'dd/MM/yyyy'), TO_DATE('20/04/2004', 'dd/MM/yyyy'), 10.5, 33.5, 135.0, 1040.0, 0.0, 1219.0, false);
INSERT INTO t_vat_revenue (vtr_id, drv_id, vat_id, vtr_amount, vtr_value) VALUES (2575, 1288, 1, 1219.0, 199.76924);
INSERT INTO t_vat_revenue (vtr_id, drv_id, vat_id, vtr_amount, vtr_value) VALUES (2576, 1288, 2, 0, 0);
INSERT INTO t_day_revenue (drv_id, drv_revenue_date, drv_print_date, drv_closing_date, drv_cash, drv_ticket, drv_cheque, drv_card, drv_unpaid, drv_amount, drv_takeaway) VALUES (1289, TO_DATE('11/04/2004', 'dd/MM/yyyy'), TO_DATE('20/04/2004', 'dd/MM/yyyy'), TO_DATE('20/04/2004', 'dd/MM/yyyy'), 0.0, 0.0, 56.5, 109.5, 0.0, 166.0, true);
INSERT INTO t_vat_revenue (vtr_id, drv_id, vat_id, vtr_amount, vtr_value) VALUES (2577, 1289, 1, 0, 0);
INSERT INTO t_vat_revenue (vtr_id, drv_id, vat_id, vtr_amount, vtr_value) VALUES (2578, 1289, 2, 166.0, 8.654029);
INSERT INTO t_day_revenue (drv_id, drv_revenue_date, drv_print_date, drv_closing_date, drv_cash, drv_ticket, drv_cheque, drv_card, drv_unpaid, drv_amount, drv_takeaway) VALUES (1290, TO_DATE('11/04/2004', 'dd/MM/yyyy'), TO_DATE('20/04/2004', 'dd/MM/yyyy'), TO_DATE('20/04/2004', 'dd/MM/yyyy'), 26.5, 44.25, 193.5, 918.25, 0.0, 1182.5, false);
INSERT INTO t_vat_revenue (vtr_id, drv_id, vat_id, vtr_amount, vtr_value) VALUES (2579, 1290, 1, 1182.5, 193.78763);
INSERT INTO t_vat_revenue (vtr_id, drv_id, vat_id, vtr_amount, vtr_value) VALUES (2580, 1290, 2, 0, 0);
INSERT INTO t_day_revenue (drv_id, drv_revenue_date, drv_print_date, drv_closing_date, drv_cash, drv_ticket, drv_cheque, drv_card, drv_unpaid, drv_amount, drv_takeaway) VALUES (1291, TO_DATE('12/04/2004', 'dd/MM/yyyy'), TO_DATE('20/04/2004', 'dd/MM/yyyy'), TO_DATE('20/04/2004', 'dd/MM/yyyy'), 0.0, 0.0, 29.0, 47.0, 0.0, 76.0, true);
INSERT INTO t_vat_revenue (vtr_id, drv_id, vat_id, vtr_amount, vtr_value) VALUES (2581, 1291, 1, 0, 0);
INSERT INTO t_vat_revenue (vtr_id, drv_id, vat_id, vtr_amount, vtr_value) VALUES (2582, 1291, 2, 76.0, 3.9620852);
INSERT INTO t_day_revenue (drv_id, drv_revenue_date, drv_print_date, drv_closing_date, drv_cash, drv_ticket, drv_cheque, drv_card, drv_unpaid, drv_amount, drv_takeaway) VALUES (1292, TO_DATE('12/04/2004', 'dd/MM/yyyy'), TO_DATE('20/04/2004', 'dd/MM/yyyy'), TO_DATE('20/04/2004', 'dd/MM/yyyy'), 0.0, 21.54, 243.5, 842.96, 0.0, 1108.0, false);
INSERT INTO t_vat_revenue (vtr_id, drv_id, vat_id, vtr_amount, vtr_value) VALUES (2583, 1292, 1, 1108.0, 181.5786);
INSERT INTO t_vat_revenue (vtr_id, drv_id, vat_id, vtr_amount, vtr_value) VALUES (2584, 1292, 2, 0, 0);
INSERT INTO t_day_revenue (drv_id, drv_revenue_date, drv_print_date, drv_closing_date, drv_cash, drv_ticket, drv_cheque, drv_card, drv_unpaid, drv_amount, drv_takeaway) VALUES (1293, TO_DATE('13/04/2004', 'dd/MM/yyyy'), TO_DATE('20/04/2004', 'dd/MM/yyyy'), TO_DATE('20/04/2004', 'dd/MM/yyyy'), 0.0, 0.0, 0.0, 52.5, 0.0, 52.5, true);
INSERT INTO t_vat_revenue (vtr_id, drv_id, vat_id, vtr_amount, vtr_value) VALUES (2585, 1293, 1, 0, 0);
INSERT INTO t_vat_revenue (vtr_id, drv_id, vat_id, vtr_amount, vtr_value) VALUES (2586, 1293, 2, 52.5, 2.7369668);
INSERT INTO t_day_revenue (drv_id, drv_revenue_date, drv_print_date, drv_closing_date, drv_cash, drv_ticket, drv_cheque, drv_card, drv_unpaid, drv_amount, drv_takeaway) VALUES (1294, TO_DATE('13/04/2004', 'dd/MM/yyyy'), TO_DATE('20/04/2004', 'dd/MM/yyyy'), TO_DATE('20/04/2004', 'dd/MM/yyyy'), 21.0, 20.0, 288.5, 426.0, 0.0, 755.5, false);
INSERT INTO t_vat_revenue (vtr_id, drv_id, vat_id, vtr_amount, vtr_value) VALUES (2587, 1294, 1, 755.5, 123.811035);
INSERT INTO t_vat_revenue (vtr_id, drv_id, vat_id, vtr_amount, vtr_value) VALUES (2588, 1294, 2, 0, 0);
INSERT INTO t_day_revenue (drv_id, drv_revenue_date, drv_print_date, drv_closing_date, drv_cash, drv_ticket, drv_cheque, drv_card, drv_unpaid, drv_amount, drv_takeaway) VALUES (1295, TO_DATE('14/04/2004', 'dd/MM/yyyy'), TO_DATE('20/04/2004', 'dd/MM/yyyy'), TO_DATE('20/04/2004', 'dd/MM/yyyy'), 0.0, 0.0, 0.0, 20.0, 0.0, 20.0, true);
INSERT INTO t_vat_revenue (vtr_id, drv_id, vat_id, vtr_amount, vtr_value) VALUES (2589, 1295, 1, 0, 0);
INSERT INTO t_vat_revenue (vtr_id, drv_id, vat_id, vtr_amount, vtr_value) VALUES (2590, 1295, 2, 20.0, 1.042654);
INSERT INTO t_day_revenue (drv_id, drv_revenue_date, drv_print_date, drv_closing_date, drv_cash, drv_ticket, drv_cheque, drv_card, drv_unpaid, drv_amount, drv_takeaway) VALUES (1296, TO_DATE('14/04/2004', 'dd/MM/yyyy'), TO_DATE('20/04/2004', 'dd/MM/yyyy'), TO_DATE('20/04/2004', 'dd/MM/yyyy'), 9.3, 27.7, 58.0, 644.5, 0.0, 739.5, false);
INSERT INTO t_vat_revenue (vtr_id, drv_id, vat_id, vtr_amount, vtr_value) VALUES (2591, 1296, 1, 739.5, 121.188965);
INSERT INTO t_vat_revenue (vtr_id, drv_id, vat_id, vtr_amount, vtr_value) VALUES (2592, 1296, 2, 0, 0);
INSERT INTO t_day_revenue (drv_id, drv_revenue_date, drv_print_date, drv_closing_date, drv_cash, drv_ticket, drv_cheque, drv_card, drv_unpaid, drv_amount, drv_takeaway) VALUES (1297, TO_DATE('15/04/2004', 'dd/MM/yyyy'), TO_DATE('20/04/2004', 'dd/MM/yyyy'), TO_DATE('20/04/2004', 'dd/MM/yyyy'), 0.0, 0.0, 0.0, 129.0, 0.0, 129.0, true);
INSERT INTO t_vat_revenue (vtr_id, drv_id, vat_id, vtr_amount, vtr_value) VALUES (2593, 1297, 1, 0, 0);
INSERT INTO t_vat_revenue (vtr_id, drv_id, vat_id, vtr_amount, vtr_value) VALUES (2594, 1297, 2, 129.0, 6.7251186);
INSERT INTO t_day_revenue (drv_id, drv_revenue_date, drv_print_date, drv_closing_date, drv_cash, drv_ticket, drv_cheque, drv_card, drv_unpaid, drv_amount, drv_takeaway) VALUES (1298, TO_DATE('15/04/2004', 'dd/MM/yyyy'), TO_DATE('20/04/2004', 'dd/MM/yyyy'), TO_DATE('20/04/2004', 'dd/MM/yyyy'), 15.0, 0.0, 363.0, 670.5, 0.0, 1048.5, false);
INSERT INTO t_vat_revenue (vtr_id, drv_id, vat_id, vtr_amount, vtr_value) VALUES (2595, 1298, 1, 1048.5, 171.82776);
INSERT INTO t_vat_revenue (vtr_id, drv_id, vat_id, vtr_amount, vtr_value) VALUES (2596, 1298, 2, 0, 0);
INSERT INTO t_day_revenue (drv_id, drv_revenue_date, drv_print_date, drv_closing_date, drv_cash, drv_ticket, drv_cheque, drv_card, drv_unpaid, drv_amount, drv_takeaway) VALUES (1299, TO_DATE('16/04/2004', 'dd/MM/yyyy'), TO_DATE('20/04/2004', 'dd/MM/yyyy'), TO_DATE('20/04/2004', 'dd/MM/yyyy'), 0.0, 0.0, 21.5, 0.0, 0.0, 21.5, true);
INSERT INTO t_vat_revenue (vtr_id, drv_id, vat_id, vtr_amount, vtr_value) VALUES (2597, 1299, 1, 0, 0);
INSERT INTO t_vat_revenue (vtr_id, drv_id, vat_id, vtr_amount, vtr_value) VALUES (2598, 1299, 2, 21.5, 1.1208531);
INSERT INTO t_day_revenue (drv_id, drv_revenue_date, drv_print_date, drv_closing_date, drv_cash, drv_ticket, drv_cheque, drv_card, drv_unpaid, drv_amount, drv_takeaway) VALUES (1300, TO_DATE('16/04/2004', 'dd/MM/yyyy'), TO_DATE('20/04/2004', 'dd/MM/yyyy'), TO_DATE('20/04/2004', 'dd/MM/yyyy'), 12.0, 15.5, 363.0, 651.0, 0.0, 1041.5, false);
INSERT INTO t_vat_revenue (vtr_id, drv_id, vat_id, vtr_amount, vtr_value) VALUES (2599, 1300, 1, 1041.5, 170.6806);
INSERT INTO t_vat_revenue (vtr_id, drv_id, vat_id, vtr_amount, vtr_value) VALUES (2600, 1300, 2, 0, 0);
INSERT INTO t_day_revenue (drv_id, drv_revenue_date, drv_print_date, drv_closing_date, drv_cash, drv_ticket, drv_cheque, drv_card, drv_unpaid, drv_amount, drv_takeaway) VALUES (1301, TO_DATE('17/04/2004', 'dd/MM/yyyy'), TO_DATE('20/04/2004', 'dd/MM/yyyy'), TO_DATE('20/04/2004', 'dd/MM/yyyy'), 0.0, 0.0, 0.0, 100.5, 0.0, 100.5, true);
INSERT INTO t_vat_revenue (vtr_id, drv_id, vat_id, vtr_amount, vtr_value) VALUES (2601, 1301, 1, 0, 0);
INSERT INTO t_vat_revenue (vtr_id, drv_id, vat_id, vtr_amount, vtr_value) VALUES (2602, 1301, 2, 100.5, 5.2393365);
INSERT INTO t_day_revenue (drv_id, drv_revenue_date, drv_print_date, drv_closing_date, drv_cash, drv_ticket, drv_cheque, drv_card, drv_unpaid, drv_amount, drv_takeaway) VALUES (1302, TO_DATE('17/04/2004', 'dd/MM/yyyy'), TO_DATE('20/04/2004', 'dd/MM/yyyy'), TO_DATE('20/04/2004', 'dd/MM/yyyy'), 17.1, 41.9, 204.5, 988.0, 0.0, 1251.5, false);
INSERT INTO t_vat_revenue (vtr_id, drv_id, vat_id, vtr_amount, vtr_value) VALUES (2603, 1302, 1, 1251.5, 205.09532);
INSERT INTO t_vat_revenue (vtr_id, drv_id, vat_id, vtr_amount, vtr_value) VALUES (2604, 1302, 2, 0, 0);
INSERT INTO t_day_revenue (drv_id, drv_revenue_date, drv_print_date, drv_closing_date, drv_cash, drv_ticket, drv_cheque, drv_card, drv_unpaid, drv_amount, drv_takeaway) VALUES (1303, TO_DATE('18/04/2004', 'dd/MM/yyyy'), TO_DATE('20/04/2004', 'dd/MM/yyyy'), TO_DATE('20/04/2004', 'dd/MM/yyyy'), 0.0, 0.0, 0.0, 117.0, 0.0, 117.0, true);
INSERT INTO t_vat_revenue (vtr_id, drv_id, vat_id, vtr_amount, vtr_value) VALUES (2605, 1303, 1, 0, 0);
INSERT INTO t_vat_revenue (vtr_id, drv_id, vat_id, vtr_amount, vtr_value) VALUES (2606, 1303, 2, 117.0, 6.099526);
INSERT INTO t_day_revenue (drv_id, drv_revenue_date, drv_print_date, drv_closing_date, drv_cash, drv_ticket, drv_cheque, drv_card, drv_unpaid, drv_amount, drv_takeaway) VALUES (1304, TO_DATE('18/04/2004', 'dd/MM/yyyy'), TO_DATE('20/04/2004', 'dd/MM/yyyy'), TO_DATE('20/04/2004', 'dd/MM/yyyy'), 13.52, 29.9, 739.33, 559.5, 0.0, 1342.25, false);
INSERT INTO t_vat_revenue (vtr_id, drv_id, vat_id, vtr_amount, vtr_value) VALUES (2607, 1304, 1, 1342.25, 219.96739);
INSERT INTO t_vat_revenue (vtr_id, drv_id, vat_id, vtr_amount, vtr_value) VALUES (2608, 1304, 2, 0, 0);
INSERT INTO t_day_revenue (drv_id, drv_revenue_date, drv_print_date, drv_closing_date, drv_cash, drv_ticket, drv_cheque, drv_card, drv_unpaid, drv_amount, drv_takeaway) VALUES (1305, TO_DATE('19/04/2004', 'dd/MM/yyyy'), TO_DATE('20/04/2004', 'dd/MM/yyyy'), TO_DATE('20/04/2004', 'dd/MM/yyyy'), 14.5, 0.0, 0.0, 83.5, 0.0, 98.0, true);
INSERT INTO t_vat_revenue (vtr_id, drv_id, vat_id, vtr_amount, vtr_value) VALUES (2609, 1305, 1, 0, 0);
INSERT INTO t_vat_revenue (vtr_id, drv_id, vat_id, vtr_amount, vtr_value) VALUES (2610, 1305, 2, 98.0, 5.109005);
INSERT INTO t_day_revenue (drv_id, drv_revenue_date, drv_print_date, drv_closing_date, drv_cash, drv_ticket, drv_cheque, drv_card, drv_unpaid, drv_amount, drv_takeaway) VALUES (1306, TO_DATE('19/04/2004', 'dd/MM/yyyy'), TO_DATE('20/04/2004', 'dd/MM/yyyy'), TO_DATE('20/04/2004', 'dd/MM/yyyy'), 19.5, 42.0, 245.0, 823.0, 0.0, 1129.5, false);
INSERT INTO t_vat_revenue (vtr_id, drv_id, vat_id, vtr_amount, vtr_value) VALUES (2611, 1306, 1, 1129.5, 185.10202);
INSERT INTO t_vat_revenue (vtr_id, drv_id, vat_id, vtr_amount, vtr_value) VALUES (2612, 1306, 2, 0, 0);
INSERT INTO t_day_revenue (drv_id, drv_revenue_date, drv_print_date, drv_closing_date, drv_cash, drv_ticket, drv_cheque, drv_card, drv_unpaid, drv_amount, drv_takeaway) VALUES (1307, TO_DATE('20/04/2004', 'dd/MM/yyyy'), TO_DATE('21/04/2004', 'dd/MM/yyyy'), TO_DATE('21/04/2004', 'dd/MM/yyyy'), 0.0, 0.0, 0.0, 0.0, 0.0, 0.0, true);
INSERT INTO t_vat_revenue (vtr_id, drv_id, vat_id, vtr_amount, vtr_value) VALUES (2613, 1307, 1, 0, 0);
INSERT INTO t_vat_revenue (vtr_id, drv_id, vat_id, vtr_amount, vtr_value) VALUES (2614, 1307, 2, 0.0, 0.0);
INSERT INTO t_day_revenue (drv_id, drv_revenue_date, drv_print_date, drv_closing_date, drv_cash, drv_ticket, drv_cheque, drv_card, drv_unpaid, drv_amount, drv_takeaway) VALUES (1308, TO_DATE('20/04/2004', 'dd/MM/yyyy'), TO_DATE('21/04/2004', 'dd/MM/yyyy'), TO_DATE('21/04/2004', 'dd/MM/yyyy'), 26.5, 45.5, 73.5, 436.5, 0.0, 582.0, false);
INSERT INTO t_vat_revenue (vtr_id, drv_id, vat_id, vtr_amount, vtr_value) VALUES (2615, 1308, 1, 582.0, 95.37793);
INSERT INTO t_vat_revenue (vtr_id, drv_id, vat_id, vtr_amount, vtr_value) VALUES (2616, 1308, 2, 0, 0);
INSERT INTO t_day_revenue (drv_id, drv_revenue_date, drv_print_date, drv_closing_date, drv_cash, drv_ticket, drv_cheque, drv_card, drv_unpaid, drv_amount, drv_takeaway) VALUES (1309, TO_DATE('21/04/2004', 'dd/MM/yyyy'), TO_DATE('22/04/2004', 'dd/MM/yyyy'), TO_DATE('22/04/2004', 'dd/MM/yyyy'), 0.0, 0.0, 0.0, 54.5, 0.0, 54.5, true);
INSERT INTO t_vat_revenue (vtr_id, drv_id, vat_id, vtr_amount, vtr_value) VALUES (2617, 1309, 1, 0, 0);
INSERT INTO t_vat_revenue (vtr_id, drv_id, vat_id, vtr_amount, vtr_value) VALUES (2618, 1309, 2, 54.5, 2.8412323);
INSERT INTO t_day_revenue (drv_id, drv_revenue_date, drv_print_date, drv_closing_date, drv_cash, drv_ticket, drv_cheque, drv_card, drv_unpaid, drv_amount, drv_takeaway) VALUES (1310, TO_DATE('21/04/2004', 'dd/MM/yyyy'), TO_DATE('22/04/2004', 'dd/MM/yyyy'), TO_DATE('22/04/2004', 'dd/MM/yyyy'), 15.0, 19.5, 271.0, 447.5, 0.0, 753.0, false);
INSERT INTO t_vat_revenue (vtr_id, drv_id, vat_id, vtr_amount, vtr_value) VALUES (2619, 1310, 1, 753.0, 123.40134);
INSERT INTO t_vat_revenue (vtr_id, drv_id, vat_id, vtr_amount, vtr_value) VALUES (2620, 1310, 2, 0, 0);
INSERT INTO t_day_revenue (drv_id, drv_revenue_date, drv_print_date, drv_closing_date, drv_cash, drv_ticket, drv_cheque, drv_card, drv_unpaid, drv_amount, drv_takeaway) VALUES (1311, TO_DATE('22/04/2004', 'dd/MM/yyyy'), TO_DATE('23/04/2004', 'dd/MM/yyyy'), TO_DATE('23/04/2004', 'dd/MM/yyyy'), 0.0, 0.0, 0.0, 0.0, 0.0, 0.0, true);
INSERT INTO t_vat_revenue (vtr_id, drv_id, vat_id, vtr_amount, vtr_value) VALUES (2621, 1311, 1, 0, 0);
INSERT INTO t_vat_revenue (vtr_id, drv_id, vat_id, vtr_amount, vtr_value) VALUES (2622, 1311, 2, 0.0, 0.0);
INSERT INTO t_day_revenue (drv_id, drv_revenue_date, drv_print_date, drv_closing_date, drv_cash, drv_ticket, drv_cheque, drv_card, drv_unpaid, drv_amount, drv_takeaway) VALUES (1312, TO_DATE('22/04/2004', 'dd/MM/yyyy'), TO_DATE('23/04/2004', 'dd/MM/yyyy'), TO_DATE('23/04/2004', 'dd/MM/yyyy'), 20.5, 14.75, 60.0, 688.0, 0.0, 783.25, false);
INSERT INTO t_vat_revenue (vtr_id, drv_id, vat_id, vtr_amount, vtr_value) VALUES (2623, 1312, 1, 783.25, 128.3587);
INSERT INTO t_vat_revenue (vtr_id, drv_id, vat_id, vtr_amount, vtr_value) VALUES (2624, 1312, 2, 0, 0);
INSERT INTO t_day_revenue (drv_id, drv_revenue_date, drv_print_date, drv_closing_date, drv_cash, drv_ticket, drv_cheque, drv_card, drv_unpaid, drv_amount, drv_takeaway) VALUES (1313, TO_DATE('23/04/2004', 'dd/MM/yyyy'), TO_DATE('29/04/2004', 'dd/MM/yyyy'), TO_DATE('29/04/2004', 'dd/MM/yyyy'), 0.0, 0.0, 0.0, 38.5, 0.0, 38.5, true);
INSERT INTO t_vat_revenue (vtr_id, drv_id, vat_id, vtr_amount, vtr_value) VALUES (2625, 1313, 1, 0, 0);
INSERT INTO t_vat_revenue (vtr_id, drv_id, vat_id, vtr_amount, vtr_value) VALUES (2626, 1313, 2, 38.5, 2.007109);
INSERT INTO t_day_revenue (drv_id, drv_revenue_date, drv_print_date, drv_closing_date, drv_cash, drv_ticket, drv_cheque, drv_card, drv_unpaid, drv_amount, drv_takeaway) VALUES (1314, TO_DATE('23/04/2004', 'dd/MM/yyyy'), TO_DATE('29/04/2004', 'dd/MM/yyyy'), TO_DATE('29/04/2004', 'dd/MM/yyyy'), 20.5, 37.44, 197.0, 852.06, 0.0, 1107.0, false);
INSERT INTO t_vat_revenue (vtr_id, drv_id, vat_id, vtr_amount, vtr_value) VALUES (2627, 1314, 1, 1107.0, 181.41473);
INSERT INTO t_vat_revenue (vtr_id, drv_id, vat_id, vtr_amount, vtr_value) VALUES (2628, 1314, 2, 0, 0);
INSERT INTO t_day_revenue (drv_id, drv_revenue_date, drv_print_date, drv_closing_date, drv_cash, drv_ticket, drv_cheque, drv_card, drv_unpaid, drv_amount, drv_takeaway) VALUES (1315, TO_DATE('24/04/2004', 'dd/MM/yyyy'), TO_DATE('29/04/2004', 'dd/MM/yyyy'), TO_DATE('29/04/2004', 'dd/MM/yyyy'), 0.0, 12.45, 45.0, 265.55, 0.0, 323.0, true);
INSERT INTO t_vat_revenue (vtr_id, drv_id, vat_id, vtr_amount, vtr_value) VALUES (2629, 1315, 1, 0, 0);
INSERT INTO t_vat_revenue (vtr_id, drv_id, vat_id, vtr_amount, vtr_value) VALUES (2630, 1315, 2, 323.0, 16.838863);
INSERT INTO t_day_revenue (drv_id, drv_revenue_date, drv_print_date, drv_closing_date, drv_cash, drv_ticket, drv_cheque, drv_card, drv_unpaid, drv_amount, drv_takeaway) VALUES (1316, TO_DATE('24/04/2004', 'dd/MM/yyyy'), TO_DATE('29/04/2004', 'dd/MM/yyyy'), TO_DATE('29/04/2004', 'dd/MM/yyyy'), 32.0, 34.34, 219.0, 834.66, 0.0, 1120.0, false);
INSERT INTO t_vat_revenue (vtr_id, drv_id, vat_id, vtr_amount, vtr_value) VALUES (2631, 1316, 1, 1120.0, 183.54515);
INSERT INTO t_vat_revenue (vtr_id, drv_id, vat_id, vtr_amount, vtr_value) VALUES (2632, 1316, 2, 0, 0);
INSERT INTO t_day_revenue (drv_id, drv_revenue_date, drv_print_date, drv_closing_date, drv_cash, drv_ticket, drv_cheque, drv_card, drv_unpaid, drv_amount, drv_takeaway) VALUES (1317, TO_DATE('25/04/2004', 'dd/MM/yyyy'), TO_DATE('29/04/2004', 'dd/MM/yyyy'), TO_DATE('29/04/2004', 'dd/MM/yyyy'), 9.0, 0.0, 0.0, 58.0, 0.0, 67.0, true);
INSERT INTO t_vat_revenue (vtr_id, drv_id, vat_id, vtr_amount, vtr_value) VALUES (2633, 1317, 1, 0, 0);
INSERT INTO t_vat_revenue (vtr_id, drv_id, vat_id, vtr_amount, vtr_value) VALUES (2634, 1317, 2, 67.0, 3.492891);
INSERT INTO t_day_revenue (drv_id, drv_revenue_date, drv_print_date, drv_closing_date, drv_cash, drv_ticket, drv_cheque, drv_card, drv_unpaid, drv_amount, drv_takeaway) VALUES (1318, TO_DATE('25/04/2004', 'dd/MM/yyyy'), TO_DATE('29/04/2004', 'dd/MM/yyyy'), TO_DATE('29/04/2004', 'dd/MM/yyyy'), 0.0, 12.0, 137.0, 485.0, 0.0, 634.0, false);
INSERT INTO t_vat_revenue (vtr_id, drv_id, vat_id, vtr_amount, vtr_value) VALUES (2635, 1318, 1, 634.0, 103.89967);
INSERT INTO t_vat_revenue (vtr_id, drv_id, vat_id, vtr_amount, vtr_value) VALUES (2636, 1318, 2, 0, 0);
INSERT INTO t_day_revenue (drv_id, drv_revenue_date, drv_print_date, drv_closing_date, drv_cash, drv_ticket, drv_cheque, drv_card, drv_unpaid, drv_amount, drv_takeaway) VALUES (1319, TO_DATE('26/04/2004', 'dd/MM/yyyy'), TO_DATE('29/04/2004', 'dd/MM/yyyy'), TO_DATE('29/04/2004', 'dd/MM/yyyy'), 20.0, 0.0, 21.0, 108.0, 0.0, 149.0, true);
INSERT INTO t_vat_revenue (vtr_id, drv_id, vat_id, vtr_amount, vtr_value) VALUES (2637, 1319, 1, 0, 0);
INSERT INTO t_vat_revenue (vtr_id, drv_id, vat_id, vtr_amount, vtr_value) VALUES (2638, 1319, 2, 149.0, 7.7677727);
INSERT INTO t_day_revenue (drv_id, drv_revenue_date, drv_print_date, drv_closing_date, drv_cash, drv_ticket, drv_cheque, drv_card, drv_unpaid, drv_amount, drv_takeaway) VALUES (1320, TO_DATE('26/04/2004', 'dd/MM/yyyy'), TO_DATE('29/04/2004', 'dd/MM/yyyy'), TO_DATE('29/04/2004', 'dd/MM/yyyy'), 0.0, 26.0, 84.5, 393.5, 0.0, 504.0, false);
INSERT INTO t_vat_revenue (vtr_id, drv_id, vat_id, vtr_amount, vtr_value) VALUES (2639, 1320, 1, 504.0, 82.59532);
INSERT INTO t_vat_revenue (vtr_id, drv_id, vat_id, vtr_amount, vtr_value) VALUES (2640, 1320, 2, 0, 0);
INSERT INTO t_day_revenue (drv_id, drv_revenue_date, drv_print_date, drv_closing_date, drv_cash, drv_ticket, drv_cheque, drv_card, drv_unpaid, drv_amount, drv_takeaway) VALUES (1321, TO_DATE('27/04/2004', 'dd/MM/yyyy'), TO_DATE('29/04/2004', 'dd/MM/yyyy'), TO_DATE('29/04/2004', 'dd/MM/yyyy'), 0.0, 32.0, 0.0, 0.0, 0.0, 32.0, true);
INSERT INTO t_vat_revenue (vtr_id, drv_id, vat_id, vtr_amount, vtr_value) VALUES (2641, 1321, 1, 0, 0);
INSERT INTO t_vat_revenue (vtr_id, drv_id, vat_id, vtr_amount, vtr_value) VALUES (2642, 1321, 2, 32.0, 1.6682464);
INSERT INTO t_day_revenue (drv_id, drv_revenue_date, drv_print_date, drv_closing_date, drv_cash, drv_ticket, drv_cheque, drv_card, drv_unpaid, drv_amount, drv_takeaway) VALUES (1322, TO_DATE('27/04/2004', 'dd/MM/yyyy'), TO_DATE('29/04/2004', 'dd/MM/yyyy'), TO_DATE('29/04/2004', 'dd/MM/yyyy'), 171.0, 45.0, 105.75, 378.25, 0.0, 700.0, false);
INSERT INTO t_vat_revenue (vtr_id, drv_id, vat_id, vtr_amount, vtr_value) VALUES (2643, 1322, 1, 700.0, 114.71572);
INSERT INTO t_vat_revenue (vtr_id, drv_id, vat_id, vtr_amount, vtr_value) VALUES (2644, 1322, 2, 0, 0);
INSERT INTO t_day_revenue (drv_id, drv_revenue_date, drv_print_date, drv_closing_date, drv_cash, drv_ticket, drv_cheque, drv_card, drv_unpaid, drv_amount, drv_takeaway) VALUES (1323, TO_DATE('28/04/2004', 'dd/MM/yyyy'), TO_DATE('29/04/2004', 'dd/MM/yyyy'), TO_DATE('29/04/2004', 'dd/MM/yyyy'), 16.0, 0.0, 0.0, 0.0, 0.0, 16.0, true);
INSERT INTO t_vat_revenue (vtr_id, drv_id, vat_id, vtr_amount, vtr_value) VALUES (2645, 1323, 1, 0, 0);
INSERT INTO t_vat_revenue (vtr_id, drv_id, vat_id, vtr_amount, vtr_value) VALUES (2646, 1323, 2, 16.0, 0.8341232);
INSERT INTO t_day_revenue (drv_id, drv_revenue_date, drv_print_date, drv_closing_date, drv_cash, drv_ticket, drv_cheque, drv_card, drv_unpaid, drv_amount, drv_takeaway) VALUES (1324, TO_DATE('28/04/2004', 'dd/MM/yyyy'), TO_DATE('29/04/2004', 'dd/MM/yyyy'), TO_DATE('29/04/2004', 'dd/MM/yyyy'), 6.5, 63.8, 292.0, 582.2, 0.0, 944.5, false);
INSERT INTO t_vat_revenue (vtr_id, drv_id, vat_id, vtr_amount, vtr_value) VALUES (2647, 1324, 1, 944.5, 154.78429);
INSERT INTO t_vat_revenue (vtr_id, drv_id, vat_id, vtr_amount, vtr_value) VALUES (2648, 1324, 2, 0, 0);
INSERT INTO t_day_revenue (drv_id, drv_revenue_date, drv_print_date, drv_closing_date, drv_cash, drv_ticket, drv_cheque, drv_card, drv_unpaid, drv_amount, drv_takeaway) VALUES (1325, TO_DATE('29/04/2004', 'dd/MM/yyyy'), TO_DATE('07/05/2004', 'dd/MM/yyyy'), TO_DATE('07/05/2004', 'dd/MM/yyyy'), 0.0, 0.0, 0.0, 127.0, 0.0, 127.0, true);
INSERT INTO t_vat_revenue (vtr_id, drv_id, vat_id, vtr_amount, vtr_value) VALUES (2649, 1325, 1, 0, 0);
INSERT INTO t_vat_revenue (vtr_id, drv_id, vat_id, vtr_amount, vtr_value) VALUES (2650, 1325, 2, 127.0, 6.620853);
INSERT INTO t_day_revenue (drv_id, drv_revenue_date, drv_print_date, drv_closing_date, drv_cash, drv_ticket, drv_cheque, drv_card, drv_unpaid, drv_amount, drv_takeaway) VALUES (1326, TO_DATE('29/04/2004', 'dd/MM/yyyy'), TO_DATE('07/05/2004', 'dd/MM/yyyy'), TO_DATE('07/05/2004', 'dd/MM/yyyy'), 10.0, 25.5, 0.0, 601.5, 0.0, 637.0, false);
INSERT INTO t_vat_revenue (vtr_id, drv_id, vat_id, vtr_amount, vtr_value) VALUES (2651, 1326, 1, 637.0, 104.391304);
INSERT INTO t_vat_revenue (vtr_id, drv_id, vat_id, vtr_amount, vtr_value) VALUES (2652, 1326, 2, 0, 0);
INSERT INTO t_day_revenue (drv_id, drv_revenue_date, drv_print_date, drv_closing_date, drv_cash, drv_ticket, drv_cheque, drv_card, drv_unpaid, drv_amount, drv_takeaway) VALUES (1327, TO_DATE('30/04/2004', 'dd/MM/yyyy'), TO_DATE('07/05/2004', 'dd/MM/yyyy'), TO_DATE('07/05/2004', 'dd/MM/yyyy'), 26.5, 0.0, 0.0, 108.5, 0.0, 135.0, true);
INSERT INTO t_vat_revenue (vtr_id, drv_id, vat_id, vtr_amount, vtr_value) VALUES (2653, 1327, 1, 0, 0);
INSERT INTO t_vat_revenue (vtr_id, drv_id, vat_id, vtr_amount, vtr_value) VALUES (2654, 1327, 2, 135.0, 7.0379148);
INSERT INTO t_day_revenue (drv_id, drv_revenue_date, drv_print_date, drv_closing_date, drv_cash, drv_ticket, drv_cheque, drv_card, drv_unpaid, drv_amount, drv_takeaway) VALUES (1328, TO_DATE('30/04/2004', 'dd/MM/yyyy'), TO_DATE('07/05/2004', 'dd/MM/yyyy'), TO_DATE('07/05/2004', 'dd/MM/yyyy'), 48.0, 40.0, 294.5, 1285.0, 0.0, 1667.5, false);
INSERT INTO t_vat_revenue (vtr_id, drv_id, vat_id, vtr_amount, vtr_value) VALUES (2655, 1328, 1, 1667.5, 273.26923);
INSERT INTO t_vat_revenue (vtr_id, drv_id, vat_id, vtr_amount, vtr_value) VALUES (2656, 1328, 2, 0, 0);
INSERT INTO t_day_revenue (drv_id, drv_revenue_date, drv_print_date, drv_closing_date, drv_cash, drv_ticket, drv_cheque, drv_card, drv_unpaid, drv_amount, drv_takeaway) VALUES (1329, TO_DATE('01/05/2004', 'dd/MM/yyyy'), TO_DATE('07/05/2004', 'dd/MM/yyyy'), TO_DATE('07/05/2004', 'dd/MM/yyyy'), 0.0, 0.0, 0.0, 27.5, 0.0, 27.5, true);
INSERT INTO t_vat_revenue (vtr_id, drv_id, vat_id, vtr_amount, vtr_value) VALUES (2657, 1329, 1, 0, 0);
INSERT INTO t_vat_revenue (vtr_id, drv_id, vat_id, vtr_amount, vtr_value) VALUES (2658, 1329, 2, 27.5, 1.4336493);
INSERT INTO t_day_revenue (drv_id, drv_revenue_date, drv_print_date, drv_closing_date, drv_cash, drv_ticket, drv_cheque, drv_card, drv_unpaid, drv_amount, drv_takeaway) VALUES (1330, TO_DATE('01/05/2004', 'dd/MM/yyyy'), TO_DATE('07/05/2004', 'dd/MM/yyyy'), TO_DATE('07/05/2004', 'dd/MM/yyyy'), 18.25, 27.3, 317.0, 912.2, 0.0, 1274.75, false);
INSERT INTO t_vat_revenue (vtr_id, drv_id, vat_id, vtr_amount, vtr_value) VALUES (2659, 1330, 1, 1274.75, 208.90552);
INSERT INTO t_vat_revenue (vtr_id, drv_id, vat_id, vtr_amount, vtr_value) VALUES (2660, 1330, 2, 0, 0);
INSERT INTO t_day_revenue (drv_id, drv_revenue_date, drv_print_date, drv_closing_date, drv_cash, drv_ticket, drv_cheque, drv_card, drv_unpaid, drv_amount, drv_takeaway) VALUES (1331, TO_DATE('02/05/2004', 'dd/MM/yyyy'), TO_DATE('07/05/2004', 'dd/MM/yyyy'), TO_DATE('07/05/2004', 'dd/MM/yyyy'), 0.0, 0.0, 0.0, 47.0, 0.0, 47.0, true);
INSERT INTO t_vat_revenue (vtr_id, drv_id, vat_id, vtr_amount, vtr_value) VALUES (2661, 1331, 1, 0, 0);
INSERT INTO t_vat_revenue (vtr_id, drv_id, vat_id, vtr_amount, vtr_value) VALUES (2662, 1331, 2, 47.0, 2.450237);
INSERT INTO t_day_revenue (drv_id, drv_revenue_date, drv_print_date, drv_closing_date, drv_cash, drv_ticket, drv_cheque, drv_card, drv_unpaid, drv_amount, drv_takeaway) VALUES (1332, TO_DATE('02/05/2004', 'dd/MM/yyyy'), TO_DATE('07/05/2004', 'dd/MM/yyyy'), TO_DATE('07/05/2004', 'dd/MM/yyyy'), 7.8, 12.2, 583.5, 667.0, 0.0, 1270.5, false);
INSERT INTO t_vat_revenue (vtr_id, drv_id, vat_id, vtr_amount, vtr_value) VALUES (2663, 1332, 1, 1270.5, 208.20905);
INSERT INTO t_vat_revenue (vtr_id, drv_id, vat_id, vtr_amount, vtr_value) VALUES (2664, 1332, 2, 0, 0);
INSERT INTO t_day_revenue (drv_id, drv_revenue_date, drv_print_date, drv_closing_date, drv_cash, drv_ticket, drv_cheque, drv_card, drv_unpaid, drv_amount, drv_takeaway) VALUES (1333, TO_DATE('03/05/2004', 'dd/MM/yyyy'), TO_DATE('07/05/2004', 'dd/MM/yyyy'), TO_DATE('07/05/2004', 'dd/MM/yyyy'), 18.5, 15.5, 0.0, 49.0, 0.0, 83.0, true);
INSERT INTO t_vat_revenue (vtr_id, drv_id, vat_id, vtr_amount, vtr_value) VALUES (2665, 1333, 1, 0, 0);
INSERT INTO t_vat_revenue (vtr_id, drv_id, vat_id, vtr_amount, vtr_value) VALUES (2666, 1333, 2, 83.0, 4.3270144);
INSERT INTO t_day_revenue (drv_id, drv_revenue_date, drv_print_date, drv_closing_date, drv_cash, drv_ticket, drv_cheque, drv_card, drv_unpaid, drv_amount, drv_takeaway) VALUES (1334, TO_DATE('03/05/2004', 'dd/MM/yyyy'), TO_DATE('07/05/2004', 'dd/MM/yyyy'), TO_DATE('07/05/2004', 'dd/MM/yyyy'), 40.0, 16.0, 0.0, 461.5, 0.0, 517.5, false);
INSERT INTO t_vat_revenue (vtr_id, drv_id, vat_id, vtr_amount, vtr_value) VALUES (2667, 1334, 1, 517.5, 84.80769);
INSERT INTO t_vat_revenue (vtr_id, drv_id, vat_id, vtr_amount, vtr_value) VALUES (2668, 1334, 2, 0, 0);
INSERT INTO t_day_revenue (drv_id, drv_revenue_date, drv_print_date, drv_closing_date, drv_cash, drv_ticket, drv_cheque, drv_card, drv_unpaid, drv_amount, drv_takeaway) VALUES (1335, TO_DATE('04/05/2004', 'dd/MM/yyyy'), TO_DATE('07/05/2004', 'dd/MM/yyyy'), TO_DATE('07/05/2004', 'dd/MM/yyyy'), 0.0, 0.0, 0.0, 0.0, 0.0, 0.0, true);
INSERT INTO t_vat_revenue (vtr_id, drv_id, vat_id, vtr_amount, vtr_value) VALUES (2669, 1335, 1, 0, 0);
INSERT INTO t_vat_revenue (vtr_id, drv_id, vat_id, vtr_amount, vtr_value) VALUES (2670, 1335, 2, 0.0, 0.0);
INSERT INTO t_day_revenue (drv_id, drv_revenue_date, drv_print_date, drv_closing_date, drv_cash, drv_ticket, drv_cheque, drv_card, drv_unpaid, drv_amount, drv_takeaway) VALUES (1336, TO_DATE('04/05/2004', 'dd/MM/yyyy'), TO_DATE('07/05/2004', 'dd/MM/yyyy'), TO_DATE('07/05/2004', 'dd/MM/yyyy'), 67.0, 123.0, 156.5, 712.5, 0.0, 1059.0, false);
INSERT INTO t_vat_revenue (vtr_id, drv_id, vat_id, vtr_amount, vtr_value) VALUES (2671, 1336, 1, 1059.0, 173.54851);
INSERT INTO t_vat_revenue (vtr_id, drv_id, vat_id, vtr_amount, vtr_value) VALUES (2672, 1336, 2, 0, 0);
INSERT INTO t_day_revenue (drv_id, drv_revenue_date, drv_print_date, drv_closing_date, drv_cash, drv_ticket, drv_cheque, drv_card, drv_unpaid, drv_amount, drv_takeaway) VALUES (1337, TO_DATE('05/05/2004', 'dd/MM/yyyy'), TO_DATE('07/05/2004', 'dd/MM/yyyy'), TO_DATE('07/05/2004', 'dd/MM/yyyy'), 0.0, 0.0, 0.0, 40.0, 0.0, 40.0, true);
INSERT INTO t_vat_revenue (vtr_id, drv_id, vat_id, vtr_amount, vtr_value) VALUES (2673, 1337, 1, 0, 0);
INSERT INTO t_vat_revenue (vtr_id, drv_id, vat_id, vtr_amount, vtr_value) VALUES (2674, 1337, 2, 40.0, 2.085308);
INSERT INTO t_day_revenue (drv_id, drv_revenue_date, drv_print_date, drv_closing_date, drv_cash, drv_ticket, drv_cheque, drv_card, drv_unpaid, drv_amount, drv_takeaway) VALUES (1338, TO_DATE('05/05/2004', 'dd/MM/yyyy'), TO_DATE('07/05/2004', 'dd/MM/yyyy'), TO_DATE('07/05/2004', 'dd/MM/yyyy'), 62.5, 0.0, 47.0, 746.5, 0.0, 856.0, false);
INSERT INTO t_vat_revenue (vtr_id, drv_id, vat_id, vtr_amount, vtr_value) VALUES (2675, 1338, 1, 856.0, 140.28093);
INSERT INTO t_vat_revenue (vtr_id, drv_id, vat_id, vtr_amount, vtr_value) VALUES (2676, 1338, 2, 0, 0);
INSERT INTO t_day_revenue (drv_id, drv_revenue_date, drv_print_date, drv_closing_date, drv_cash, drv_ticket, drv_cheque, drv_card, drv_unpaid, drv_amount, drv_takeaway) VALUES (1339, TO_DATE('06/05/2004', 'dd/MM/yyyy'), TO_DATE('07/05/2004', 'dd/MM/yyyy'), TO_DATE('07/05/2004', 'dd/MM/yyyy'), 0.0, 0.0, 0.0, 46.5, 0.0, 46.5, true);
INSERT INTO t_vat_revenue (vtr_id, drv_id, vat_id, vtr_amount, vtr_value) VALUES (2677, 1339, 1, 0, 0);
INSERT INTO t_vat_revenue (vtr_id, drv_id, vat_id, vtr_amount, vtr_value) VALUES (2678, 1339, 2, 46.5, 2.4241707);
INSERT INTO t_day_revenue (drv_id, drv_revenue_date, drv_print_date, drv_closing_date, drv_cash, drv_ticket, drv_cheque, drv_card, drv_unpaid, drv_amount, drv_takeaway) VALUES (1340, TO_DATE('06/05/2004', 'dd/MM/yyyy'), TO_DATE('07/05/2004', 'dd/MM/yyyy'), TO_DATE('07/05/2004', 'dd/MM/yyyy'), 15.0, 24.68, 223.25, 732.07, 0.0, 995.0, false);
INSERT INTO t_vat_revenue (vtr_id, drv_id, vat_id, vtr_amount, vtr_value) VALUES (2679, 1340, 1, 995.0, 163.0602);
INSERT INTO t_vat_revenue (vtr_id, drv_id, vat_id, vtr_amount, vtr_value) VALUES (2680, 1340, 2, 0, 0);
INSERT INTO t_day_revenue (drv_id, drv_revenue_date, drv_print_date, drv_closing_date, drv_cash, drv_ticket, drv_cheque, drv_card, drv_unpaid, drv_amount, drv_takeaway) VALUES (1341, TO_DATE('07/05/2004', 'dd/MM/yyyy'), TO_DATE('11/05/2004', 'dd/MM/yyyy'), TO_DATE('11/05/2004', 'dd/MM/yyyy'), 0.0, 0.0, 0.0, 127.0, 0.0, 127.0, true);
INSERT INTO t_vat_revenue (vtr_id, drv_id, vat_id, vtr_amount, vtr_value) VALUES (2681, 1341, 1, 0, 0);
INSERT INTO t_vat_revenue (vtr_id, drv_id, vat_id, vtr_amount, vtr_value) VALUES (2682, 1341, 2, 127.0, 6.620853);
INSERT INTO t_day_revenue (drv_id, drv_revenue_date, drv_print_date, drv_closing_date, drv_cash, drv_ticket, drv_cheque, drv_card, drv_unpaid, drv_amount, drv_takeaway) VALUES (1342, TO_DATE('07/05/2004', 'dd/MM/yyyy'), TO_DATE('11/05/2004', 'dd/MM/yyyy'), TO_DATE('11/05/2004', 'dd/MM/yyyy'), 8.5, 18.5, 166.5, 855.0, 0.0, 1048.5, false);
INSERT INTO t_vat_revenue (vtr_id, drv_id, vat_id, vtr_amount, vtr_value) VALUES (2683, 1342, 1, 1048.5, 171.82776);
INSERT INTO t_vat_revenue (vtr_id, drv_id, vat_id, vtr_amount, vtr_value) VALUES (2684, 1342, 2, 0, 0);
INSERT INTO t_day_revenue (drv_id, drv_revenue_date, drv_print_date, drv_closing_date, drv_cash, drv_ticket, drv_cheque, drv_card, drv_unpaid, drv_amount, drv_takeaway) VALUES (1343, TO_DATE('08/05/2004', 'dd/MM/yyyy'), TO_DATE('11/05/2004', 'dd/MM/yyyy'), TO_DATE('11/05/2004', 'dd/MM/yyyy'), 0.0, 0.0, 32.5, 159.0, 0.0, 191.5, true);
INSERT INTO t_vat_revenue (vtr_id, drv_id, vat_id, vtr_amount, vtr_value) VALUES (2685, 1343, 1, 0, 0);
INSERT INTO t_vat_revenue (vtr_id, drv_id, vat_id, vtr_amount, vtr_value) VALUES (2686, 1343, 2, 191.5, 9.983413);
INSERT INTO t_day_revenue (drv_id, drv_revenue_date, drv_print_date, drv_closing_date, drv_cash, drv_ticket, drv_cheque, drv_card, drv_unpaid, drv_amount, drv_takeaway) VALUES (1344, TO_DATE('08/05/2004', 'dd/MM/yyyy'), TO_DATE('11/05/2004', 'dd/MM/yyyy'), TO_DATE('11/05/2004', 'dd/MM/yyyy'), 70.5, 17.5, 123.5, 1198.0, 0.0, 1409.5, false);
INSERT INTO t_vat_revenue (vtr_id, drv_id, vat_id, vtr_amount, vtr_value) VALUES (2687, 1344, 1, 1409.5, 230.98831);
INSERT INTO t_vat_revenue (vtr_id, drv_id, vat_id, vtr_amount, vtr_value) VALUES (2688, 1344, 2, 0, 0);
INSERT INTO t_day_revenue (drv_id, drv_revenue_date, drv_print_date, drv_closing_date, drv_cash, drv_ticket, drv_cheque, drv_card, drv_unpaid, drv_amount, drv_takeaway) VALUES (1345, TO_DATE('09/05/2004', 'dd/MM/yyyy'), TO_DATE('11/05/2004', 'dd/MM/yyyy'), TO_DATE('11/05/2004', 'dd/MM/yyyy'), 0.0, 0.0, 0.0, 171.0, 0.0, 171.0, true);
INSERT INTO t_vat_revenue (vtr_id, drv_id, vat_id, vtr_amount, vtr_value) VALUES (2689, 1345, 1, 0, 0);
INSERT INTO t_vat_revenue (vtr_id, drv_id, vat_id, vtr_amount, vtr_value) VALUES (2690, 1345, 2, 171.0, 8.914692);
INSERT INTO t_day_revenue (drv_id, drv_revenue_date, drv_print_date, drv_closing_date, drv_cash, drv_ticket, drv_cheque, drv_card, drv_unpaid, drv_amount, drv_takeaway) VALUES (1346, TO_DATE('09/05/2004', 'dd/MM/yyyy'), TO_DATE('11/05/2004', 'dd/MM/yyyy'), TO_DATE('11/05/2004', 'dd/MM/yyyy'), 16.1, 24.4, 479.0, 678.5, 0.0, 1198.0, false);
INSERT INTO t_vat_revenue (vtr_id, drv_id, vat_id, vtr_amount, vtr_value) VALUES (2691, 1346, 1, 1198.0, 196.32777);
INSERT INTO t_vat_revenue (vtr_id, drv_id, vat_id, vtr_amount, vtr_value) VALUES (2692, 1346, 2, 0, 0);
INSERT INTO t_day_revenue (drv_id, drv_revenue_date, drv_print_date, drv_closing_date, drv_cash, drv_ticket, drv_cheque, drv_card, drv_unpaid, drv_amount, drv_takeaway) VALUES (1347, TO_DATE('10/05/2004', 'dd/MM/yyyy'), TO_DATE('11/05/2004', 'dd/MM/yyyy'), TO_DATE('11/05/2004', 'dd/MM/yyyy'), 0.0, 0.0, 0.0, 20.0, 0.0, 20.0, true);
INSERT INTO t_vat_revenue (vtr_id, drv_id, vat_id, vtr_amount, vtr_value) VALUES (2693, 1347, 1, 0, 0);
INSERT INTO t_vat_revenue (vtr_id, drv_id, vat_id, vtr_amount, vtr_value) VALUES (2694, 1347, 2, 20.0, 1.042654);
INSERT INTO t_day_revenue (drv_id, drv_revenue_date, drv_print_date, drv_closing_date, drv_cash, drv_ticket, drv_cheque, drv_card, drv_unpaid, drv_amount, drv_takeaway) VALUES (1348, TO_DATE('10/05/2004', 'dd/MM/yyyy'), TO_DATE('11/05/2004', 'dd/MM/yyyy'), TO_DATE('11/05/2004', 'dd/MM/yyyy'), 20.0, 28.5, 151.0, 345.0, 0.0, 544.5, false);
INSERT INTO t_vat_revenue (vtr_id, drv_id, vat_id, vtr_amount, vtr_value) VALUES (2695, 1348, 1, 544.5, 89.232445);
INSERT INTO t_vat_revenue (vtr_id, drv_id, vat_id, vtr_amount, vtr_value) VALUES (2696, 1348, 2, 0, 0);
INSERT INTO t_day_revenue (drv_id, drv_revenue_date, drv_print_date, drv_closing_date, drv_cash, drv_ticket, drv_cheque, drv_card, drv_unpaid, drv_amount, drv_takeaway) VALUES (1349, TO_DATE('11/05/2004', 'dd/MM/yyyy'), TO_DATE('16/05/2004', 'dd/MM/yyyy'), TO_DATE('16/05/2004', 'dd/MM/yyyy'), 0.0, 0.0, 0.0, 0.0, 0.0, 0.0, true);
INSERT INTO t_vat_revenue (vtr_id, drv_id, vat_id, vtr_amount, vtr_value) VALUES (2697, 1349, 1, 0, 0);
INSERT INTO t_vat_revenue (vtr_id, drv_id, vat_id, vtr_amount, vtr_value) VALUES (2698, 1349, 2, 0.0, 0.0);
INSERT INTO t_day_revenue (drv_id, drv_revenue_date, drv_print_date, drv_closing_date, drv_cash, drv_ticket, drv_cheque, drv_card, drv_unpaid, drv_amount, drv_takeaway) VALUES (1350, TO_DATE('11/05/2004', 'dd/MM/yyyy'), TO_DATE('16/05/2004', 'dd/MM/yyyy'), TO_DATE('16/05/2004', 'dd/MM/yyyy'), 42.0, 15.5, 105.0, 260.5, 0.0, 423.0, false);
INSERT INTO t_vat_revenue (vtr_id, drv_id, vat_id, vtr_amount, vtr_value) VALUES (2699, 1350, 1, 423.0, 69.32107);
INSERT INTO t_vat_revenue (vtr_id, drv_id, vat_id, vtr_amount, vtr_value) VALUES (2700, 1350, 2, 0, 0);
INSERT INTO t_day_revenue (drv_id, drv_revenue_date, drv_print_date, drv_closing_date, drv_cash, drv_ticket, drv_cheque, drv_card, drv_unpaid, drv_amount, drv_takeaway) VALUES (1351, TO_DATE('12/05/2004', 'dd/MM/yyyy'), TO_DATE('16/05/2004', 'dd/MM/yyyy'), TO_DATE('16/05/2004', 'dd/MM/yyyy'), 22.0, 0.0, 0.0, 35.5, 0.0, 57.5, true);
INSERT INTO t_vat_revenue (vtr_id, drv_id, vat_id, vtr_amount, vtr_value) VALUES (2701, 1351, 1, 0, 0);
INSERT INTO t_vat_revenue (vtr_id, drv_id, vat_id, vtr_amount, vtr_value) VALUES (2702, 1351, 2, 57.5, 2.9976304);
INSERT INTO t_day_revenue (drv_id, drv_revenue_date, drv_print_date, drv_closing_date, drv_cash, drv_ticket, drv_cheque, drv_card, drv_unpaid, drv_amount, drv_takeaway) VALUES (1352, TO_DATE('12/05/2004', 'dd/MM/yyyy'), TO_DATE('16/05/2004', 'dd/MM/yyyy'), TO_DATE('16/05/2004', 'dd/MM/yyyy'), 26.5, 28.5, 203.5, 915.5, 0.0, 1174.0, false);
INSERT INTO t_vat_revenue (vtr_id, drv_id, vat_id, vtr_amount, vtr_value) VALUES (2703, 1352, 1, 1174.0, 192.39465);
INSERT INTO t_vat_revenue (vtr_id, drv_id, vat_id, vtr_amount, vtr_value) VALUES (2704, 1352, 2, 0, 0);
INSERT INTO t_day_revenue (drv_id, drv_revenue_date, drv_print_date, drv_closing_date, drv_cash, drv_ticket, drv_cheque, drv_card, drv_unpaid, drv_amount, drv_takeaway) VALUES (1353, TO_DATE('13/05/2004', 'dd/MM/yyyy'), TO_DATE('16/05/2004', 'dd/MM/yyyy'), TO_DATE('16/05/2004', 'dd/MM/yyyy'), 0.0, 0.0, 0.0, 0.0, 0.0, 0.0, true);
INSERT INTO t_vat_revenue (vtr_id, drv_id, vat_id, vtr_amount, vtr_value) VALUES (2705, 1353, 1, 0, 0);
INSERT INTO t_vat_revenue (vtr_id, drv_id, vat_id, vtr_amount, vtr_value) VALUES (2706, 1353, 2, 0.0, 0.0);
INSERT INTO t_day_revenue (drv_id, drv_revenue_date, drv_print_date, drv_closing_date, drv_cash, drv_ticket, drv_cheque, drv_card, drv_unpaid, drv_amount, drv_takeaway) VALUES (1354, TO_DATE('13/05/2004', 'dd/MM/yyyy'), TO_DATE('16/05/2004', 'dd/MM/yyyy'), TO_DATE('16/05/2004', 'dd/MM/yyyy'), 25.1, 146.4, 26.5, 249.5, 0.0, 447.5, false);
INSERT INTO t_vat_revenue (vtr_id, drv_id, vat_id, vtr_amount, vtr_value) VALUES (2707, 1354, 1, 447.5, 73.33612);
INSERT INTO t_vat_revenue (vtr_id, drv_id, vat_id, vtr_amount, vtr_value) VALUES (2708, 1354, 2, 0, 0);
INSERT INTO t_day_revenue (drv_id, drv_revenue_date, drv_print_date, drv_closing_date, drv_cash, drv_ticket, drv_cheque, drv_card, drv_unpaid, drv_amount, drv_takeaway) VALUES (1355, TO_DATE('14/05/2004', 'dd/MM/yyyy'), TO_DATE('16/05/2004', 'dd/MM/yyyy'), TO_DATE('16/05/2004', 'dd/MM/yyyy'), 26.0, 0.0, 0.0, 58.0, 0.0, 84.0, true);
INSERT INTO t_vat_revenue (vtr_id, drv_id, vat_id, vtr_amount, vtr_value) VALUES (2709, 1355, 1, 0, 0);
INSERT INTO t_vat_revenue (vtr_id, drv_id, vat_id, vtr_amount, vtr_value) VALUES (2710, 1355, 2, 84.0, 4.379147);
INSERT INTO t_day_revenue (drv_id, drv_revenue_date, drv_print_date, drv_closing_date, drv_cash, drv_ticket, drv_cheque, drv_card, drv_unpaid, drv_amount, drv_takeaway) VALUES (1356, TO_DATE('14/05/2004', 'dd/MM/yyyy'), TO_DATE('16/05/2004', 'dd/MM/yyyy'), TO_DATE('16/05/2004', 'dd/MM/yyyy'), -3.45, 10.5, 532.95, 1222.75, 0.0, 1762.75, false);
INSERT INTO t_vat_revenue (vtr_id, drv_id, vat_id, vtr_amount, vtr_value) VALUES (2711, 1356, 1, 1762.75, 288.87878);
INSERT INTO t_vat_revenue (vtr_id, drv_id, vat_id, vtr_amount, vtr_value) VALUES (2712, 1356, 2, 0, 0);
INSERT INTO t_day_revenue (drv_id, drv_revenue_date, drv_print_date, drv_closing_date, drv_cash, drv_ticket, drv_cheque, drv_card, drv_unpaid, drv_amount, drv_takeaway) VALUES (1357, TO_DATE('15/05/2004', 'dd/MM/yyyy'), TO_DATE('16/05/2004', 'dd/MM/yyyy'), TO_DATE('16/05/2004', 'dd/MM/yyyy'), 0.0, 0.0, 28.5, 130.0, 0.0, 158.5, true);
INSERT INTO t_vat_revenue (vtr_id, drv_id, vat_id, vtr_amount, vtr_value) VALUES (2713, 1357, 1, 0, 0);
INSERT INTO t_vat_revenue (vtr_id, drv_id, vat_id, vtr_amount, vtr_value) VALUES (2714, 1357, 2, 158.5, 8.263033);
INSERT INTO t_day_revenue (drv_id, drv_revenue_date, drv_print_date, drv_closing_date, drv_cash, drv_ticket, drv_cheque, drv_card, drv_unpaid, drv_amount, drv_takeaway) VALUES (1358, TO_DATE('15/05/2004', 'dd/MM/yyyy'), TO_DATE('16/05/2004', 'dd/MM/yyyy'), TO_DATE('16/05/2004', 'dd/MM/yyyy'), 24.5, 49.5, 375.5, 1267.0, 0.0, 1716.5, false);
INSERT INTO t_vat_revenue (vtr_id, drv_id, vat_id, vtr_amount, vtr_value) VALUES (2715, 1358, 1, 1716.5, 281.29935);
INSERT INTO t_vat_revenue (vtr_id, drv_id, vat_id, vtr_amount, vtr_value) VALUES (2716, 1358, 2, 0, 0);
INSERT INTO t_day_revenue (drv_id, drv_revenue_date, drv_print_date, drv_closing_date, drv_cash, drv_ticket, drv_cheque, drv_card, drv_unpaid, drv_amount, drv_takeaway) VALUES (1359, TO_DATE('16/05/2004', 'dd/MM/yyyy'), TO_DATE('16/05/2004', 'dd/MM/yyyy'), TO_DATE('16/05/2004', 'dd/MM/yyyy'), 0.0, 0.0, 0.0, 0.0, 0.0, 0.0, true);
INSERT INTO t_vat_revenue (vtr_id, drv_id, vat_id, vtr_amount, vtr_value) VALUES (2717, 1359, 1, 0, 0);
INSERT INTO t_vat_revenue (vtr_id, drv_id, vat_id, vtr_amount, vtr_value) VALUES (2718, 1359, 2, 0.0, 0.0);
INSERT INTO t_day_revenue (drv_id, drv_revenue_date, drv_print_date, drv_closing_date, drv_cash, drv_ticket, drv_cheque, drv_card, drv_unpaid, drv_amount, drv_takeaway) VALUES (1360, TO_DATE('16/05/2004', 'dd/MM/yyyy'), TO_DATE('16/05/2004', 'dd/MM/yyyy'), TO_DATE('16/05/2004', 'dd/MM/yyyy'), 0.0, 11.0, 356.0, 379.5, 0.0, 746.5, false);
INSERT INTO t_vat_revenue (vtr_id, drv_id, vat_id, vtr_amount, vtr_value) VALUES (2719, 1360, 1, 746.5, 122.33613);
INSERT INTO t_vat_revenue (vtr_id, drv_id, vat_id, vtr_amount, vtr_value) VALUES (2720, 1360, 2, 0, 0);
INSERT INTO t_day_revenue (drv_id, drv_revenue_date, drv_print_date, drv_closing_date, drv_cash, drv_ticket, drv_cheque, drv_card, drv_unpaid, drv_amount, drv_takeaway) VALUES (1361, TO_DATE('25/08/2004', 'dd/MM/yyyy'), TO_DATE('31/08/2004', 'dd/MM/yyyy'), TO_DATE('31/08/2004', 'dd/MM/yyyy'), 0.0, 36.0, 58.5, 0.0, 0.0, 94.5, true);
INSERT INTO t_vat_revenue (vtr_id, drv_id, vat_id, vtr_amount, vtr_value) VALUES (2721, 1361, 1, 0, 0);
INSERT INTO t_vat_revenue (vtr_id, drv_id, vat_id, vtr_amount, vtr_value) VALUES (2722, 1361, 2, 94.5, 4.9265404);
INSERT INTO t_day_revenue (drv_id, drv_revenue_date, drv_print_date, drv_closing_date, drv_cash, drv_ticket, drv_cheque, drv_card, drv_unpaid, drv_amount, drv_takeaway) VALUES (1362, TO_DATE('25/08/2004', 'dd/MM/yyyy'), TO_DATE('31/08/2004', 'dd/MM/yyyy'), TO_DATE('31/08/2004', 'dd/MM/yyyy'), 82.48, 234.6, 297.5, 410.42, 0.0, 1025.0, false);
INSERT INTO t_vat_revenue (vtr_id, drv_id, vat_id, vtr_amount, vtr_value) VALUES (2723, 1362, 1, 1025.0, 167.9766);
INSERT INTO t_vat_revenue (vtr_id, drv_id, vat_id, vtr_amount, vtr_value) VALUES (2724, 1362, 2, 0, 0);
INSERT INTO t_day_revenue (drv_id, drv_revenue_date, drv_print_date, drv_closing_date, drv_cash, drv_ticket, drv_cheque, drv_card, drv_unpaid, drv_amount, drv_takeaway) VALUES (1363, TO_DATE('26/08/2004', 'dd/MM/yyyy'), TO_DATE('31/08/2004', 'dd/MM/yyyy'), TO_DATE('31/08/2004', 'dd/MM/yyyy'), 0.0, 0.0, 0.0, 0.0, 0.0, 0.0, true);
INSERT INTO t_vat_revenue (vtr_id, drv_id, vat_id, vtr_amount, vtr_value) VALUES (2725, 1363, 1, 0, 0);
INSERT INTO t_vat_revenue (vtr_id, drv_id, vat_id, vtr_amount, vtr_value) VALUES (2726, 1363, 2, 0.0, 0.0);
INSERT INTO t_day_revenue (drv_id, drv_revenue_date, drv_print_date, drv_closing_date, drv_cash, drv_ticket, drv_cheque, drv_card, drv_unpaid, drv_amount, drv_takeaway) VALUES (1364, TO_DATE('26/08/2004', 'dd/MM/yyyy'), TO_DATE('31/08/2004', 'dd/MM/yyyy'), TO_DATE('31/08/2004', 'dd/MM/yyyy'), 62.0, 279.5, 327.5, 674.0, 0.0, 1343.0, false);
INSERT INTO t_vat_revenue (vtr_id, drv_id, vat_id, vtr_amount, vtr_value) VALUES (2727, 1364, 1, 1343.0, 220.09032);
INSERT INTO t_vat_revenue (vtr_id, drv_id, vat_id, vtr_amount, vtr_value) VALUES (2728, 1364, 2, 0, 0);
INSERT INTO t_day_revenue (drv_id, drv_revenue_date, drv_print_date, drv_closing_date, drv_cash, drv_ticket, drv_cheque, drv_card, drv_unpaid, drv_amount, drv_takeaway) VALUES (1365, TO_DATE('27/08/2004', 'dd/MM/yyyy'), TO_DATE('31/08/2004', 'dd/MM/yyyy'), TO_DATE('31/08/2004', 'dd/MM/yyyy'), 0.0, 21.5, 0.0, 0.0, 0.0, 21.5, true);
INSERT INTO t_vat_revenue (vtr_id, drv_id, vat_id, vtr_amount, vtr_value) VALUES (2729, 1365, 1, 0, 0);
INSERT INTO t_vat_revenue (vtr_id, drv_id, vat_id, vtr_amount, vtr_value) VALUES (2730, 1365, 2, 21.5, 1.1208531);
INSERT INTO t_day_revenue (drv_id, drv_revenue_date, drv_print_date, drv_closing_date, drv_cash, drv_ticket, drv_cheque, drv_card, drv_unpaid, drv_amount, drv_takeaway) VALUES (1366, TO_DATE('27/08/2004', 'dd/MM/yyyy'), TO_DATE('31/08/2004', 'dd/MM/yyyy'), TO_DATE('31/08/2004', 'dd/MM/yyyy'), 101.5, 367.5, 287.0, 1066.5, 0.0, 1822.5, false);
INSERT INTO t_vat_revenue (vtr_id, drv_id, vat_id, vtr_amount, vtr_value) VALUES (2731, 1366, 1, 1822.5, 298.67056);
INSERT INTO t_vat_revenue (vtr_id, drv_id, vat_id, vtr_amount, vtr_value) VALUES (2732, 1366, 2, 0, 0);
INSERT INTO t_day_revenue (drv_id, drv_revenue_date, drv_print_date, drv_closing_date, drv_cash, drv_ticket, drv_cheque, drv_card, drv_unpaid, drv_amount, drv_takeaway) VALUES (1367, TO_DATE('28/08/2004', 'dd/MM/yyyy'), TO_DATE('31/08/2004', 'dd/MM/yyyy'), TO_DATE('31/08/2004', 'dd/MM/yyyy'), 30.0, 73.5, 0.0, 0.0, 0.0, 103.5, true);
INSERT INTO t_vat_revenue (vtr_id, drv_id, vat_id, vtr_amount, vtr_value) VALUES (2733, 1367, 1, 0, 0);
INSERT INTO t_vat_revenue (vtr_id, drv_id, vat_id, vtr_amount, vtr_value) VALUES (2734, 1367, 2, 103.5, 5.395735);
INSERT INTO t_day_revenue (drv_id, drv_revenue_date, drv_print_date, drv_closing_date, drv_cash, drv_ticket, drv_cheque, drv_card, drv_unpaid, drv_amount, drv_takeaway) VALUES (1368, TO_DATE('28/08/2004', 'dd/MM/yyyy'), TO_DATE('31/08/2004', 'dd/MM/yyyy'), TO_DATE('31/08/2004', 'dd/MM/yyyy'), 26.8, 358.94, 235.0, 2153.76, 0.0, 2774.5, false);
INSERT INTO t_vat_revenue (vtr_id, drv_id, vat_id, vtr_amount, vtr_value) VALUES (2735, 1368, 1, 2774.5, 454.68396);
INSERT INTO t_vat_revenue (vtr_id, drv_id, vat_id, vtr_amount, vtr_value) VALUES (2736, 1368, 2, 0, 0);
INSERT INTO t_day_revenue (drv_id, drv_revenue_date, drv_print_date, drv_closing_date, drv_cash, drv_ticket, drv_cheque, drv_card, drv_unpaid, drv_amount, drv_takeaway) VALUES (1369, TO_DATE('29/08/2004', 'dd/MM/yyyy'), TO_DATE('31/08/2004', 'dd/MM/yyyy'), TO_DATE('31/08/2004', 'dd/MM/yyyy'), 0.0, 0.0, 0.0, 0.0, 0.0, 0.0, true);
INSERT INTO t_vat_revenue (vtr_id, drv_id, vat_id, vtr_amount, vtr_value) VALUES (2737, 1369, 1, 0, 0);
INSERT INTO t_vat_revenue (vtr_id, drv_id, vat_id, vtr_amount, vtr_value) VALUES (2738, 1369, 2, 0.0, 0.0);
INSERT INTO t_day_revenue (drv_id, drv_revenue_date, drv_print_date, drv_closing_date, drv_cash, drv_ticket, drv_cheque, drv_card, drv_unpaid, drv_amount, drv_takeaway) VALUES (1370, TO_DATE('29/08/2004', 'dd/MM/yyyy'), TO_DATE('31/08/2004', 'dd/MM/yyyy'), TO_DATE('31/08/2004', 'dd/MM/yyyy'), 56.0, 44.5, 451.5, 703.0, 0.0, 1255.0, false);
INSERT INTO t_vat_revenue (vtr_id, drv_id, vat_id, vtr_amount, vtr_value) VALUES (2739, 1370, 1, 1255.0, 205.6689);
INSERT INTO t_vat_revenue (vtr_id, drv_id, vat_id, vtr_amount, vtr_value) VALUES (2740, 1370, 2, 0, 0);
INSERT INTO t_day_revenue (drv_id, drv_revenue_date, drv_print_date, drv_closing_date, drv_cash, drv_ticket, drv_cheque, drv_card, drv_unpaid, drv_amount, drv_takeaway) VALUES (1371, TO_DATE('30/08/2004', 'dd/MM/yyyy'), TO_DATE('31/08/2004', 'dd/MM/yyyy'), TO_DATE('31/08/2004', 'dd/MM/yyyy'), 0.0, 0.0, 0.0, 80.0, 0.0, 80.0, true);
INSERT INTO t_vat_revenue (vtr_id, drv_id, vat_id, vtr_amount, vtr_value) VALUES (2741, 1371, 1, 0, 0);
INSERT INTO t_vat_revenue (vtr_id, drv_id, vat_id, vtr_amount, vtr_value) VALUES (2742, 1371, 2, 80.0, 4.170616);
INSERT INTO t_day_revenue (drv_id, drv_revenue_date, drv_print_date, drv_closing_date, drv_cash, drv_ticket, drv_cheque, drv_card, drv_unpaid, drv_amount, drv_takeaway) VALUES (1372, TO_DATE('30/08/2004', 'dd/MM/yyyy'), TO_DATE('31/08/2004', 'dd/MM/yyyy'), TO_DATE('31/08/2004', 'dd/MM/yyyy'), 27.0, 45.0, 145.5, 800.0, 0.0, 1017.5, false);
INSERT INTO t_vat_revenue (vtr_id, drv_id, vat_id, vtr_amount, vtr_value) VALUES (2743, 1372, 1, 1017.5, 166.7475);
INSERT INTO t_vat_revenue (vtr_id, drv_id, vat_id, vtr_amount, vtr_value) VALUES (2744, 1372, 2, 0, 0);
INSERT INTO t_day_revenue (drv_id, drv_revenue_date, drv_print_date, drv_closing_date, drv_cash, drv_ticket, drv_cheque, drv_card, drv_unpaid, drv_amount, drv_takeaway) VALUES (1373, TO_DATE('31/08/2004', 'dd/MM/yyyy'), TO_DATE('01/09/2004', 'dd/MM/yyyy'), TO_DATE('01/09/2004', 'dd/MM/yyyy'), 0.0, 27.5, 0.0, 148.0, 0.0, 175.5, true);
INSERT INTO t_vat_revenue (vtr_id, drv_id, vat_id, vtr_amount, vtr_value) VALUES (2745, 1373, 1, 0, 0);
INSERT INTO t_vat_revenue (vtr_id, drv_id, vat_id, vtr_amount, vtr_value) VALUES (2746, 1373, 2, 175.5, 9.149289);
INSERT INTO t_day_revenue (drv_id, drv_revenue_date, drv_print_date, drv_closing_date, drv_cash, drv_ticket, drv_cheque, drv_card, drv_unpaid, drv_amount, drv_takeaway) VALUES (1374, TO_DATE('31/08/2004', 'dd/MM/yyyy'), TO_DATE('01/09/2004', 'dd/MM/yyyy'), TO_DATE('01/09/2004', 'dd/MM/yyyy'), 30.0, 343.0, 78.5, 1059.0, 0.0, 1510.5, false);
INSERT INTO t_vat_revenue (vtr_id, drv_id, vat_id, vtr_amount, vtr_value) VALUES (2747, 1374, 1, 1510.5, 247.54015);
INSERT INTO t_vat_revenue (vtr_id, drv_id, vat_id, vtr_amount, vtr_value) VALUES (2748, 1374, 2, 0, 0);
INSERT INTO t_day_revenue (drv_id, drv_revenue_date, drv_print_date, drv_closing_date, drv_cash, drv_ticket, drv_cheque, drv_card, drv_unpaid, drv_amount, drv_takeaway) VALUES (1375, TO_DATE('01/09/2004', 'dd/MM/yyyy'), TO_DATE('03/09/2004', 'dd/MM/yyyy'), TO_DATE('03/09/2004', 'dd/MM/yyyy'), 16.5, 20.0, 44.5, 76.0, 0.0, 157.0, true);
INSERT INTO t_vat_revenue (vtr_id, drv_id, vat_id, vtr_amount, vtr_value) VALUES (2749, 1375, 1, 0, 0);
INSERT INTO t_vat_revenue (vtr_id, drv_id, vat_id, vtr_amount, vtr_value) VALUES (2750, 1375, 2, 157.0, 8.1848345);
INSERT INTO t_day_revenue (drv_id, drv_revenue_date, drv_print_date, drv_closing_date, drv_cash, drv_ticket, drv_cheque, drv_card, drv_unpaid, drv_amount, drv_takeaway) VALUES (1376, TO_DATE('01/09/2004', 'dd/MM/yyyy'), TO_DATE('03/09/2004', 'dd/MM/yyyy'), TO_DATE('03/09/2004', 'dd/MM/yyyy'), 76.5, 33.0, 238.0, 768.5, 0.0, 1116.0, false);
INSERT INTO t_vat_revenue (vtr_id, drv_id, vat_id, vtr_amount, vtr_value) VALUES (2751, 1376, 1, 1116.0, 182.88963);
INSERT INTO t_vat_revenue (vtr_id, drv_id, vat_id, vtr_amount, vtr_value) VALUES (2752, 1376, 2, 0, 0);
INSERT INTO t_day_revenue (drv_id, drv_revenue_date, drv_print_date, drv_closing_date, drv_cash, drv_ticket, drv_cheque, drv_card, drv_unpaid, drv_amount, drv_takeaway) VALUES (1377, TO_DATE('02/09/2004', 'dd/MM/yyyy'), TO_DATE('07/09/2004', 'dd/MM/yyyy'), TO_DATE('07/09/2004', 'dd/MM/yyyy'), 0.0, 0.0, 52.5, 94.0, 0.0, 146.5, true);
INSERT INTO t_vat_revenue (vtr_id, drv_id, vat_id, vtr_amount, vtr_value) VALUES (2753, 1377, 1, 0, 0);
INSERT INTO t_vat_revenue (vtr_id, drv_id, vat_id, vtr_amount, vtr_value) VALUES (2754, 1377, 2, 146.5, 7.6374407);
INSERT INTO t_day_revenue (drv_id, drv_revenue_date, drv_print_date, drv_closing_date, drv_cash, drv_ticket, drv_cheque, drv_card, drv_unpaid, drv_amount, drv_takeaway) VALUES (1378, TO_DATE('02/09/2004', 'dd/MM/yyyy'), TO_DATE('07/09/2004', 'dd/MM/yyyy'), TO_DATE('07/09/2004', 'dd/MM/yyyy'), 32.0, 172.0, 575.5, 860.0, 0.0, 1639.5, false);
INSERT INTO t_vat_revenue (vtr_id, drv_id, vat_id, vtr_amount, vtr_value) VALUES (2755, 1378, 1, 1639.5, 268.6806);
INSERT INTO t_vat_revenue (vtr_id, drv_id, vat_id, vtr_amount, vtr_value) VALUES (2756, 1378, 2, 0, 0);
INSERT INTO t_day_revenue (drv_id, drv_revenue_date, drv_print_date, drv_closing_date, drv_cash, drv_ticket, drv_cheque, drv_card, drv_unpaid, drv_amount, drv_takeaway) VALUES (1379, TO_DATE('03/09/2004', 'dd/MM/yyyy'), TO_DATE('07/09/2004', 'dd/MM/yyyy'), TO_DATE('07/09/2004', 'dd/MM/yyyy'), 31.5, 11.0, 0.0, 147.5, 0.0, 190.0, true);
INSERT INTO t_vat_revenue (vtr_id, drv_id, vat_id, vtr_amount, vtr_value) VALUES (2757, 1379, 1, 0, 0);
INSERT INTO t_vat_revenue (vtr_id, drv_id, vat_id, vtr_amount, vtr_value) VALUES (2758, 1379, 2, 190.0, 9.905213);
INSERT INTO t_day_revenue (drv_id, drv_revenue_date, drv_print_date, drv_closing_date, drv_cash, drv_ticket, drv_cheque, drv_card, drv_unpaid, drv_amount, drv_takeaway) VALUES (1380, TO_DATE('03/09/2004', 'dd/MM/yyyy'), TO_DATE('07/09/2004', 'dd/MM/yyyy'), TO_DATE('07/09/2004', 'dd/MM/yyyy'), 53.0, 194.0, 382.0, 910.0, 0.0, 1539.0, false);
INSERT INTO t_vat_revenue (vtr_id, drv_id, vat_id, vtr_amount, vtr_value) VALUES (2759, 1380, 1, 1539.0, 252.21071);
INSERT INTO t_vat_revenue (vtr_id, drv_id, vat_id, vtr_amount, vtr_value) VALUES (2760, 1380, 2, 0, 0);
INSERT INTO t_day_revenue (drv_id, drv_revenue_date, drv_print_date, drv_closing_date, drv_cash, drv_ticket, drv_cheque, drv_card, drv_unpaid, drv_amount, drv_takeaway) VALUES (1381, TO_DATE('04/09/2004', 'dd/MM/yyyy'), TO_DATE('07/09/2004', 'dd/MM/yyyy'), TO_DATE('07/09/2004', 'dd/MM/yyyy'), 0.0, 0.0, 35.0, 415.0, 0.0, 450.0, true);
INSERT INTO t_vat_revenue (vtr_id, drv_id, vat_id, vtr_amount, vtr_value) VALUES (2761, 1381, 1, 0, 0);
INSERT INTO t_vat_revenue (vtr_id, drv_id, vat_id, vtr_amount, vtr_value) VALUES (2762, 1381, 2, 450.0, 23.459715);
INSERT INTO t_day_revenue (drv_id, drv_revenue_date, drv_print_date, drv_closing_date, drv_cash, drv_ticket, drv_cheque, drv_card, drv_unpaid, drv_amount, drv_takeaway) VALUES (1382, TO_DATE('04/09/2004', 'dd/MM/yyyy'), TO_DATE('07/09/2004', 'dd/MM/yyyy'), TO_DATE('07/09/2004', 'dd/MM/yyyy'), 26.0, 92.5, 611.0, 901.5, 0.0, 1631.0, false);
INSERT INTO t_vat_revenue (vtr_id, drv_id, vat_id, vtr_amount, vtr_value) VALUES (2763, 1382, 1, 1631.0, 267.28763);
INSERT INTO t_vat_revenue (vtr_id, drv_id, vat_id, vtr_amount, vtr_value) VALUES (2764, 1382, 2, 0, 0);
INSERT INTO t_day_revenue (drv_id, drv_revenue_date, drv_print_date, drv_closing_date, drv_cash, drv_ticket, drv_cheque, drv_card, drv_unpaid, drv_amount, drv_takeaway) VALUES (1383, TO_DATE('05/09/2004', 'dd/MM/yyyy'), TO_DATE('07/09/2004', 'dd/MM/yyyy'), TO_DATE('07/09/2004', 'dd/MM/yyyy'), 0.0, 0.0, 0.0, 48.0, 0.0, 48.0, true);
INSERT INTO t_vat_revenue (vtr_id, drv_id, vat_id, vtr_amount, vtr_value) VALUES (2765, 1383, 1, 0, 0);
INSERT INTO t_vat_revenue (vtr_id, drv_id, vat_id, vtr_amount, vtr_value) VALUES (2766, 1383, 2, 48.0, 2.5023696);
INSERT INTO t_day_revenue (drv_id, drv_revenue_date, drv_print_date, drv_closing_date, drv_cash, drv_ticket, drv_cheque, drv_card, drv_unpaid, drv_amount, drv_takeaway) VALUES (1384, TO_DATE('05/09/2004', 'dd/MM/yyyy'), TO_DATE('07/09/2004', 'dd/MM/yyyy'), TO_DATE('07/09/2004', 'dd/MM/yyyy'), 21.0, 116.6, 302.0, 991.9, 0.0, 1431.5, false);
INSERT INTO t_vat_revenue (vtr_id, drv_id, vat_id, vtr_amount, vtr_value) VALUES (2767, 1384, 1, 1431.5, 234.59366);
INSERT INTO t_vat_revenue (vtr_id, drv_id, vat_id, vtr_amount, vtr_value) VALUES (2768, 1384, 2, 0, 0);
INSERT INTO t_day_revenue (drv_id, drv_revenue_date, drv_print_date, drv_closing_date, drv_cash, drv_ticket, drv_cheque, drv_card, drv_unpaid, drv_amount, drv_takeaway) VALUES (1385, TO_DATE('07/09/2004', 'dd/MM/yyyy'), TO_DATE('08/09/2004', 'dd/MM/yyyy'), TO_DATE('08/09/2004', 'dd/MM/yyyy'), 0.0, 0.0, 0.0, 65.5, 0.0, 65.5, true);
INSERT INTO t_vat_revenue (vtr_id, drv_id, vat_id, vtr_amount, vtr_value) VALUES (2769, 1385, 1, 0, 0);
INSERT INTO t_vat_revenue (vtr_id, drv_id, vat_id, vtr_amount, vtr_value) VALUES (2770, 1385, 2, 65.5, 3.414692);
INSERT INTO t_day_revenue (drv_id, drv_revenue_date, drv_print_date, drv_closing_date, drv_cash, drv_ticket, drv_cheque, drv_card, drv_unpaid, drv_amount, drv_takeaway) VALUES (1386, TO_DATE('07/09/2004', 'dd/MM/yyyy'), TO_DATE('08/09/2004', 'dd/MM/yyyy'), TO_DATE('08/09/2004', 'dd/MM/yyyy'), 18.0, 68.0, 326.5, 882.5, 0.0, 1295.0, false);
INSERT INTO t_vat_revenue (vtr_id, drv_id, vat_id, vtr_amount, vtr_value) VALUES (2771, 1386, 1, 1295.0, 212.22409);
INSERT INTO t_vat_revenue (vtr_id, drv_id, vat_id, vtr_amount, vtr_value) VALUES (2772, 1386, 2, 0, 0);
INSERT INTO t_day_revenue (drv_id, drv_revenue_date, drv_print_date, drv_closing_date, drv_cash, drv_ticket, drv_cheque, drv_card, drv_unpaid, drv_amount, drv_takeaway) VALUES (1387, TO_DATE('08/09/2004', 'dd/MM/yyyy'), TO_DATE('09/09/2004', 'dd/MM/yyyy'), TO_DATE('09/09/2004', 'dd/MM/yyyy'), 0.0, 0.0, 0.0, 221.5, 0.0, 221.5, true);
INSERT INTO t_vat_revenue (vtr_id, drv_id, vat_id, vtr_amount, vtr_value) VALUES (2773, 1387, 1, 0, 0);
INSERT INTO t_vat_revenue (vtr_id, drv_id, vat_id, vtr_amount, vtr_value) VALUES (2774, 1387, 2, 221.5, 11.547394);
INSERT INTO t_day_revenue (drv_id, drv_revenue_date, drv_print_date, drv_closing_date, drv_cash, drv_ticket, drv_cheque, drv_card, drv_unpaid, drv_amount, drv_takeaway) VALUES (1388, TO_DATE('08/09/2004', 'dd/MM/yyyy'), TO_DATE('09/09/2004', 'dd/MM/yyyy'), TO_DATE('09/09/2004', 'dd/MM/yyyy'), 60.0, 37.2, 140.6, 980.7, 0.0, 1218.5, false);
INSERT INTO t_vat_revenue (vtr_id, drv_id, vat_id, vtr_amount, vtr_value) VALUES (2775, 1388, 1, 1218.5, 199.68729);
INSERT INTO t_vat_revenue (vtr_id, drv_id, vat_id, vtr_amount, vtr_value) VALUES (2776, 1388, 2, 0, 0);
INSERT INTO t_day_revenue (drv_id, drv_revenue_date, drv_print_date, drv_closing_date, drv_cash, drv_ticket, drv_cheque, drv_card, drv_unpaid, drv_amount, drv_takeaway) VALUES (1389, TO_DATE('09/09/2004', 'dd/MM/yyyy'), TO_DATE('10/09/2004', 'dd/MM/yyyy'), TO_DATE('10/09/2004', 'dd/MM/yyyy'), 28.0, 0.0, 8.0, 29.5, 0.0, 65.5, true);
INSERT INTO t_vat_revenue (vtr_id, drv_id, vat_id, vtr_amount, vtr_value) VALUES (2777, 1389, 1, 0, 0);
INSERT INTO t_vat_revenue (vtr_id, drv_id, vat_id, vtr_amount, vtr_value) VALUES (2778, 1389, 2, 65.5, 3.414692);
INSERT INTO t_day_revenue (drv_id, drv_revenue_date, drv_print_date, drv_closing_date, drv_cash, drv_ticket, drv_cheque, drv_card, drv_unpaid, drv_amount, drv_takeaway) VALUES (1390, TO_DATE('09/09/2004', 'dd/MM/yyyy'), TO_DATE('10/09/2004', 'dd/MM/yyyy'), TO_DATE('10/09/2004', 'dd/MM/yyyy'), 53.5, 150.05, 334.5, 748.45, 0.0, 1286.5, false);
INSERT INTO t_vat_revenue (vtr_id, drv_id, vat_id, vtr_amount, vtr_value) VALUES (2779, 1390, 1, 1286.5, 210.83112);
INSERT INTO t_vat_revenue (vtr_id, drv_id, vat_id, vtr_amount, vtr_value) VALUES (2780, 1390, 2, 0, 0);
INSERT INTO t_day_revenue (drv_id, drv_revenue_date, drv_print_date, drv_closing_date, drv_cash, drv_ticket, drv_cheque, drv_card, drv_unpaid, drv_amount, drv_takeaway) VALUES (1391, TO_DATE('10/09/2004', 'dd/MM/yyyy'), TO_DATE('16/09/2004', 'dd/MM/yyyy'), TO_DATE('16/09/2004', 'dd/MM/yyyy'), 0.0, 0.0, 95.5, 82.0, 0.0, 177.5, true);
INSERT INTO t_vat_revenue (vtr_id, drv_id, vat_id, vtr_amount, vtr_value) VALUES (2781, 1391, 1, 0, 0);
INSERT INTO t_vat_revenue (vtr_id, drv_id, vat_id, vtr_amount, vtr_value) VALUES (2782, 1391, 2, 177.5, 9.253554);
INSERT INTO t_day_revenue (drv_id, drv_revenue_date, drv_print_date, drv_closing_date, drv_cash, drv_ticket, drv_cheque, drv_card, drv_unpaid, drv_amount, drv_takeaway) VALUES (1392, TO_DATE('10/09/2004', 'dd/MM/yyyy'), TO_DATE('16/09/2004', 'dd/MM/yyyy'), TO_DATE('16/09/2004', 'dd/MM/yyyy'), 22.5, 65.0, 310.0, 861.5, 0.0, 1259.0, false);
INSERT INTO t_vat_revenue (vtr_id, drv_id, vat_id, vtr_amount, vtr_value) VALUES (2783, 1392, 1, 1259.0, 206.32442);
INSERT INTO t_vat_revenue (vtr_id, drv_id, vat_id, vtr_amount, vtr_value) VALUES (2784, 1392, 2, 0, 0);
INSERT INTO t_day_revenue (drv_id, drv_revenue_date, drv_print_date, drv_closing_date, drv_cash, drv_ticket, drv_cheque, drv_card, drv_unpaid, drv_amount, drv_takeaway) VALUES (1393, TO_DATE('11/09/2004', 'dd/MM/yyyy'), TO_DATE('16/09/2004', 'dd/MM/yyyy'), TO_DATE('16/09/2004', 'dd/MM/yyyy'), 22.9, 6.1, 0.0, 98.5, 0.0, 127.5, true);
INSERT INTO t_vat_revenue (vtr_id, drv_id, vat_id, vtr_amount, vtr_value) VALUES (2785, 1393, 1, 0, 0);
INSERT INTO t_vat_revenue (vtr_id, drv_id, vat_id, vtr_amount, vtr_value) VALUES (2786, 1393, 2, 127.5, 6.6469193);
INSERT INTO t_day_revenue (drv_id, drv_revenue_date, drv_print_date, drv_closing_date, drv_cash, drv_ticket, drv_cheque, drv_card, drv_unpaid, drv_amount, drv_takeaway) VALUES (1394, TO_DATE('11/09/2004', 'dd/MM/yyyy'), TO_DATE('16/09/2004', 'dd/MM/yyyy'), TO_DATE('16/09/2004', 'dd/MM/yyyy'), 10.5, 50.5, 425.5, 1405.5, 0.0, 1892.0, false);
INSERT INTO t_vat_revenue (vtr_id, drv_id, vat_id, vtr_amount, vtr_value) VALUES (2787, 1394, 1, 1892.0, 310.0602);
INSERT INTO t_vat_revenue (vtr_id, drv_id, vat_id, vtr_amount, vtr_value) VALUES (2788, 1394, 2, 0, 0);
INSERT INTO t_day_revenue (drv_id, drv_revenue_date, drv_print_date, drv_closing_date, drv_cash, drv_ticket, drv_cheque, drv_card, drv_unpaid, drv_amount, drv_takeaway) VALUES (1395, TO_DATE('12/09/2004', 'dd/MM/yyyy'), TO_DATE('16/09/2004', 'dd/MM/yyyy'), TO_DATE('16/09/2004', 'dd/MM/yyyy'), 0.0, 0.0, 0.0, 45.0, 0.0, 45.0, true);
INSERT INTO t_vat_revenue (vtr_id, drv_id, vat_id, vtr_amount, vtr_value) VALUES (2789, 1395, 1, 0, 0);
INSERT INTO t_vat_revenue (vtr_id, drv_id, vat_id, vtr_amount, vtr_value) VALUES (2790, 1395, 2, 45.0, 2.3459716);
INSERT INTO t_day_revenue (drv_id, drv_revenue_date, drv_print_date, drv_closing_date, drv_cash, drv_ticket, drv_cheque, drv_card, drv_unpaid, drv_amount, drv_takeaway) VALUES (1396, TO_DATE('12/09/2004', 'dd/MM/yyyy'), TO_DATE('16/09/2004', 'dd/MM/yyyy'), TO_DATE('16/09/2004', 'dd/MM/yyyy'), 60.0, 0.0, 253.5, 724.0, 0.0, 1037.5, false);
INSERT INTO t_vat_revenue (vtr_id, drv_id, vat_id, vtr_amount, vtr_value) VALUES (2791, 1396, 1, 1037.5, 170.02509);
INSERT INTO t_vat_revenue (vtr_id, drv_id, vat_id, vtr_amount, vtr_value) VALUES (2792, 1396, 2, 0, 0);
INSERT INTO t_day_revenue (drv_id, drv_revenue_date, drv_print_date, drv_closing_date, drv_cash, drv_ticket, drv_cheque, drv_card, drv_unpaid, drv_amount, drv_takeaway) VALUES (1397, TO_DATE('14/09/2004', 'dd/MM/yyyy'), TO_DATE('16/09/2004', 'dd/MM/yyyy'), TO_DATE('16/09/2004', 'dd/MM/yyyy'), 0.0, 0.0, 0.0, 11.0, 0.0, 11.0, true);
INSERT INTO t_vat_revenue (vtr_id, drv_id, vat_id, vtr_amount, vtr_value) VALUES (2793, 1397, 1, 0, 0);
INSERT INTO t_vat_revenue (vtr_id, drv_id, vat_id, vtr_amount, vtr_value) VALUES (2794, 1397, 2, 11.0, 0.57345974);
INSERT INTO t_day_revenue (drv_id, drv_revenue_date, drv_print_date, drv_closing_date, drv_cash, drv_ticket, drv_cheque, drv_card, drv_unpaid, drv_amount, drv_takeaway) VALUES (1398, TO_DATE('14/09/2004', 'dd/MM/yyyy'), TO_DATE('16/09/2004', 'dd/MM/yyyy'), TO_DATE('16/09/2004', 'dd/MM/yyyy'), 28.9, 46.1, 125.0, 686.0, 0.0, 886.0, false);
INSERT INTO t_vat_revenue (vtr_id, drv_id, vat_id, vtr_amount, vtr_value) VALUES (2795, 1398, 1, 886.0, 145.19733);
INSERT INTO t_vat_revenue (vtr_id, drv_id, vat_id, vtr_amount, vtr_value) VALUES (2796, 1398, 2, 0, 0);
INSERT INTO t_day_revenue (drv_id, drv_revenue_date, drv_print_date, drv_closing_date, drv_cash, drv_ticket, drv_cheque, drv_card, drv_unpaid, drv_amount, drv_takeaway) VALUES (1399, TO_DATE('15/09/2004', 'dd/MM/yyyy'), TO_DATE('26/10/2004', 'dd/MM/yyyy'), TO_DATE('26/10/2004', 'dd/MM/yyyy'), 27.0, 0.0, 0.0, 0.0, 0.0, 27.0, true);
INSERT INTO t_vat_revenue (vtr_id, drv_id, vat_id, vtr_amount, vtr_value) VALUES (2797, 1399, 1, 0, 0);
INSERT INTO t_vat_revenue (vtr_id, drv_id, vat_id, vtr_amount, vtr_value) VALUES (2798, 1399, 2, 27.0, 1.4075829);
INSERT INTO t_day_revenue (drv_id, drv_revenue_date, drv_print_date, drv_closing_date, drv_cash, drv_ticket, drv_cheque, drv_card, drv_unpaid, drv_amount, drv_takeaway) VALUES (1400, TO_DATE('15/09/2004', 'dd/MM/yyyy'), TO_DATE('26/10/2004', 'dd/MM/yyyy'), TO_DATE('26/10/2004', 'dd/MM/yyyy'), 29.5, 309.0, 74.5, 302.0, 0.0, 715.0, false);
INSERT INTO t_vat_revenue (vtr_id, drv_id, vat_id, vtr_amount, vtr_value) VALUES (2799, 1400, 1, 715.0, 117.17391);
INSERT INTO t_vat_revenue (vtr_id, drv_id, vat_id, vtr_amount, vtr_value) VALUES (2800, 1400, 2, 0, 0);
INSERT INTO t_day_revenue (drv_id, drv_revenue_date, drv_print_date, drv_closing_date, drv_cash, drv_ticket, drv_cheque, drv_card, drv_unpaid, drv_amount, drv_takeaway) VALUES (1401, TO_DATE('16/09/2004', 'dd/MM/yyyy'), TO_DATE('17/09/2004', 'dd/MM/yyyy'), TO_DATE('17/09/2004', 'dd/MM/yyyy'), 0.0, 0.0, 0.0, 37.5, 0.0, 37.5, true);
INSERT INTO t_vat_revenue (vtr_id, drv_id, vat_id, vtr_amount, vtr_value) VALUES (2801, 1401, 1, 0, 0);
INSERT INTO t_vat_revenue (vtr_id, drv_id, vat_id, vtr_amount, vtr_value) VALUES (2802, 1401, 2, 37.5, 1.9549763);
INSERT INTO t_day_revenue (drv_id, drv_revenue_date, drv_print_date, drv_closing_date, drv_cash, drv_ticket, drv_cheque, drv_card, drv_unpaid, drv_amount, drv_takeaway) VALUES (1402, TO_DATE('16/09/2004', 'dd/MM/yyyy'), TO_DATE('17/09/2004', 'dd/MM/yyyy'), TO_DATE('17/09/2004', 'dd/MM/yyyy'), 40.0, 82.0, 144.5, 345.0, 0.0, 611.5, false);
INSERT INTO t_vat_revenue (vtr_id, drv_id, vat_id, vtr_amount, vtr_value) VALUES (2803, 1402, 1, 611.5, 100.21238);
INSERT INTO t_vat_revenue (vtr_id, drv_id, vat_id, vtr_amount, vtr_value) VALUES (2804, 1402, 2, 0, 0);
INSERT INTO t_day_revenue (drv_id, drv_revenue_date, drv_print_date, drv_closing_date, drv_cash, drv_ticket, drv_cheque, drv_card, drv_unpaid, drv_amount, drv_takeaway) VALUES (1403, TO_DATE('17/09/2004', 'dd/MM/yyyy'), TO_DATE('24/09/2004', 'dd/MM/yyyy'), TO_DATE('24/09/2004', 'dd/MM/yyyy'), 0.0, 0.0, 0.0, 21.0, 0.0, 21.0, true);
INSERT INTO t_vat_revenue (vtr_id, drv_id, vat_id, vtr_amount, vtr_value) VALUES (2805, 1403, 1, 0, 0);
INSERT INTO t_vat_revenue (vtr_id, drv_id, vat_id, vtr_amount, vtr_value) VALUES (2806, 1403, 2, 21.0, 1.0947868);
INSERT INTO t_day_revenue (drv_id, drv_revenue_date, drv_print_date, drv_closing_date, drv_cash, drv_ticket, drv_cheque, drv_card, drv_unpaid, drv_amount, drv_takeaway) VALUES (1404, TO_DATE('17/09/2004', 'dd/MM/yyyy'), TO_DATE('24/09/2004', 'dd/MM/yyyy'), TO_DATE('24/09/2004', 'dd/MM/yyyy'), 114.8, 131.68, 327.8, 1113.22, 0.0, 1687.5, false);
INSERT INTO t_vat_revenue (vtr_id, drv_id, vat_id, vtr_amount, vtr_value) VALUES (2807, 1404, 1, 1687.5, 276.5468);
INSERT INTO t_vat_revenue (vtr_id, drv_id, vat_id, vtr_amount, vtr_value) VALUES (2808, 1404, 2, 0, 0);
INSERT INTO t_day_revenue (drv_id, drv_revenue_date, drv_print_date, drv_closing_date, drv_cash, drv_ticket, drv_cheque, drv_card, drv_unpaid, drv_amount, drv_takeaway) VALUES (1405, TO_DATE('18/09/2004', 'dd/MM/yyyy'), TO_DATE('24/09/2004', 'dd/MM/yyyy'), TO_DATE('24/09/2004', 'dd/MM/yyyy'), 0.0, 0.0, 0.0, 171.5, 0.0, 171.5, true);
INSERT INTO t_vat_revenue (vtr_id, drv_id, vat_id, vtr_amount, vtr_value) VALUES (2809, 1405, 1, 0, 0);
INSERT INTO t_vat_revenue (vtr_id, drv_id, vat_id, vtr_amount, vtr_value) VALUES (2810, 1405, 2, 171.5, 8.940759);
INSERT INTO t_day_revenue (drv_id, drv_revenue_date, drv_print_date, drv_closing_date, drv_cash, drv_ticket, drv_cheque, drv_card, drv_unpaid, drv_amount, drv_takeaway) VALUES (1406, TO_DATE('18/09/2004', 'dd/MM/yyyy'), TO_DATE('24/09/2004', 'dd/MM/yyyy'), TO_DATE('24/09/2004', 'dd/MM/yyyy'), 34.6, 112.8, 506.4, 1370.7, 0.0, 2024.5, false);
INSERT INTO t_vat_revenue (vtr_id, drv_id, vat_id, vtr_amount, vtr_value) VALUES (2811, 1406, 1, 2024.5, 331.77423);
INSERT INTO t_vat_revenue (vtr_id, drv_id, vat_id, vtr_amount, vtr_value) VALUES (2812, 1406, 2, 0, 0);
INSERT INTO t_day_revenue (drv_id, drv_revenue_date, drv_print_date, drv_closing_date, drv_cash, drv_ticket, drv_cheque, drv_card, drv_unpaid, drv_amount, drv_takeaway) VALUES (1407, TO_DATE('19/09/2004', 'dd/MM/yyyy'), TO_DATE('24/09/2004', 'dd/MM/yyyy'), TO_DATE('24/09/2004', 'dd/MM/yyyy'), 0.0, 0.0, 49.0, 86.5, 0.0, 135.5, true);
INSERT INTO t_vat_revenue (vtr_id, drv_id, vat_id, vtr_amount, vtr_value) VALUES (2813, 1407, 1, 0, 0);
INSERT INTO t_vat_revenue (vtr_id, drv_id, vat_id, vtr_amount, vtr_value) VALUES (2814, 1407, 2, 135.5, 7.063981);
INSERT INTO t_day_revenue (drv_id, drv_revenue_date, drv_print_date, drv_closing_date, drv_cash, drv_ticket, drv_cheque, drv_card, drv_unpaid, drv_amount, drv_takeaway) VALUES (1408, TO_DATE('19/09/2004', 'dd/MM/yyyy'), TO_DATE('24/09/2004', 'dd/MM/yyyy'), TO_DATE('24/09/2004', 'dd/MM/yyyy'), -1.0, 0.0, 264.5, 259.5, 0.0, 523.0, false);
INSERT INTO t_vat_revenue (vtr_id, drv_id, vat_id, vtr_amount, vtr_value) VALUES (2815, 1408, 1, 523.0, 85.70903);
INSERT INTO t_vat_revenue (vtr_id, drv_id, vat_id, vtr_amount, vtr_value) VALUES (2816, 1408, 2, 0, 0);
INSERT INTO t_day_revenue (drv_id, drv_revenue_date, drv_print_date, drv_closing_date, drv_cash, drv_ticket, drv_cheque, drv_card, drv_unpaid, drv_amount, drv_takeaway) VALUES (1409, TO_DATE('21/09/2004', 'dd/MM/yyyy'), TO_DATE('24/09/2004', 'dd/MM/yyyy'), TO_DATE('24/09/2004', 'dd/MM/yyyy'), 0.0, 0.0, 0.0, 79.5, 0.0, 79.5, true);
INSERT INTO t_vat_revenue (vtr_id, drv_id, vat_id, vtr_amount, vtr_value) VALUES (2817, 1409, 1, 0, 0);
INSERT INTO t_vat_revenue (vtr_id, drv_id, vat_id, vtr_amount, vtr_value) VALUES (2818, 1409, 2, 79.5, 4.14455);
INSERT INTO t_day_revenue (drv_id, drv_revenue_date, drv_print_date, drv_closing_date, drv_cash, drv_ticket, drv_cheque, drv_card, drv_unpaid, drv_amount, drv_takeaway) VALUES (1410, TO_DATE('21/09/2004', 'dd/MM/yyyy'), TO_DATE('24/09/2004', 'dd/MM/yyyy'), TO_DATE('24/09/2004', 'dd/MM/yyyy'), 84.5, 27.5, 62.5, 634.5, 0.0, 809.0, false);
INSERT INTO t_vat_revenue (vtr_id, drv_id, vat_id, vtr_amount, vtr_value) VALUES (2819, 1410, 1, 809.0, 132.5786);
INSERT INTO t_vat_revenue (vtr_id, drv_id, vat_id, vtr_amount, vtr_value) VALUES (2820, 1410, 2, 0, 0);
INSERT INTO t_day_revenue (drv_id, drv_revenue_date, drv_print_date, drv_closing_date, drv_cash, drv_ticket, drv_cheque, drv_card, drv_unpaid, drv_amount, drv_takeaway) VALUES (1411, TO_DATE('22/09/2004', 'dd/MM/yyyy'), TO_DATE('24/09/2004', 'dd/MM/yyyy'), TO_DATE('24/09/2004', 'dd/MM/yyyy'), 0.0, 0.0, 0.0, 46.5, 0.0, 46.5, true);
INSERT INTO t_vat_revenue (vtr_id, drv_id, vat_id, vtr_amount, vtr_value) VALUES (2821, 1411, 1, 0, 0);
INSERT INTO t_vat_revenue (vtr_id, drv_id, vat_id, vtr_amount, vtr_value) VALUES (2822, 1411, 2, 46.5, 2.4241707);
INSERT INTO t_day_revenue (drv_id, drv_revenue_date, drv_print_date, drv_closing_date, drv_cash, drv_ticket, drv_cheque, drv_card, drv_unpaid, drv_amount, drv_takeaway) VALUES (1412, TO_DATE('22/09/2004', 'dd/MM/yyyy'), TO_DATE('24/09/2004', 'dd/MM/yyyy'), TO_DATE('24/09/2004', 'dd/MM/yyyy'), 24.0, 45.5, 172.5, 769.5, 0.0, 1011.5, false);
INSERT INTO t_vat_revenue (vtr_id, drv_id, vat_id, vtr_amount, vtr_value) VALUES (2823, 1412, 1, 1011.5, 165.76422);
INSERT INTO t_vat_revenue (vtr_id, drv_id, vat_id, vtr_amount, vtr_value) VALUES (2824, 1412, 2, 0, 0);
INSERT INTO t_day_revenue (drv_id, drv_revenue_date, drv_print_date, drv_closing_date, drv_cash, drv_ticket, drv_cheque, drv_card, drv_unpaid, drv_amount, drv_takeaway) VALUES (1413, TO_DATE('23/09/2004', 'dd/MM/yyyy'), TO_DATE('24/09/2004', 'dd/MM/yyyy'), TO_DATE('24/09/2004', 'dd/MM/yyyy'), 0.0, 0.0, 0.0, 0.0, 0.0, 0.0, true);
INSERT INTO t_vat_revenue (vtr_id, drv_id, vat_id, vtr_amount, vtr_value) VALUES (2825, 1413, 1, 0, 0);
INSERT INTO t_vat_revenue (vtr_id, drv_id, vat_id, vtr_amount, vtr_value) VALUES (2826, 1413, 2, 0.0, 0.0);
INSERT INTO t_day_revenue (drv_id, drv_revenue_date, drv_print_date, drv_closing_date, drv_cash, drv_ticket, drv_cheque, drv_card, drv_unpaid, drv_amount, drv_takeaway) VALUES (1414, TO_DATE('23/09/2004', 'dd/MM/yyyy'), TO_DATE('24/09/2004', 'dd/MM/yyyy'), TO_DATE('24/09/2004', 'dd/MM/yyyy'), 47.5, 42.0, 85.5, 774.0, 0.0, 949.0, false);
INSERT INTO t_vat_revenue (vtr_id, drv_id, vat_id, vtr_amount, vtr_value) VALUES (2827, 1414, 1, 949.0, 155.52174);
INSERT INTO t_vat_revenue (vtr_id, drv_id, vat_id, vtr_amount, vtr_value) VALUES (2828, 1414, 2, 0, 0);
INSERT INTO t_day_revenue (drv_id, drv_revenue_date, drv_print_date, drv_closing_date, drv_cash, drv_ticket, drv_cheque, drv_card, drv_unpaid, drv_amount, drv_takeaway) VALUES (1415, TO_DATE('24/09/2004', 'dd/MM/yyyy'), TO_DATE('28/09/2004', 'dd/MM/yyyy'), TO_DATE('28/09/2004', 'dd/MM/yyyy'), 0.0, 0.0, 0.0, 72.0, 0.0, 72.0, true);
INSERT INTO t_vat_revenue (vtr_id, drv_id, vat_id, vtr_amount, vtr_value) VALUES (2829, 1415, 1, 0, 0);
INSERT INTO t_vat_revenue (vtr_id, drv_id, vat_id, vtr_amount, vtr_value) VALUES (2830, 1415, 2, 72.0, 3.7535546);
INSERT INTO t_day_revenue (drv_id, drv_revenue_date, drv_print_date, drv_closing_date, drv_cash, drv_ticket, drv_cheque, drv_card, drv_unpaid, drv_amount, drv_takeaway) VALUES (1416, TO_DATE('24/09/2004', 'dd/MM/yyyy'), TO_DATE('28/09/2004', 'dd/MM/yyyy'), TO_DATE('28/09/2004', 'dd/MM/yyyy'), 491.0, 25.5, 238.5, 699.5, 0.0, 1454.5, false);
INSERT INTO t_vat_revenue (vtr_id, drv_id, vat_id, vtr_amount, vtr_value) VALUES (2831, 1416, 1, 1454.5, 238.36288);
INSERT INTO t_vat_revenue (vtr_id, drv_id, vat_id, vtr_amount, vtr_value) VALUES (2832, 1416, 2, 0, 0);
INSERT INTO t_day_revenue (drv_id, drv_revenue_date, drv_print_date, drv_closing_date, drv_cash, drv_ticket, drv_cheque, drv_card, drv_unpaid, drv_amount, drv_takeaway) VALUES (1417, TO_DATE('25/09/2004', 'dd/MM/yyyy'), TO_DATE('28/09/2004', 'dd/MM/yyyy'), TO_DATE('28/09/2004', 'dd/MM/yyyy'), 0.0, 0.0, 0.0, 359.5, 0.0, 359.5, true);
INSERT INTO t_vat_revenue (vtr_id, drv_id, vat_id, vtr_amount, vtr_value) VALUES (2833, 1417, 1, 0, 0);
INSERT INTO t_vat_revenue (vtr_id, drv_id, vat_id, vtr_amount, vtr_value) VALUES (2834, 1417, 2, 359.5, 18.741707);
INSERT INTO t_day_revenue (drv_id, drv_revenue_date, drv_print_date, drv_closing_date, drv_cash, drv_ticket, drv_cheque, drv_card, drv_unpaid, drv_amount, drv_takeaway) VALUES (1418, TO_DATE('25/09/2004', 'dd/MM/yyyy'), TO_DATE('28/09/2004', 'dd/MM/yyyy'), TO_DATE('28/09/2004', 'dd/MM/yyyy'), 25.0, 66.5, 520.75, 1395.75, 0.0, 2008.0, false);
INSERT INTO t_vat_revenue (vtr_id, drv_id, vat_id, vtr_amount, vtr_value) VALUES (2835, 1418, 1, 2008.0, 329.07025);
INSERT INTO t_vat_revenue (vtr_id, drv_id, vat_id, vtr_amount, vtr_value) VALUES (2836, 1418, 2, 0, 0);
INSERT INTO t_day_revenue (drv_id, drv_revenue_date, drv_print_date, drv_closing_date, drv_cash, drv_ticket, drv_cheque, drv_card, drv_unpaid, drv_amount, drv_takeaway) VALUES (1419, TO_DATE('26/09/2004', 'dd/MM/yyyy'), TO_DATE('28/09/2004', 'dd/MM/yyyy'), TO_DATE('28/09/2004', 'dd/MM/yyyy'), 0.0, 0.0, 23.5, 135.0, 0.0, 158.5, true);
INSERT INTO t_vat_revenue (vtr_id, drv_id, vat_id, vtr_amount, vtr_value) VALUES (2837, 1419, 1, 0, 0);
INSERT INTO t_vat_revenue (vtr_id, drv_id, vat_id, vtr_amount, vtr_value) VALUES (2838, 1419, 2, 158.5, 8.263033);
INSERT INTO t_day_revenue (drv_id, drv_revenue_date, drv_print_date, drv_closing_date, drv_cash, drv_ticket, drv_cheque, drv_card, drv_unpaid, drv_amount, drv_takeaway) VALUES (1420, TO_DATE('26/09/2004', 'dd/MM/yyyy'), TO_DATE('28/09/2004', 'dd/MM/yyyy'), TO_DATE('28/09/2004', 'dd/MM/yyyy'), 11.5, 51.5, 445.0, 564.0, 0.0, 1072.0, false);
INSERT INTO t_vat_revenue (vtr_id, drv_id, vat_id, vtr_amount, vtr_value) VALUES (2839, 1420, 1, 1072.0, 175.67894);
INSERT INTO t_vat_revenue (vtr_id, drv_id, vat_id, vtr_amount, vtr_value) VALUES (2840, 1420, 2, 0, 0);
INSERT INTO t_day_revenue (drv_id, drv_revenue_date, drv_print_date, drv_closing_date, drv_cash, drv_ticket, drv_cheque, drv_card, drv_unpaid, drv_amount, drv_takeaway) VALUES (1421, TO_DATE('28/09/2004', 'dd/MM/yyyy'), TO_DATE('25/10/2004', 'dd/MM/yyyy'), TO_DATE('25/10/2004', 'dd/MM/yyyy'), 0.0, 0.0, 0.0, 38.0, 0.0, 38.0, true);
INSERT INTO t_vat_revenue (vtr_id, drv_id, vat_id, vtr_amount, vtr_value) VALUES (2841, 1421, 1, 0, 0);
INSERT INTO t_vat_revenue (vtr_id, drv_id, vat_id, vtr_amount, vtr_value) VALUES (2842, 1421, 2, 38.0, 1.9810426);
INSERT INTO t_day_revenue (drv_id, drv_revenue_date, drv_print_date, drv_closing_date, drv_cash, drv_ticket, drv_cheque, drv_card, drv_unpaid, drv_amount, drv_takeaway) VALUES (1422, TO_DATE('28/09/2004', 'dd/MM/yyyy'), TO_DATE('25/10/2004', 'dd/MM/yyyy'), TO_DATE('25/10/2004', 'dd/MM/yyyy'), 38.9, 75.6, 183.0, 745.0, 0.0, 1042.5, false);
INSERT INTO t_vat_revenue (vtr_id, drv_id, vat_id, vtr_amount, vtr_value) VALUES (2843, 1422, 1, 1042.5, 170.84448);
INSERT INTO t_vat_revenue (vtr_id, drv_id, vat_id, vtr_amount, vtr_value) VALUES (2844, 1422, 2, 0, 0);
INSERT INTO t_day_revenue (drv_id, drv_revenue_date, drv_print_date, drv_closing_date, drv_cash, drv_ticket, drv_cheque, drv_card, drv_unpaid, drv_amount, drv_takeaway) VALUES (1423, TO_DATE('29/09/2004', 'dd/MM/yyyy'), TO_DATE('25/10/2004', 'dd/MM/yyyy'), TO_DATE('25/10/2004', 'dd/MM/yyyy'), 0.0, 0.0, 0.0, 73.5, 0.0, 73.5, true);
INSERT INTO t_vat_revenue (vtr_id, drv_id, vat_id, vtr_amount, vtr_value) VALUES (2845, 1423, 1, 0, 0);
INSERT INTO t_vat_revenue (vtr_id, drv_id, vat_id, vtr_amount, vtr_value) VALUES (2846, 1423, 2, 73.5, 3.8317535);
INSERT INTO t_day_revenue (drv_id, drv_revenue_date, drv_print_date, drv_closing_date, drv_cash, drv_ticket, drv_cheque, drv_card, drv_unpaid, drv_amount, drv_takeaway) VALUES (1424, TO_DATE('29/09/2004', 'dd/MM/yyyy'), TO_DATE('25/10/2004', 'dd/MM/yyyy'), TO_DATE('25/10/2004', 'dd/MM/yyyy'), 61.0, 61.5, 169.5, 907.0, 0.0, 1199.0, false);
INSERT INTO t_vat_revenue (vtr_id, drv_id, vat_id, vtr_amount, vtr_value) VALUES (2847, 1424, 1, 1199.0, 196.49164);
INSERT INTO t_vat_revenue (vtr_id, drv_id, vat_id, vtr_amount, vtr_value) VALUES (2848, 1424, 2, 0, 0);
INSERT INTO t_day_revenue (drv_id, drv_revenue_date, drv_print_date, drv_closing_date, drv_cash, drv_ticket, drv_cheque, drv_card, drv_unpaid, drv_amount, drv_takeaway) VALUES (1425, TO_DATE('30/09/2004', 'dd/MM/yyyy'), TO_DATE('25/10/2004', 'dd/MM/yyyy'), TO_DATE('25/10/2004', 'dd/MM/yyyy'), 0.0, 0.0, 8.5, 165.5, 0.0, 174.0, true);
INSERT INTO t_vat_revenue (vtr_id, drv_id, vat_id, vtr_amount, vtr_value) VALUES (2849, 1425, 1, 0, 0);
INSERT INTO t_vat_revenue (vtr_id, drv_id, vat_id, vtr_amount, vtr_value) VALUES (2850, 1425, 2, 174.0, 9.07109);
INSERT INTO t_day_revenue (drv_id, drv_revenue_date, drv_print_date, drv_closing_date, drv_cash, drv_ticket, drv_cheque, drv_card, drv_unpaid, drv_amount, drv_takeaway) VALUES (1426, TO_DATE('30/09/2004', 'dd/MM/yyyy'), TO_DATE('25/10/2004', 'dd/MM/yyyy'), TO_DATE('25/10/2004', 'dd/MM/yyyy'), 127.4, 39.1, 0.0, 708.5, 0.0, 875.0, false);
INSERT INTO t_vat_revenue (vtr_id, drv_id, vat_id, vtr_amount, vtr_value) VALUES (2851, 1426, 1, 875.0, 143.39465);
INSERT INTO t_vat_revenue (vtr_id, drv_id, vat_id, vtr_amount, vtr_value) VALUES (2852, 1426, 2, 0, 0);
INSERT INTO t_day_revenue (drv_id, drv_revenue_date, drv_print_date, drv_closing_date, drv_cash, drv_ticket, drv_cheque, drv_card, drv_unpaid, drv_amount, drv_takeaway) VALUES (1427, TO_DATE('01/10/2004', 'dd/MM/yyyy'), TO_DATE('25/10/2004', 'dd/MM/yyyy'), TO_DATE('25/10/2004', 'dd/MM/yyyy'), 0.0, 0.0, 15.5, 142.0, 0.0, 157.5, true);
INSERT INTO t_vat_revenue (vtr_id, drv_id, vat_id, vtr_amount, vtr_value) VALUES (2853, 1427, 1, 0, 0);
INSERT INTO t_vat_revenue (vtr_id, drv_id, vat_id, vtr_amount, vtr_value) VALUES (2854, 1427, 2, 157.5, 8.2109);
INSERT INTO t_day_revenue (drv_id, drv_revenue_date, drv_print_date, drv_closing_date, drv_cash, drv_ticket, drv_cheque, drv_card, drv_unpaid, drv_amount, drv_takeaway) VALUES (1428, TO_DATE('01/10/2004', 'dd/MM/yyyy'), TO_DATE('25/10/2004', 'dd/MM/yyyy'), TO_DATE('25/10/2004', 'dd/MM/yyyy'), 110.6, 26.5, 594.8, 1599.1, 0.0, 2331.0, false);
INSERT INTO t_vat_revenue (vtr_id, drv_id, vat_id, vtr_amount, vtr_value) VALUES (2855, 1428, 1, 2331.0, 382.00336);
INSERT INTO t_vat_revenue (vtr_id, drv_id, vat_id, vtr_amount, vtr_value) VALUES (2856, 1428, 2, 0, 0);
INSERT INTO t_day_revenue (drv_id, drv_revenue_date, drv_print_date, drv_closing_date, drv_cash, drv_ticket, drv_cheque, drv_card, drv_unpaid, drv_amount, drv_takeaway) VALUES (1429, TO_DATE('02/10/2004', 'dd/MM/yyyy'), TO_DATE('25/10/2004', 'dd/MM/yyyy'), TO_DATE('25/10/2004', 'dd/MM/yyyy'), 0.0, 0.0, 0.0, 225.5, 0.0, 225.5, true);
INSERT INTO t_vat_revenue (vtr_id, drv_id, vat_id, vtr_amount, vtr_value) VALUES (2857, 1429, 1, 0, 0);
INSERT INTO t_vat_revenue (vtr_id, drv_id, vat_id, vtr_amount, vtr_value) VALUES (2858, 1429, 2, 225.5, 11.755924);
INSERT INTO t_day_revenue (drv_id, drv_revenue_date, drv_print_date, drv_closing_date, drv_cash, drv_ticket, drv_cheque, drv_card, drv_unpaid, drv_amount, drv_takeaway) VALUES (1430, TO_DATE('02/10/2004', 'dd/MM/yyyy'), TO_DATE('25/10/2004', 'dd/MM/yyyy'), TO_DATE('25/10/2004', 'dd/MM/yyyy'), 69.0, 158.5, 740.5, 1673.0, 0.0, 2641.0, false);
INSERT INTO t_vat_revenue (vtr_id, drv_id, vat_id, vtr_amount, vtr_value) VALUES (2859, 1430, 1, 2641.0, 432.80603);
INSERT INTO t_vat_revenue (vtr_id, drv_id, vat_id, vtr_amount, vtr_value) VALUES (2860, 1430, 2, 0, 0);
INSERT INTO t_day_revenue (drv_id, drv_revenue_date, drv_print_date, drv_closing_date, drv_cash, drv_ticket, drv_cheque, drv_card, drv_unpaid, drv_amount, drv_takeaway) VALUES (1431, TO_DATE('03/10/2004', 'dd/MM/yyyy'), TO_DATE('25/10/2004', 'dd/MM/yyyy'), TO_DATE('25/10/2004', 'dd/MM/yyyy'), 0.0, 0.0, 37.5, 93.5, 0.0, 131.0, true);
INSERT INTO t_vat_revenue (vtr_id, drv_id, vat_id, vtr_amount, vtr_value) VALUES (2861, 1431, 1, 0, 0);
INSERT INTO t_vat_revenue (vtr_id, drv_id, vat_id, vtr_amount, vtr_value) VALUES (2862, 1431, 2, 131.0, 6.829384);
INSERT INTO t_day_revenue (drv_id, drv_revenue_date, drv_print_date, drv_closing_date, drv_cash, drv_ticket, drv_cheque, drv_card, drv_unpaid, drv_amount, drv_takeaway) VALUES (1432, TO_DATE('03/10/2004', 'dd/MM/yyyy'), TO_DATE('25/10/2004', 'dd/MM/yyyy'), TO_DATE('25/10/2004', 'dd/MM/yyyy'), 0.0, 31.5, 338.5, 652.5, 0.0, 1022.5, false);
INSERT INTO t_vat_revenue (vtr_id, drv_id, vat_id, vtr_amount, vtr_value) VALUES (2863, 1432, 1, 1022.5, 167.5669);
INSERT INTO t_vat_revenue (vtr_id, drv_id, vat_id, vtr_amount, vtr_value) VALUES (2864, 1432, 2, 0, 0);
INSERT INTO t_day_revenue (drv_id, drv_revenue_date, drv_print_date, drv_closing_date, drv_cash, drv_ticket, drv_cheque, drv_card, drv_unpaid, drv_amount, drv_takeaway) VALUES (1433, TO_DATE('05/10/2004', 'dd/MM/yyyy'), TO_DATE('25/10/2004', 'dd/MM/yyyy'), TO_DATE('25/10/2004', 'dd/MM/yyyy'), 0.0, 0.0, 0.0, 0.0, 0.0, 0.0, true);
INSERT INTO t_vat_revenue (vtr_id, drv_id, vat_id, vtr_amount, vtr_value) VALUES (2865, 1433, 1, 0, 0);
INSERT INTO t_vat_revenue (vtr_id, drv_id, vat_id, vtr_amount, vtr_value) VALUES (2866, 1433, 2, 0.0, 0.0);
INSERT INTO t_day_revenue (drv_id, drv_revenue_date, drv_print_date, drv_closing_date, drv_cash, drv_ticket, drv_cheque, drv_card, drv_unpaid, drv_amount, drv_takeaway) VALUES (1434, TO_DATE('05/10/2004', 'dd/MM/yyyy'), TO_DATE('25/10/2004', 'dd/MM/yyyy'), TO_DATE('25/10/2004', 'dd/MM/yyyy'), 18.3, 31.7, 309.0, 333.0, 0.0, 692.0, false);
INSERT INTO t_vat_revenue (vtr_id, drv_id, vat_id, vtr_amount, vtr_value) VALUES (2867, 1434, 1, 692.0, 113.404686);
INSERT INTO t_vat_revenue (vtr_id, drv_id, vat_id, vtr_amount, vtr_value) VALUES (2868, 1434, 2, 0, 0);
INSERT INTO t_day_revenue (drv_id, drv_revenue_date, drv_print_date, drv_closing_date, drv_cash, drv_ticket, drv_cheque, drv_card, drv_unpaid, drv_amount, drv_takeaway) VALUES (1435, TO_DATE('06/10/2004', 'dd/MM/yyyy'), TO_DATE('25/10/2004', 'dd/MM/yyyy'), TO_DATE('25/10/2004', 'dd/MM/yyyy'), 0.0, 0.0, 0.0, 0.0, 0.0, 0.0, true);
INSERT INTO t_vat_revenue (vtr_id, drv_id, vat_id, vtr_amount, vtr_value) VALUES (2869, 1435, 1, 0, 0);
INSERT INTO t_vat_revenue (vtr_id, drv_id, vat_id, vtr_amount, vtr_value) VALUES (2870, 1435, 2, 0.0, 0.0);
INSERT INTO t_day_revenue (drv_id, drv_revenue_date, drv_print_date, drv_closing_date, drv_cash, drv_ticket, drv_cheque, drv_card, drv_unpaid, drv_amount, drv_takeaway) VALUES (1436, TO_DATE('06/10/2004', 'dd/MM/yyyy'), TO_DATE('25/10/2004', 'dd/MM/yyyy'), TO_DATE('25/10/2004', 'dd/MM/yyyy'), 35.0, 73.4, 301.6, 672.5, 0.0, 1082.5, false);
INSERT INTO t_vat_revenue (vtr_id, drv_id, vat_id, vtr_amount, vtr_value) VALUES (2871, 1436, 1, 1082.5, 177.39967);
INSERT INTO t_vat_revenue (vtr_id, drv_id, vat_id, vtr_amount, vtr_value) VALUES (2872, 1436, 2, 0, 0);
INSERT INTO t_day_revenue (drv_id, drv_revenue_date, drv_print_date, drv_closing_date, drv_cash, drv_ticket, drv_cheque, drv_card, drv_unpaid, drv_amount, drv_takeaway) VALUES (1437, TO_DATE('07/10/2004', 'dd/MM/yyyy'), TO_DATE('25/10/2004', 'dd/MM/yyyy'), TO_DATE('25/10/2004', 'dd/MM/yyyy'), 0.0, 0.0, 0.0, 0.0, 0.0, 0.0, true);
INSERT INTO t_vat_revenue (vtr_id, drv_id, vat_id, vtr_amount, vtr_value) VALUES (2873, 1437, 1, 0, 0);
INSERT INTO t_vat_revenue (vtr_id, drv_id, vat_id, vtr_amount, vtr_value) VALUES (2874, 1437, 2, 0.0, 0.0);
INSERT INTO t_day_revenue (drv_id, drv_revenue_date, drv_print_date, drv_closing_date, drv_cash, drv_ticket, drv_cheque, drv_card, drv_unpaid, drv_amount, drv_takeaway) VALUES (1438, TO_DATE('07/10/2004', 'dd/MM/yyyy'), TO_DATE('25/10/2004', 'dd/MM/yyyy'), TO_DATE('25/10/2004', 'dd/MM/yyyy'), 15.0, 114.0, 156.0, 692.0, 0.0, 977.0, false);
INSERT INTO t_vat_revenue (vtr_id, drv_id, vat_id, vtr_amount, vtr_value) VALUES (2875, 1438, 1, 977.0, 160.11038);
INSERT INTO t_vat_revenue (vtr_id, drv_id, vat_id, vtr_amount, vtr_value) VALUES (2876, 1438, 2, 0, 0);
INSERT INTO t_day_revenue (drv_id, drv_revenue_date, drv_print_date, drv_closing_date, drv_cash, drv_ticket, drv_cheque, drv_card, drv_unpaid, drv_amount, drv_takeaway) VALUES (1439, TO_DATE('08/10/2004', 'dd/MM/yyyy'), TO_DATE('25/10/2004', 'dd/MM/yyyy'), TO_DATE('25/10/2004', 'dd/MM/yyyy'), 0.0, 0.0, 0.0, 143.5, 0.0, 143.5, true);
INSERT INTO t_vat_revenue (vtr_id, drv_id, vat_id, vtr_amount, vtr_value) VALUES (2877, 1439, 1, 0, 0);
INSERT INTO t_vat_revenue (vtr_id, drv_id, vat_id, vtr_amount, vtr_value) VALUES (2878, 1439, 2, 143.5, 7.481043);
INSERT INTO t_day_revenue (drv_id, drv_revenue_date, drv_print_date, drv_closing_date, drv_cash, drv_ticket, drv_cheque, drv_card, drv_unpaid, drv_amount, drv_takeaway) VALUES (1440, TO_DATE('08/10/2004', 'dd/MM/yyyy'), TO_DATE('25/10/2004', 'dd/MM/yyyy'), TO_DATE('25/10/2004', 'dd/MM/yyyy'), 26.0, 61.2, 165.0, 744.8, 0.0, 997.0, false);
INSERT INTO t_vat_revenue (vtr_id, drv_id, vat_id, vtr_amount, vtr_value) VALUES (2879, 1440, 1, 997.0, 163.38797);
INSERT INTO t_vat_revenue (vtr_id, drv_id, vat_id, vtr_amount, vtr_value) VALUES (2880, 1440, 2, 0, 0);
INSERT INTO t_day_revenue (drv_id, drv_revenue_date, drv_print_date, drv_closing_date, drv_cash, drv_ticket, drv_cheque, drv_card, drv_unpaid, drv_amount, drv_takeaway) VALUES (1441, TO_DATE('09/10/2004', 'dd/MM/yyyy'), TO_DATE('25/10/2004', 'dd/MM/yyyy'), TO_DATE('25/10/2004', 'dd/MM/yyyy'), 0.0, 0.0, 0.0, 194.0, 0.0, 194.0, true);
INSERT INTO t_vat_revenue (vtr_id, drv_id, vat_id, vtr_amount, vtr_value) VALUES (2881, 1441, 1, 0, 0);
INSERT INTO t_vat_revenue (vtr_id, drv_id, vat_id, vtr_amount, vtr_value) VALUES (2882, 1441, 2, 194.0, 10.113744);
INSERT INTO t_day_revenue (drv_id, drv_revenue_date, drv_print_date, drv_closing_date, drv_cash, drv_ticket, drv_cheque, drv_card, drv_unpaid, drv_amount, drv_takeaway) VALUES (1442, TO_DATE('09/10/2004', 'dd/MM/yyyy'), TO_DATE('25/10/2004', 'dd/MM/yyyy'), TO_DATE('25/10/2004', 'dd/MM/yyyy'), 112.5, 31.0, 151.0, 1532.0, 0.0, 1826.5, false);
INSERT INTO t_vat_revenue (vtr_id, drv_id, vat_id, vtr_amount, vtr_value) VALUES (2883, 1442, 1, 1826.5, 299.3261);
INSERT INTO t_vat_revenue (vtr_id, drv_id, vat_id, vtr_amount, vtr_value) VALUES (2884, 1442, 2, 0, 0);
INSERT INTO t_day_revenue (drv_id, drv_revenue_date, drv_print_date, drv_closing_date, drv_cash, drv_ticket, drv_cheque, drv_card, drv_unpaid, drv_amount, drv_takeaway) VALUES (1443, TO_DATE('10/10/2004', 'dd/MM/yyyy'), TO_DATE('25/10/2004', 'dd/MM/yyyy'), TO_DATE('25/10/2004', 'dd/MM/yyyy'), 0.0, 0.0, 0.0, 18.0, 0.0, 18.0, true);
INSERT INTO t_vat_revenue (vtr_id, drv_id, vat_id, vtr_amount, vtr_value) VALUES (2885, 1443, 1, 0, 0);
INSERT INTO t_vat_revenue (vtr_id, drv_id, vat_id, vtr_amount, vtr_value) VALUES (2886, 1443, 2, 18.0, 0.93838865);
INSERT INTO t_day_revenue (drv_id, drv_revenue_date, drv_print_date, drv_closing_date, drv_cash, drv_ticket, drv_cheque, drv_card, drv_unpaid, drv_amount, drv_takeaway) VALUES (1444, TO_DATE('10/10/2004', 'dd/MM/yyyy'), TO_DATE('25/10/2004', 'dd/MM/yyyy'), TO_DATE('25/10/2004', 'dd/MM/yyyy'), 14.3, 47.2, 400.0, 820.5, 0.0, 1282.0, false);
INSERT INTO t_vat_revenue (vtr_id, drv_id, vat_id, vtr_amount, vtr_value) VALUES (2887, 1444, 1, 1282.0, 210.09366);
INSERT INTO t_vat_revenue (vtr_id, drv_id, vat_id, vtr_amount, vtr_value) VALUES (2888, 1444, 2, 0, 0);
INSERT INTO t_day_revenue (drv_id, drv_revenue_date, drv_print_date, drv_closing_date, drv_cash, drv_ticket, drv_cheque, drv_card, drv_unpaid, drv_amount, drv_takeaway) VALUES (1445, TO_DATE('12/10/2004', 'dd/MM/yyyy'), TO_DATE('25/10/2004', 'dd/MM/yyyy'), TO_DATE('25/10/2004', 'dd/MM/yyyy'), 0.0, 0.0, 0.0, 61.5, 0.0, 61.5, true);
INSERT INTO t_vat_revenue (vtr_id, drv_id, vat_id, vtr_amount, vtr_value) VALUES (2889, 1445, 1, 0, 0);
INSERT INTO t_vat_revenue (vtr_id, drv_id, vat_id, vtr_amount, vtr_value) VALUES (2890, 1445, 2, 61.5, 3.206161);
INSERT INTO t_day_revenue (drv_id, drv_revenue_date, drv_print_date, drv_closing_date, drv_cash, drv_ticket, drv_cheque, drv_card, drv_unpaid, drv_amount, drv_takeaway) VALUES (1446, TO_DATE('12/10/2004', 'dd/MM/yyyy'), TO_DATE('25/10/2004', 'dd/MM/yyyy'), TO_DATE('25/10/2004', 'dd/MM/yyyy'), 19.0, 89.5, 315.5, 545.0, 0.0, 969.0, false);
INSERT INTO t_vat_revenue (vtr_id, drv_id, vat_id, vtr_amount, vtr_value) VALUES (2891, 1446, 1, 969.0, 158.79933);
INSERT INTO t_vat_revenue (vtr_id, drv_id, vat_id, vtr_amount, vtr_value) VALUES (2892, 1446, 2, 0, 0);
INSERT INTO t_day_revenue (drv_id, drv_revenue_date, drv_print_date, drv_closing_date, drv_cash, drv_ticket, drv_cheque, drv_card, drv_unpaid, drv_amount, drv_takeaway) VALUES (1447, TO_DATE('13/10/2004', 'dd/MM/yyyy'), TO_DATE('25/10/2004', 'dd/MM/yyyy'), TO_DATE('25/10/2004', 'dd/MM/yyyy'), 0.0, 0.0, 0.0, 0.0, 0.0, 0.0, true);
INSERT INTO t_vat_revenue (vtr_id, drv_id, vat_id, vtr_amount, vtr_value) VALUES (2893, 1447, 1, 0, 0);
INSERT INTO t_vat_revenue (vtr_id, drv_id, vat_id, vtr_amount, vtr_value) VALUES (2894, 1447, 2, 0.0, 0.0);
INSERT INTO t_day_revenue (drv_id, drv_revenue_date, drv_print_date, drv_closing_date, drv_cash, drv_ticket, drv_cheque, drv_card, drv_unpaid, drv_amount, drv_takeaway) VALUES (1448, TO_DATE('13/10/2004', 'dd/MM/yyyy'), TO_DATE('25/10/2004', 'dd/MM/yyyy'), TO_DATE('25/10/2004', 'dd/MM/yyyy'), 40.5, 22.5, 211.0, 706.0, 0.0, 980.0, false);
INSERT INTO t_vat_revenue (vtr_id, drv_id, vat_id, vtr_amount, vtr_value) VALUES (2895, 1448, 1, 980.0, 160.602);
INSERT INTO t_vat_revenue (vtr_id, drv_id, vat_id, vtr_amount, vtr_value) VALUES (2896, 1448, 2, 0, 0);
INSERT INTO t_day_revenue (drv_id, drv_revenue_date, drv_print_date, drv_closing_date, drv_cash, drv_ticket, drv_cheque, drv_card, drv_unpaid, drv_amount, drv_takeaway) VALUES (1449, TO_DATE('14/10/2004', 'dd/MM/yyyy'), TO_DATE('25/10/2004', 'dd/MM/yyyy'), TO_DATE('25/10/2004', 'dd/MM/yyyy'), 0.0, 0.0, 31.5, 34.5, 0.0, 66.0, true);
INSERT INTO t_vat_revenue (vtr_id, drv_id, vat_id, vtr_amount, vtr_value) VALUES (2897, 1449, 1, 0, 0);
INSERT INTO t_vat_revenue (vtr_id, drv_id, vat_id, vtr_amount, vtr_value) VALUES (2898, 1449, 2, 66.0, 3.4407582);
INSERT INTO t_day_revenue (drv_id, drv_revenue_date, drv_print_date, drv_closing_date, drv_cash, drv_ticket, drv_cheque, drv_card, drv_unpaid, drv_amount, drv_takeaway) VALUES (1450, TO_DATE('14/10/2004', 'dd/MM/yyyy'), TO_DATE('25/10/2004', 'dd/MM/yyyy'), TO_DATE('25/10/2004', 'dd/MM/yyyy'), 1.3, 73.2, 40.0, 431.2, 0.0, 545.7, false);
INSERT INTO t_vat_revenue (vtr_id, drv_id, vat_id, vtr_amount, vtr_value) VALUES (2899, 1450, 1, 545.7, 89.42911);
INSERT INTO t_vat_revenue (vtr_id, drv_id, vat_id, vtr_amount, vtr_value) VALUES (2900, 1450, 2, 0, 0);
INSERT INTO t_day_revenue (drv_id, drv_revenue_date, drv_print_date, drv_closing_date, drv_cash, drv_ticket, drv_cheque, drv_card, drv_unpaid, drv_amount, drv_takeaway) VALUES (1451, TO_DATE('15/10/2004', 'dd/MM/yyyy'), TO_DATE('26/10/2004', 'dd/MM/yyyy'), TO_DATE('26/10/2004', 'dd/MM/yyyy'), 0.0, 0.0, 0.0, 32.5, 0.0, 32.5, true);
INSERT INTO t_vat_revenue (vtr_id, drv_id, vat_id, vtr_amount, vtr_value) VALUES (2901, 1451, 1, 0, 0);
INSERT INTO t_vat_revenue (vtr_id, drv_id, vat_id, vtr_amount, vtr_value) VALUES (2902, 1451, 2, 32.5, 1.6943128);
INSERT INTO t_day_revenue (drv_id, drv_revenue_date, drv_print_date, drv_closing_date, drv_cash, drv_ticket, drv_cheque, drv_card, drv_unpaid, drv_amount, drv_takeaway) VALUES (1452, TO_DATE('15/10/2004', 'dd/MM/yyyy'), TO_DATE('26/10/2004', 'dd/MM/yyyy'), TO_DATE('26/10/2004', 'dd/MM/yyyy'), 96.0, 43.5, 266.5, 1009.0, 0.0, 1415.0, false);
INSERT INTO t_vat_revenue (vtr_id, drv_id, vat_id, vtr_amount, vtr_value) VALUES (2903, 1452, 1, 1415.0, 231.88963);
INSERT INTO t_vat_revenue (vtr_id, drv_id, vat_id, vtr_amount, vtr_value) VALUES (2904, 1452, 2, 0, 0);
INSERT INTO t_day_revenue (drv_id, drv_revenue_date, drv_print_date, drv_closing_date, drv_cash, drv_ticket, drv_cheque, drv_card, drv_unpaid, drv_amount, drv_takeaway) VALUES (1453, TO_DATE('16/10/2004', 'dd/MM/yyyy'), TO_DATE('26/10/2004', 'dd/MM/yyyy'), TO_DATE('26/10/2004', 'dd/MM/yyyy'), 15.0, 0.0, 76.5, 270.5, 0.0, 362.0, true);
INSERT INTO t_vat_revenue (vtr_id, drv_id, vat_id, vtr_amount, vtr_value) VALUES (2905, 1453, 1, 0, 0);
INSERT INTO t_vat_revenue (vtr_id, drv_id, vat_id, vtr_amount, vtr_value) VALUES (2906, 1453, 2, 362.0, 18.872038);
INSERT INTO t_day_revenue (drv_id, drv_revenue_date, drv_print_date, drv_closing_date, drv_cash, drv_ticket, drv_cheque, drv_card, drv_unpaid, drv_amount, drv_takeaway) VALUES (1454, TO_DATE('16/10/2004', 'dd/MM/yyyy'), TO_DATE('26/10/2004', 'dd/MM/yyyy'), TO_DATE('26/10/2004', 'dd/MM/yyyy'), 14.5, 55.8, 227.7, 1253.0, 0.0, 1551.0, false);
INSERT INTO t_vat_revenue (vtr_id, drv_id, vat_id, vtr_amount, vtr_value) VALUES (2907, 1454, 1, 1551.0, 254.17728);
INSERT INTO t_vat_revenue (vtr_id, drv_id, vat_id, vtr_amount, vtr_value) VALUES (2908, 1454, 2, 0, 0);
INSERT INTO t_day_revenue (drv_id, drv_revenue_date, drv_print_date, drv_closing_date, drv_cash, drv_ticket, drv_cheque, drv_card, drv_unpaid, drv_amount, drv_takeaway) VALUES (1455, TO_DATE('17/10/2004', 'dd/MM/yyyy'), TO_DATE('25/10/2004', 'dd/MM/yyyy'), TO_DATE('25/10/2004', 'dd/MM/yyyy'), 12.5, 20.0, 0.0, 19.0, 0.0, 51.5, true);
INSERT INTO t_vat_revenue (vtr_id, drv_id, vat_id, vtr_amount, vtr_value) VALUES (2909, 1455, 1, 0, 0);
INSERT INTO t_vat_revenue (vtr_id, drv_id, vat_id, vtr_amount, vtr_value) VALUES (2910, 1455, 2, 51.5, 2.6848342);
INSERT INTO t_day_revenue (drv_id, drv_revenue_date, drv_print_date, drv_closing_date, drv_cash, drv_ticket, drv_cheque, drv_card, drv_unpaid, drv_amount, drv_takeaway) VALUES (1456, TO_DATE('17/10/2004', 'dd/MM/yyyy'), TO_DATE('25/10/2004', 'dd/MM/yyyy'), TO_DATE('25/10/2004', 'dd/MM/yyyy'), 7.4, 157.6, 76.0, 248.0, 0.0, 489.0, false);
INSERT INTO t_vat_revenue (vtr_id, drv_id, vat_id, vtr_amount, vtr_value) VALUES (2911, 1456, 1, 489.0, 80.13713);
INSERT INTO t_vat_revenue (vtr_id, drv_id, vat_id, vtr_amount, vtr_value) VALUES (2912, 1456, 2, 0, 0);
INSERT INTO t_day_revenue (drv_id, drv_revenue_date, drv_print_date, drv_closing_date, drv_cash, drv_ticket, drv_cheque, drv_card, drv_unpaid, drv_amount, drv_takeaway) VALUES (1457, TO_DATE('19/10/2004', 'dd/MM/yyyy'), TO_DATE('25/10/2004', 'dd/MM/yyyy'), TO_DATE('25/10/2004', 'dd/MM/yyyy'), 0.0, 0.0, 0.0, 0.0, 0.0, 0.0, true);
INSERT INTO t_vat_revenue (vtr_id, drv_id, vat_id, vtr_amount, vtr_value) VALUES (2913, 1457, 1, 0, 0);
INSERT INTO t_vat_revenue (vtr_id, drv_id, vat_id, vtr_amount, vtr_value) VALUES (2914, 1457, 2, 0.0, 0.0);
INSERT INTO t_day_revenue (drv_id, drv_revenue_date, drv_print_date, drv_closing_date, drv_cash, drv_ticket, drv_cheque, drv_card, drv_unpaid, drv_amount, drv_takeaway) VALUES (1458, TO_DATE('19/10/2004', 'dd/MM/yyyy'), TO_DATE('25/10/2004', 'dd/MM/yyyy'), TO_DATE('25/10/2004', 'dd/MM/yyyy'), 149.5, 92.0, 72.5, 321.0, 0.0, 635.0, false);
INSERT INTO t_vat_revenue (vtr_id, drv_id, vat_id, vtr_amount, vtr_value) VALUES (2915, 1458, 1, 635.0, 104.063545);
INSERT INTO t_vat_revenue (vtr_id, drv_id, vat_id, vtr_amount, vtr_value) VALUES (2916, 1458, 2, 0, 0);
INSERT INTO t_day_revenue (drv_id, drv_revenue_date, drv_print_date, drv_closing_date, drv_cash, drv_ticket, drv_cheque, drv_card, drv_unpaid, drv_amount, drv_takeaway) VALUES (1459, TO_DATE('20/10/2004', 'dd/MM/yyyy'), TO_DATE('25/10/2004', 'dd/MM/yyyy'), TO_DATE('25/10/2004', 'dd/MM/yyyy'), 0.0, 0.0, 0.0, 103.5, 0.0, 103.5, true);
INSERT INTO t_vat_revenue (vtr_id, drv_id, vat_id, vtr_amount, vtr_value) VALUES (2917, 1459, 1, 0, 0);
INSERT INTO t_vat_revenue (vtr_id, drv_id, vat_id, vtr_amount, vtr_value) VALUES (2918, 1459, 2, 103.5, 5.395735);
INSERT INTO t_day_revenue (drv_id, drv_revenue_date, drv_print_date, drv_closing_date, drv_cash, drv_ticket, drv_cheque, drv_card, drv_unpaid, drv_amount, drv_takeaway) VALUES (1460, TO_DATE('20/10/2004', 'dd/MM/yyyy'), TO_DATE('25/10/2004', 'dd/MM/yyyy'), TO_DATE('25/10/2004', 'dd/MM/yyyy'), 99.0, 127.5, 53.0, 429.0, 0.0, 708.5, false);
INSERT INTO t_vat_revenue (vtr_id, drv_id, vat_id, vtr_amount, vtr_value) VALUES (2919, 1460, 1, 708.5, 116.1087);
INSERT INTO t_vat_revenue (vtr_id, drv_id, vat_id, vtr_amount, vtr_value) VALUES (2920, 1460, 2, 0, 0);
INSERT INTO t_day_revenue (drv_id, drv_revenue_date, drv_print_date, drv_closing_date, drv_cash, drv_ticket, drv_cheque, drv_card, drv_unpaid, drv_amount, drv_takeaway) VALUES (1461, TO_DATE('21/10/2004', 'dd/MM/yyyy'), TO_DATE('25/10/2004', 'dd/MM/yyyy'), TO_DATE('25/10/2004', 'dd/MM/yyyy'), 8.0, 0.0, 0.0, 117.5, 0.0, 125.5, true);
INSERT INTO t_vat_revenue (vtr_id, drv_id, vat_id, vtr_amount, vtr_value) VALUES (2921, 1461, 1, 0, 0);
INSERT INTO t_vat_revenue (vtr_id, drv_id, vat_id, vtr_amount, vtr_value) VALUES (2922, 1461, 2, 125.5, 6.542654);
INSERT INTO t_day_revenue (drv_id, drv_revenue_date, drv_print_date, drv_closing_date, drv_cash, drv_ticket, drv_cheque, drv_card, drv_unpaid, drv_amount, drv_takeaway) VALUES (1462, TO_DATE('21/10/2004', 'dd/MM/yyyy'), TO_DATE('25/10/2004', 'dd/MM/yyyy'), TO_DATE('25/10/2004', 'dd/MM/yyyy'), 29.5, 78.5, 54.5, 555.5, 0.0, 718.0, false);
INSERT INTO t_vat_revenue (vtr_id, drv_id, vat_id, vtr_amount, vtr_value) VALUES (2923, 1462, 1, 718.0, 117.66555);
INSERT INTO t_vat_revenue (vtr_id, drv_id, vat_id, vtr_amount, vtr_value) VALUES (2924, 1462, 2, 0, 0);
INSERT INTO t_day_revenue (drv_id, drv_revenue_date, drv_print_date, drv_closing_date, drv_cash, drv_ticket, drv_cheque, drv_card, drv_unpaid, drv_amount, drv_takeaway) VALUES (1463, TO_DATE('22/10/2004', 'dd/MM/yyyy'), TO_DATE('25/10/2004', 'dd/MM/yyyy'), TO_DATE('25/10/2004', 'dd/MM/yyyy'), 0.0, 0.0, 0.0, 0.0, 0.0, 0.0, true);
INSERT INTO t_vat_revenue (vtr_id, drv_id, vat_id, vtr_amount, vtr_value) VALUES (2925, 1463, 1, 0, 0);
INSERT INTO t_vat_revenue (vtr_id, drv_id, vat_id, vtr_amount, vtr_value) VALUES (2926, 1463, 2, 0.0, 0.0);
INSERT INTO t_day_revenue (drv_id, drv_revenue_date, drv_print_date, drv_closing_date, drv_cash, drv_ticket, drv_cheque, drv_card, drv_unpaid, drv_amount, drv_takeaway) VALUES (1464, TO_DATE('22/10/2004', 'dd/MM/yyyy'), TO_DATE('25/10/2004', 'dd/MM/yyyy'), TO_DATE('25/10/2004', 'dd/MM/yyyy'), 37.5, 77.0, 686.0, 903.0, 0.0, 1703.5, false);
INSERT INTO t_vat_revenue (vtr_id, drv_id, vat_id, vtr_amount, vtr_value) VALUES (2927, 1464, 1, 1703.5, 279.1689);
INSERT INTO t_vat_revenue (vtr_id, drv_id, vat_id, vtr_amount, vtr_value) VALUES (2928, 1464, 2, 0, 0);
INSERT INTO t_day_revenue (drv_id, drv_revenue_date, drv_print_date, drv_closing_date, drv_cash, drv_ticket, drv_cheque, drv_card, drv_unpaid, drv_amount, drv_takeaway) VALUES (1465, TO_DATE('23/10/2004', 'dd/MM/yyyy'), TO_DATE('25/10/2004', 'dd/MM/yyyy'), TO_DATE('25/10/2004', 'dd/MM/yyyy'), 0.0, 0.0, 0.0, 21.5, 0.0, 21.5, true);
INSERT INTO t_vat_revenue (vtr_id, drv_id, vat_id, vtr_amount, vtr_value) VALUES (2929, 1465, 1, 0, 0);
INSERT INTO t_vat_revenue (vtr_id, drv_id, vat_id, vtr_amount, vtr_value) VALUES (2930, 1465, 2, 21.5, 1.1208531);
INSERT INTO t_day_revenue (drv_id, drv_revenue_date, drv_print_date, drv_closing_date, drv_cash, drv_ticket, drv_cheque, drv_card, drv_unpaid, drv_amount, drv_takeaway) VALUES (1466, TO_DATE('23/10/2004', 'dd/MM/yyyy'), TO_DATE('25/10/2004', 'dd/MM/yyyy'), TO_DATE('25/10/2004', 'dd/MM/yyyy'), 52.0, 96.0, 115.5, 771.0, 0.0, 1034.5, false);
INSERT INTO t_vat_revenue (vtr_id, drv_id, vat_id, vtr_amount, vtr_value) VALUES (2931, 1466, 1, 1034.5, 169.53346);
INSERT INTO t_vat_revenue (vtr_id, drv_id, vat_id, vtr_amount, vtr_value) VALUES (2932, 1466, 2, 0, 0);
INSERT INTO t_day_revenue (drv_id, drv_revenue_date, drv_print_date, drv_closing_date, drv_cash, drv_ticket, drv_cheque, drv_card, drv_unpaid, drv_amount, drv_takeaway) VALUES (1467, TO_DATE('24/10/2004', 'dd/MM/yyyy'), TO_DATE('25/10/2004', 'dd/MM/yyyy'), TO_DATE('25/10/2004', 'dd/MM/yyyy'), 0.0, 0.0, 0.0, 39.0, 0.0, 39.0, true);
INSERT INTO t_vat_revenue (vtr_id, drv_id, vat_id, vtr_amount, vtr_value) VALUES (2933, 1467, 1, 0, 0);
INSERT INTO t_vat_revenue (vtr_id, drv_id, vat_id, vtr_amount, vtr_value) VALUES (2934, 1467, 2, 39.0, 2.0331755);
INSERT INTO t_day_revenue (drv_id, drv_revenue_date, drv_print_date, drv_closing_date, drv_cash, drv_ticket, drv_cheque, drv_card, drv_unpaid, drv_amount, drv_takeaway) VALUES (1468, TO_DATE('24/10/2004', 'dd/MM/yyyy'), TO_DATE('25/10/2004', 'dd/MM/yyyy'), TO_DATE('25/10/2004', 'dd/MM/yyyy'), 38.0, 76.0, 327.5, 718.5, 0.0, 1160.0, false);
INSERT INTO t_vat_revenue (vtr_id, drv_id, vat_id, vtr_amount, vtr_value) VALUES (2935, 1468, 1, 1160.0, 190.10034);
INSERT INTO t_vat_revenue (vtr_id, drv_id, vat_id, vtr_amount, vtr_value) VALUES (2936, 1468, 2, 0, 0);
INSERT INTO t_day_revenue (drv_id, drv_revenue_date, drv_print_date, drv_closing_date, drv_cash, drv_ticket, drv_cheque, drv_card, drv_unpaid, drv_amount, drv_takeaway) VALUES (1469, TO_DATE('26/10/2004', 'dd/MM/yyyy'), TO_DATE('27/10/2004', 'dd/MM/yyyy'), TO_DATE('27/10/2004', 'dd/MM/yyyy'), 0.0, 0.0, 34.5, 150.0, 0.0, 184.5, true);
INSERT INTO t_vat_revenue (vtr_id, drv_id, vat_id, vtr_amount, vtr_value) VALUES (2937, 1469, 1, 0, 0);
INSERT INTO t_vat_revenue (vtr_id, drv_id, vat_id, vtr_amount, vtr_value) VALUES (2938, 1469, 2, 184.5, 9.618484);
INSERT INTO t_day_revenue (drv_id, drv_revenue_date, drv_print_date, drv_closing_date, drv_cash, drv_ticket, drv_cheque, drv_card, drv_unpaid, drv_amount, drv_takeaway) VALUES (1470, TO_DATE('26/10/2004', 'dd/MM/yyyy'), TO_DATE('27/10/2004', 'dd/MM/yyyy'), TO_DATE('27/10/2004', 'dd/MM/yyyy'), 10.9, 85.1, 36.5, 688.5, 0.0, 821.0, false);
INSERT INTO t_vat_revenue (vtr_id, drv_id, vat_id, vtr_amount, vtr_value) VALUES (2939, 1470, 1, 821.0, 134.54515);
INSERT INTO t_vat_revenue (vtr_id, drv_id, vat_id, vtr_amount, vtr_value) VALUES (2940, 1470, 2, 0, 0);
INSERT INTO t_day_revenue (drv_id, drv_revenue_date, drv_print_date, drv_closing_date, drv_cash, drv_ticket, drv_cheque, drv_card, drv_unpaid, drv_amount, drv_takeaway) VALUES (1471, TO_DATE('27/10/2004', 'dd/MM/yyyy'), TO_DATE('28/10/2004', 'dd/MM/yyyy'), TO_DATE('28/10/2004', 'dd/MM/yyyy'), 0.0, 0.0, 0.0, 103.0, 0.0, 103.0, true);
INSERT INTO t_vat_revenue (vtr_id, drv_id, vat_id, vtr_amount, vtr_value) VALUES (2941, 1471, 1, 0, 0);
INSERT INTO t_vat_revenue (vtr_id, drv_id, vat_id, vtr_amount, vtr_value) VALUES (2942, 1471, 2, 103.0, 5.3696685);
INSERT INTO t_day_revenue (drv_id, drv_revenue_date, drv_print_date, drv_closing_date, drv_cash, drv_ticket, drv_cheque, drv_card, drv_unpaid, drv_amount, drv_takeaway) VALUES (1472, TO_DATE('27/10/2004', 'dd/MM/yyyy'), TO_DATE('28/10/2004', 'dd/MM/yyyy'), TO_DATE('28/10/2004', 'dd/MM/yyyy'), 9.0, 0.0, 197.5, 1019.5, 0.0, 1226.0, false);
INSERT INTO t_vat_revenue (vtr_id, drv_id, vat_id, vtr_amount, vtr_value) VALUES (2943, 1472, 1, 1226.0, 200.91638);
INSERT INTO t_vat_revenue (vtr_id, drv_id, vat_id, vtr_amount, vtr_value) VALUES (2944, 1472, 2, 0, 0);
INSERT INTO t_day_revenue (drv_id, drv_revenue_date, drv_print_date, drv_closing_date, drv_cash, drv_ticket, drv_cheque, drv_card, drv_unpaid, drv_amount, drv_takeaway) VALUES (1473, TO_DATE('28/10/2004', 'dd/MM/yyyy'), TO_DATE('29/10/2004', 'dd/MM/yyyy'), TO_DATE('29/10/2004', 'dd/MM/yyyy'), 0.0, 0.0, 24.5, 0.0, 0.0, 24.5, true);
INSERT INTO t_vat_revenue (vtr_id, drv_id, vat_id, vtr_amount, vtr_value) VALUES (2945, 1473, 1, 0, 0);
INSERT INTO t_vat_revenue (vtr_id, drv_id, vat_id, vtr_amount, vtr_value) VALUES (2946, 1473, 2, 24.5, 1.2772512);
INSERT INTO t_day_revenue (drv_id, drv_revenue_date, drv_print_date, drv_closing_date, drv_cash, drv_ticket, drv_cheque, drv_card, drv_unpaid, drv_amount, drv_takeaway) VALUES (1474, TO_DATE('28/10/2004', 'dd/MM/yyyy'), TO_DATE('29/10/2004', 'dd/MM/yyyy'), TO_DATE('29/10/2004', 'dd/MM/yyyy'), 118.0, 40.0, 261.0, 689.0, 0.0, 1108.0, false);
INSERT INTO t_vat_revenue (vtr_id, drv_id, vat_id, vtr_amount, vtr_value) VALUES (2947, 1474, 1, 1108.0, 181.5786);
INSERT INTO t_vat_revenue (vtr_id, drv_id, vat_id, vtr_amount, vtr_value) VALUES (2948, 1474, 2, 0, 0);
INSERT INTO t_day_revenue (drv_id, drv_revenue_date, drv_print_date, drv_closing_date, drv_cash, drv_ticket, drv_cheque, drv_card, drv_unpaid, drv_amount, drv_takeaway) VALUES (1475, TO_DATE('29/10/2004', 'dd/MM/yyyy'), TO_DATE('02/11/2004', 'dd/MM/yyyy'), TO_DATE('02/11/2004', 'dd/MM/yyyy'), 0.0, 0.0, 0.0, 130.5, 0.0, 130.5, true);
INSERT INTO t_vat_revenue (vtr_id, drv_id, vat_id, vtr_amount, vtr_value) VALUES (2949, 1475, 1, 0, 0);
INSERT INTO t_vat_revenue (vtr_id, drv_id, vat_id, vtr_amount, vtr_value) VALUES (2950, 1475, 2, 130.5, 6.8033175);
INSERT INTO t_day_revenue (drv_id, drv_revenue_date, drv_print_date, drv_closing_date, drv_cash, drv_ticket, drv_cheque, drv_card, drv_unpaid, drv_amount, drv_takeaway) VALUES (1476, TO_DATE('29/10/2004', 'dd/MM/yyyy'), TO_DATE('02/11/2004', 'dd/MM/yyyy'), TO_DATE('02/11/2004', 'dd/MM/yyyy'), 90.5, 102.0, 386.5, 1026.5, 0.0, 1605.5, false);
INSERT INTO t_vat_revenue (vtr_id, drv_id, vat_id, vtr_amount, vtr_value) VALUES (2951, 1476, 1, 1605.5, 263.1087);
INSERT INTO t_vat_revenue (vtr_id, drv_id, vat_id, vtr_amount, vtr_value) VALUES (2952, 1476, 2, 0, 0);
INSERT INTO t_day_revenue (drv_id, drv_revenue_date, drv_print_date, drv_closing_date, drv_cash, drv_ticket, drv_cheque, drv_card, drv_unpaid, drv_amount, drv_takeaway) VALUES (1477, TO_DATE('30/10/2004', 'dd/MM/yyyy'), TO_DATE('02/11/2004', 'dd/MM/yyyy'), TO_DATE('02/11/2004', 'dd/MM/yyyy'), 0.0, 0.0, 0.0, 248.5, 0.0, 248.5, true);
INSERT INTO t_vat_revenue (vtr_id, drv_id, vat_id, vtr_amount, vtr_value) VALUES (2953, 1477, 1, 0, 0);
INSERT INTO t_vat_revenue (vtr_id, drv_id, vat_id, vtr_amount, vtr_value) VALUES (2954, 1477, 2, 248.5, 12.954976);
INSERT INTO t_day_revenue (drv_id, drv_revenue_date, drv_print_date, drv_closing_date, drv_cash, drv_ticket, drv_cheque, drv_card, drv_unpaid, drv_amount, drv_takeaway) VALUES (1478, TO_DATE('30/10/2004', 'dd/MM/yyyy'), TO_DATE('02/11/2004', 'dd/MM/yyyy'), TO_DATE('02/11/2004', 'dd/MM/yyyy'), 20.0, 226.0, 60.0, 794.5, 0.0, 1100.5, false);
INSERT INTO t_vat_revenue (vtr_id, drv_id, vat_id, vtr_amount, vtr_value) VALUES (2955, 1478, 1, 1100.5, 180.3495);
INSERT INTO t_vat_revenue (vtr_id, drv_id, vat_id, vtr_amount, vtr_value) VALUES (2956, 1478, 2, 0, 0);
INSERT INTO t_day_revenue (drv_id, drv_revenue_date, drv_print_date, drv_closing_date, drv_cash, drv_ticket, drv_cheque, drv_card, drv_unpaid, drv_amount, drv_takeaway) VALUES (1479, TO_DATE('31/10/2004', 'dd/MM/yyyy'), TO_DATE('02/11/2004', 'dd/MM/yyyy'), TO_DATE('02/11/2004', 'dd/MM/yyyy'), 0.0, 0.0, 0.0, 56.0, 0.0, 56.0, true);
INSERT INTO t_vat_revenue (vtr_id, drv_id, vat_id, vtr_amount, vtr_value) VALUES (2957, 1479, 1, 0, 0);
INSERT INTO t_vat_revenue (vtr_id, drv_id, vat_id, vtr_amount, vtr_value) VALUES (2958, 1479, 2, 56.0, 2.9194312);
INSERT INTO t_day_revenue (drv_id, drv_revenue_date, drv_print_date, drv_closing_date, drv_cash, drv_ticket, drv_cheque, drv_card, drv_unpaid, drv_amount, drv_takeaway) VALUES (1480, TO_DATE('31/10/2004', 'dd/MM/yyyy'), TO_DATE('02/11/2004', 'dd/MM/yyyy'), TO_DATE('02/11/2004', 'dd/MM/yyyy'), 25.14, 91.5, 343.86, 958.5, 0.0, 1419.0, false);
INSERT INTO t_vat_revenue (vtr_id, drv_id, vat_id, vtr_amount, vtr_value) VALUES (2959, 1480, 1, 1419.0, 232.54515);
INSERT INTO t_vat_revenue (vtr_id, drv_id, vat_id, vtr_amount, vtr_value) VALUES (2960, 1480, 2, 0, 0);
INSERT INTO t_day_revenue (drv_id, drv_revenue_date, drv_print_date, drv_closing_date, drv_cash, drv_ticket, drv_cheque, drv_card, drv_unpaid, drv_amount, drv_takeaway) VALUES (1481, TO_DATE('02/11/2004', 'dd/MM/yyyy'), TO_DATE('03/11/2004', 'dd/MM/yyyy'), TO_DATE('03/11/2004', 'dd/MM/yyyy'), 0.0, 0.0, 18.0, 183.0, 0.0, 201.0, true);
INSERT INTO t_vat_revenue (vtr_id, drv_id, vat_id, vtr_amount, vtr_value) VALUES (2961, 1481, 1, 0, 0);
INSERT INTO t_vat_revenue (vtr_id, drv_id, vat_id, vtr_amount, vtr_value) VALUES (2962, 1481, 2, 201.0, 10.478673);
INSERT INTO t_day_revenue (drv_id, drv_revenue_date, drv_print_date, drv_closing_date, drv_cash, drv_ticket, drv_cheque, drv_card, drv_unpaid, drv_amount, drv_takeaway) VALUES (1482, TO_DATE('02/11/2004', 'dd/MM/yyyy'), TO_DATE('03/11/2004', 'dd/MM/yyyy'), TO_DATE('03/11/2004', 'dd/MM/yyyy'), 72.0, 106.0, 198.5, 614.0, 0.0, 990.5, false);
INSERT INTO t_vat_revenue (vtr_id, drv_id, vat_id, vtr_amount, vtr_value) VALUES (2963, 1482, 1, 990.5, 162.32275);
INSERT INTO t_vat_revenue (vtr_id, drv_id, vat_id, vtr_amount, vtr_value) VALUES (2964, 1482, 2, 0, 0);
INSERT INTO t_day_revenue (drv_id, drv_revenue_date, drv_print_date, drv_closing_date, drv_cash, drv_ticket, drv_cheque, drv_card, drv_unpaid, drv_amount, drv_takeaway) VALUES (1483, TO_DATE('03/11/2004', 'dd/MM/yyyy'), TO_DATE('09/11/2004', 'dd/MM/yyyy'), TO_DATE('09/11/2004', 'dd/MM/yyyy'), 0.0, 0.0, 0.0, 218.0, 0.0, 218.0, true);
INSERT INTO t_vat_revenue (vtr_id, drv_id, vat_id, vtr_amount, vtr_value) VALUES (2965, 1483, 1, 0, 0);
INSERT INTO t_vat_revenue (vtr_id, drv_id, vat_id, vtr_amount, vtr_value) VALUES (2966, 1483, 2, 218.0, 11.364929);
INSERT INTO t_day_revenue (drv_id, drv_revenue_date, drv_print_date, drv_closing_date, drv_cash, drv_ticket, drv_cheque, drv_card, drv_unpaid, drv_amount, drv_takeaway) VALUES (1484, TO_DATE('03/11/2004', 'dd/MM/yyyy'), TO_DATE('09/11/2004', 'dd/MM/yyyy'), TO_DATE('09/11/2004', 'dd/MM/yyyy'), 35.5, 49.0, 193.5, 490.0, 0.0, 768.0, false);
INSERT INTO t_vat_revenue (vtr_id, drv_id, vat_id, vtr_amount, vtr_value) VALUES (2967, 1484, 1, 768.0, 125.85954);
INSERT INTO t_vat_revenue (vtr_id, drv_id, vat_id, vtr_amount, vtr_value) VALUES (2968, 1484, 2, 0, 0);
INSERT INTO t_day_revenue (drv_id, drv_revenue_date, drv_print_date, drv_closing_date, drv_cash, drv_ticket, drv_cheque, drv_card, drv_unpaid, drv_amount, drv_takeaway) VALUES (1485, TO_DATE('04/11/2004', 'dd/MM/yyyy'), TO_DATE('09/11/2004', 'dd/MM/yyyy'), TO_DATE('09/11/2004', 'dd/MM/yyyy'), 12.0, 0.0, 0.0, 49.5, 0.0, 61.5, true);
INSERT INTO t_vat_revenue (vtr_id, drv_id, vat_id, vtr_amount, vtr_value) VALUES (2969, 1485, 1, 0, 0);
INSERT INTO t_vat_revenue (vtr_id, drv_id, vat_id, vtr_amount, vtr_value) VALUES (2970, 1485, 2, 61.5, 3.206161);
INSERT INTO t_day_revenue (drv_id, drv_revenue_date, drv_print_date, drv_closing_date, drv_cash, drv_ticket, drv_cheque, drv_card, drv_unpaid, drv_amount, drv_takeaway) VALUES (1486, TO_DATE('04/11/2004', 'dd/MM/yyyy'), TO_DATE('09/11/2004', 'dd/MM/yyyy'), TO_DATE('09/11/2004', 'dd/MM/yyyy'), 4.0, 29.0, 176.5, 714.0, 0.0, 923.5, false);
INSERT INTO t_vat_revenue (vtr_id, drv_id, vat_id, vtr_amount, vtr_value) VALUES (2971, 1486, 1, 923.5, 151.3428);
INSERT INTO t_vat_revenue (vtr_id, drv_id, vat_id, vtr_amount, vtr_value) VALUES (2972, 1486, 2, 0, 0);
INSERT INTO t_day_revenue (drv_id, drv_revenue_date, drv_print_date, drv_closing_date, drv_cash, drv_ticket, drv_cheque, drv_card, drv_unpaid, drv_amount, drv_takeaway) VALUES (1487, TO_DATE('05/11/2004', 'dd/MM/yyyy'), TO_DATE('09/11/2004', 'dd/MM/yyyy'), TO_DATE('09/11/2004', 'dd/MM/yyyy'), 0.0, 0.0, 0.0, 62.5, 0.0, 62.5, true);
INSERT INTO t_vat_revenue (vtr_id, drv_id, vat_id, vtr_amount, vtr_value) VALUES (2973, 1487, 1, 0, 0);
INSERT INTO t_vat_revenue (vtr_id, drv_id, vat_id, vtr_amount, vtr_value) VALUES (2974, 1487, 2, 62.5, 3.2582939);
INSERT INTO t_day_revenue (drv_id, drv_revenue_date, drv_print_date, drv_closing_date, drv_cash, drv_ticket, drv_cheque, drv_card, drv_unpaid, drv_amount, drv_takeaway) VALUES (1488, TO_DATE('05/11/2004', 'dd/MM/yyyy'), TO_DATE('09/11/2004', 'dd/MM/yyyy'), TO_DATE('09/11/2004', 'dd/MM/yyyy'), 20.0, 195.15, 220.75, 1358.1, 0.0, 1794.0, false);
INSERT INTO t_vat_revenue (vtr_id, drv_id, vat_id, vtr_amount, vtr_value) VALUES (2975, 1488, 1, 1794.0, 294.00003);
INSERT INTO t_vat_revenue (vtr_id, drv_id, vat_id, vtr_amount, vtr_value) VALUES (2976, 1488, 2, 0, 0);
INSERT INTO t_day_revenue (drv_id, drv_revenue_date, drv_print_date, drv_closing_date, drv_cash, drv_ticket, drv_cheque, drv_card, drv_unpaid, drv_amount, drv_takeaway) VALUES (1489, TO_DATE('06/11/2004', 'dd/MM/yyyy'), TO_DATE('09/11/2004', 'dd/MM/yyyy'), TO_DATE('09/11/2004', 'dd/MM/yyyy'), 0.0, 0.0, 0.0, 34.0, 0.0, 34.0, true);
INSERT INTO t_vat_revenue (vtr_id, drv_id, vat_id, vtr_amount, vtr_value) VALUES (2977, 1489, 1, 0, 0);
INSERT INTO t_vat_revenue (vtr_id, drv_id, vat_id, vtr_amount, vtr_value) VALUES (2978, 1489, 2, 34.0, 1.7725118);
INSERT INTO t_day_revenue (drv_id, drv_revenue_date, drv_print_date, drv_closing_date, drv_cash, drv_ticket, drv_cheque, drv_card, drv_unpaid, drv_amount, drv_takeaway) VALUES (1490, TO_DATE('06/11/2004', 'dd/MM/yyyy'), TO_DATE('09/11/2004', 'dd/MM/yyyy'), TO_DATE('09/11/2004', 'dd/MM/yyyy'), 23.0, 132.8, 555.0, 1103.7, 0.0, 1814.5, false);
INSERT INTO t_vat_revenue (vtr_id, drv_id, vat_id, vtr_amount, vtr_value) VALUES (2979, 1490, 1, 1814.5, 297.35953);
INSERT INTO t_vat_revenue (vtr_id, drv_id, vat_id, vtr_amount, vtr_value) VALUES (2980, 1490, 2, 0, 0);
INSERT INTO t_day_revenue (drv_id, drv_revenue_date, drv_print_date, drv_closing_date, drv_cash, drv_ticket, drv_cheque, drv_card, drv_unpaid, drv_amount, drv_takeaway) VALUES (1491, TO_DATE('07/11/2004', 'dd/MM/yyyy'), TO_DATE('09/11/2004', 'dd/MM/yyyy'), TO_DATE('09/11/2004', 'dd/MM/yyyy'), 0.0, 0.0, 17.5, 113.0, 0.0, 130.5, true);
INSERT INTO t_vat_revenue (vtr_id, drv_id, vat_id, vtr_amount, vtr_value) VALUES (2981, 1491, 1, 0, 0);
INSERT INTO t_vat_revenue (vtr_id, drv_id, vat_id, vtr_amount, vtr_value) VALUES (2982, 1491, 2, 130.5, 6.8033175);
INSERT INTO t_day_revenue (drv_id, drv_revenue_date, drv_print_date, drv_closing_date, drv_cash, drv_ticket, drv_cheque, drv_card, drv_unpaid, drv_amount, drv_takeaway) VALUES (1492, TO_DATE('07/11/2004', 'dd/MM/yyyy'), TO_DATE('09/11/2004', 'dd/MM/yyyy'), TO_DATE('09/11/2004', 'dd/MM/yyyy'), 22.5, 293.2, 821.0, 701.8, 0.0, 1838.5, false);
INSERT INTO t_vat_revenue (vtr_id, drv_id, vat_id, vtr_amount, vtr_value) VALUES (2983, 1492, 1, 1838.5, 301.29266);
INSERT INTO t_vat_revenue (vtr_id, drv_id, vat_id, vtr_amount, vtr_value) VALUES (2984, 1492, 2, 0, 0);
INSERT INTO t_day_revenue (drv_id, drv_revenue_date, drv_print_date, drv_closing_date, drv_cash, drv_ticket, drv_cheque, drv_card, drv_unpaid, drv_amount, drv_takeaway) VALUES (1493, TO_DATE('09/11/2004', 'dd/MM/yyyy'), TO_DATE('30/11/2004', 'dd/MM/yyyy'), TO_DATE('30/11/2004', 'dd/MM/yyyy'), 0.0, 0.0, 0.0, 36.5, 0.0, 36.5, true);
INSERT INTO t_vat_revenue (vtr_id, drv_id, vat_id, vtr_amount, vtr_value) VALUES (2985, 1493, 1, 0, 0);
INSERT INTO t_vat_revenue (vtr_id, drv_id, vat_id, vtr_amount, vtr_value) VALUES (2986, 1493, 2, 36.5, 1.9028436);
INSERT INTO t_day_revenue (drv_id, drv_revenue_date, drv_print_date, drv_closing_date, drv_cash, drv_ticket, drv_cheque, drv_card, drv_unpaid, drv_amount, drv_takeaway) VALUES (1494, TO_DATE('09/11/2004', 'dd/MM/yyyy'), TO_DATE('30/11/2004', 'dd/MM/yyyy'), TO_DATE('30/11/2004', 'dd/MM/yyyy'), 11.7, 33.8, 37.5, 483.0, 0.0, 566.0, false);
INSERT INTO t_vat_revenue (vtr_id, drv_id, vat_id, vtr_amount, vtr_value) VALUES (2987, 1494, 1, 566.0, 92.75586);
INSERT INTO t_vat_revenue (vtr_id, drv_id, vat_id, vtr_amount, vtr_value) VALUES (2988, 1494, 2, 0, 0);
INSERT INTO t_day_revenue (drv_id, drv_revenue_date, drv_print_date, drv_closing_date, drv_cash, drv_ticket, drv_cheque, drv_card, drv_unpaid, drv_amount, drv_takeaway) VALUES (1495, TO_DATE('10/11/2004', 'dd/MM/yyyy'), TO_DATE('30/11/2004', 'dd/MM/yyyy'), TO_DATE('30/11/2004', 'dd/MM/yyyy'), 0.0, 0.0, 0.0, 8.5, 0.0, 8.5, true);
INSERT INTO t_vat_revenue (vtr_id, drv_id, vat_id, vtr_amount, vtr_value) VALUES (2989, 1495, 1, 0, 0);
INSERT INTO t_vat_revenue (vtr_id, drv_id, vat_id, vtr_amount, vtr_value) VALUES (2990, 1495, 2, 8.5, 0.44312796);
INSERT INTO t_day_revenue (drv_id, drv_revenue_date, drv_print_date, drv_closing_date, drv_cash, drv_ticket, drv_cheque, drv_card, drv_unpaid, drv_amount, drv_takeaway) VALUES (1496, TO_DATE('10/11/2004', 'dd/MM/yyyy'), TO_DATE('30/11/2004', 'dd/MM/yyyy'), TO_DATE('30/11/2004', 'dd/MM/yyyy'), 21.5, 44.3, 248.02, 1010.68, 0.0, 1324.5, false);
INSERT INTO t_vat_revenue (vtr_id, drv_id, vat_id, vtr_amount, vtr_value) VALUES (2991, 1496, 1, 1324.5, 217.05855);
INSERT INTO t_vat_revenue (vtr_id, drv_id, vat_id, vtr_amount, vtr_value) VALUES (2992, 1496, 2, 0, 0);
INSERT INTO t_day_revenue (drv_id, drv_revenue_date, drv_print_date, drv_closing_date, drv_cash, drv_ticket, drv_cheque, drv_card, drv_unpaid, drv_amount, drv_takeaway) VALUES (1497, TO_DATE('11/11/2004', 'dd/MM/yyyy'), TO_DATE('30/11/2004', 'dd/MM/yyyy'), TO_DATE('30/11/2004', 'dd/MM/yyyy'), 0.0, 0.0, 0.0, 15.5, 0.0, 15.5, true);
INSERT INTO t_vat_revenue (vtr_id, drv_id, vat_id, vtr_amount, vtr_value) VALUES (2993, 1497, 1, 0, 0);
INSERT INTO t_vat_revenue (vtr_id, drv_id, vat_id, vtr_amount, vtr_value) VALUES (2994, 1497, 2, 15.5, 0.8080569);
INSERT INTO t_day_revenue (drv_id, drv_revenue_date, drv_print_date, drv_closing_date, drv_cash, drv_ticket, drv_cheque, drv_card, drv_unpaid, drv_amount, drv_takeaway) VALUES (1498, TO_DATE('11/11/2004', 'dd/MM/yyyy'), TO_DATE('30/11/2004', 'dd/MM/yyyy'), TO_DATE('30/11/2004', 'dd/MM/yyyy'), 46.0, 76.5, 473.0, 1110.5, 0.0, 1706.0, false);
INSERT INTO t_vat_revenue (vtr_id, drv_id, vat_id, vtr_amount, vtr_value) VALUES (2995, 1498, 1, 1706.0, 279.5786);
INSERT INTO t_vat_revenue (vtr_id, drv_id, vat_id, vtr_amount, vtr_value) VALUES (2996, 1498, 2, 0, 0);
INSERT INTO t_day_revenue (drv_id, drv_revenue_date, drv_print_date, drv_closing_date, drv_cash, drv_ticket, drv_cheque, drv_card, drv_unpaid, drv_amount, drv_takeaway) VALUES (1499, TO_DATE('12/11/2004', 'dd/MM/yyyy'), TO_DATE('30/11/2004', 'dd/MM/yyyy'), TO_DATE('30/11/2004', 'dd/MM/yyyy'), 0.0, 0.0, 37.5, 48.5, 0.0, 86.0, true);
INSERT INTO t_vat_revenue (vtr_id, drv_id, vat_id, vtr_amount, vtr_value) VALUES (2997, 1499, 1, 0, 0);
INSERT INTO t_vat_revenue (vtr_id, drv_id, vat_id, vtr_amount, vtr_value) VALUES (2998, 1499, 2, 86.0, 4.4834123);
INSERT INTO t_day_revenue (drv_id, drv_revenue_date, drv_print_date, drv_closing_date, drv_cash, drv_ticket, drv_cheque, drv_card, drv_unpaid, drv_amount, drv_takeaway) VALUES (1500, TO_DATE('12/11/2004', 'dd/MM/yyyy'), TO_DATE('30/11/2004', 'dd/MM/yyyy'), TO_DATE('30/11/2004', 'dd/MM/yyyy'), 17.0, 37.51, 154.0, 1254.49, 0.0, 1463.0, false);
INSERT INTO t_vat_revenue (vtr_id, drv_id, vat_id, vtr_amount, vtr_value) VALUES (2999, 1500, 1, 1463.0, 239.75586);
INSERT INTO t_vat_revenue (vtr_id, drv_id, vat_id, vtr_amount, vtr_value) VALUES (3000, 1500, 2, 0, 0);
INSERT INTO t_day_revenue (drv_id, drv_revenue_date, drv_print_date, drv_closing_date, drv_cash, drv_ticket, drv_cheque, drv_card, drv_unpaid, drv_amount, drv_takeaway) VALUES (1501, TO_DATE('13/11/2004', 'dd/MM/yyyy'), TO_DATE('30/11/2004', 'dd/MM/yyyy'), TO_DATE('30/11/2004', 'dd/MM/yyyy'), 0.0, 0.0, 27.5, 0.0, 0.0, 27.5, true);
INSERT INTO t_vat_revenue (vtr_id, drv_id, vat_id, vtr_amount, vtr_value) VALUES (3001, 1501, 1, 0, 0);
INSERT INTO t_vat_revenue (vtr_id, drv_id, vat_id, vtr_amount, vtr_value) VALUES (3002, 1501, 2, 27.5, 1.4336493);
INSERT INTO t_day_revenue (drv_id, drv_revenue_date, drv_print_date, drv_closing_date, drv_cash, drv_ticket, drv_cheque, drv_card, drv_unpaid, drv_amount, drv_takeaway) VALUES (1502, TO_DATE('13/11/2004', 'dd/MM/yyyy'), TO_DATE('30/11/2004', 'dd/MM/yyyy'), TO_DATE('30/11/2004', 'dd/MM/yyyy'), 60.0, 112.0, 1111.5, 642.5, 0.0, 1926.0, false);
INSERT INTO t_vat_revenue (vtr_id, drv_id, vat_id, vtr_amount, vtr_value) VALUES (3003, 1502, 1, 1926.0, 315.6321);
INSERT INTO t_vat_revenue (vtr_id, drv_id, vat_id, vtr_amount, vtr_value) VALUES (3004, 1502, 2, 0, 0);
INSERT INTO t_day_revenue (drv_id, drv_revenue_date, drv_print_date, drv_closing_date, drv_cash, drv_ticket, drv_cheque, drv_card, drv_unpaid, drv_amount, drv_takeaway) VALUES (1503, TO_DATE('14/11/2004', 'dd/MM/yyyy'), TO_DATE('30/11/2004', 'dd/MM/yyyy'), TO_DATE('30/11/2004', 'dd/MM/yyyy'), 0.0, 0.0, 17.5, 156.0, 0.0, 173.5, true);
INSERT INTO t_vat_revenue (vtr_id, drv_id, vat_id, vtr_amount, vtr_value) VALUES (3005, 1503, 1, 0, 0);
INSERT INTO t_vat_revenue (vtr_id, drv_id, vat_id, vtr_amount, vtr_value) VALUES (3006, 1503, 2, 173.5, 9.045024);
INSERT INTO t_day_revenue (drv_id, drv_revenue_date, drv_print_date, drv_closing_date, drv_cash, drv_ticket, drv_cheque, drv_card, drv_unpaid, drv_amount, drv_takeaway) VALUES (1504, TO_DATE('14/11/2004', 'dd/MM/yyyy'), TO_DATE('30/11/2004', 'dd/MM/yyyy'), TO_DATE('30/11/2004', 'dd/MM/yyyy'), 21.5, 128.0, 229.5, 475.5, 0.0, 854.5, false);
INSERT INTO t_vat_revenue (vtr_id, drv_id, vat_id, vtr_amount, vtr_value) VALUES (3007, 1504, 1, 854.5, 140.03513);
INSERT INTO t_vat_revenue (vtr_id, drv_id, vat_id, vtr_amount, vtr_value) VALUES (3008, 1504, 2, 0, 0);
INSERT INTO t_day_revenue (drv_id, drv_revenue_date, drv_print_date, drv_closing_date, drv_cash, drv_ticket, drv_cheque, drv_card, drv_unpaid, drv_amount, drv_takeaway) VALUES (1505, TO_DATE('16/11/2004', 'dd/MM/yyyy'), TO_DATE('30/11/2004', 'dd/MM/yyyy'), TO_DATE('30/11/2004', 'dd/MM/yyyy'), 0.0, 0.0, 0.0, 130.0, 0.0, 130.0, true);
INSERT INTO t_vat_revenue (vtr_id, drv_id, vat_id, vtr_amount, vtr_value) VALUES (3009, 1505, 1, 0, 0);
INSERT INTO t_vat_revenue (vtr_id, drv_id, vat_id, vtr_amount, vtr_value) VALUES (3010, 1505, 2, 130.0, 6.7772512);
INSERT INTO t_day_revenue (drv_id, drv_revenue_date, drv_print_date, drv_closing_date, drv_cash, drv_ticket, drv_cheque, drv_card, drv_unpaid, drv_amount, drv_takeaway) VALUES (1506, TO_DATE('16/11/2004', 'dd/MM/yyyy'), TO_DATE('30/11/2004', 'dd/MM/yyyy'), TO_DATE('30/11/2004', 'dd/MM/yyyy'), 27.9, 65.15, 199.7, 587.75, 0.0, 880.5, false);
INSERT INTO t_vat_revenue (vtr_id, drv_id, vat_id, vtr_amount, vtr_value) VALUES (3011, 1506, 1, 880.5, 144.29599);
INSERT INTO t_vat_revenue (vtr_id, drv_id, vat_id, vtr_amount, vtr_value) VALUES (3012, 1506, 2, 0, 0);
INSERT INTO t_day_revenue (drv_id, drv_revenue_date, drv_print_date, drv_closing_date, drv_cash, drv_ticket, drv_cheque, drv_card, drv_unpaid, drv_amount, drv_takeaway) VALUES (1507, TO_DATE('17/11/2004', 'dd/MM/yyyy'), TO_DATE('30/11/2004', 'dd/MM/yyyy'), TO_DATE('30/11/2004', 'dd/MM/yyyy'), 25.0, 0.0, 0.0, 90.5, 0.0, 115.5, true);
INSERT INTO t_vat_revenue (vtr_id, drv_id, vat_id, vtr_amount, vtr_value) VALUES (3013, 1507, 1, 0, 0);
INSERT INTO t_vat_revenue (vtr_id, drv_id, vat_id, vtr_amount, vtr_value) VALUES (3014, 1507, 2, 115.5, 6.021327);
INSERT INTO t_day_revenue (drv_id, drv_revenue_date, drv_print_date, drv_closing_date, drv_cash, drv_ticket, drv_cheque, drv_card, drv_unpaid, drv_amount, drv_takeaway) VALUES (1508, TO_DATE('17/11/2004', 'dd/MM/yyyy'), TO_DATE('30/11/2004', 'dd/MM/yyyy'), TO_DATE('30/11/2004', 'dd/MM/yyyy'), 10.0, 61.0, 0.0, 449.5, 0.0, 520.5, false);
INSERT INTO t_vat_revenue (vtr_id, drv_id, vat_id, vtr_amount, vtr_value) VALUES (3015, 1508, 1, 520.5, 85.29933);
INSERT INTO t_vat_revenue (vtr_id, drv_id, vat_id, vtr_amount, vtr_value) VALUES (3016, 1508, 2, 0, 0);
INSERT INTO t_day_revenue (drv_id, drv_revenue_date, drv_print_date, drv_closing_date, drv_cash, drv_ticket, drv_cheque, drv_card, drv_unpaid, drv_amount, drv_takeaway) VALUES (1509, TO_DATE('18/11/2004', 'dd/MM/yyyy'), TO_DATE('30/11/2004', 'dd/MM/yyyy'), TO_DATE('30/11/2004', 'dd/MM/yyyy'), 0.0, 0.0, 0.0, 0.0, 0.0, 0.0, true);
INSERT INTO t_vat_revenue (vtr_id, drv_id, vat_id, vtr_amount, vtr_value) VALUES (3017, 1509, 1, 0, 0);
INSERT INTO t_vat_revenue (vtr_id, drv_id, vat_id, vtr_amount, vtr_value) VALUES (3018, 1509, 2, 0.0, 0.0);
INSERT INTO t_day_revenue (drv_id, drv_revenue_date, drv_print_date, drv_closing_date, drv_cash, drv_ticket, drv_cheque, drv_card, drv_unpaid, drv_amount, drv_takeaway) VALUES (1510, TO_DATE('18/11/2004', 'dd/MM/yyyy'), TO_DATE('30/11/2004', 'dd/MM/yyyy'), TO_DATE('30/11/2004', 'dd/MM/yyyy'), 13.5, 108.0, 126.0, 584.5, 0.0, 832.0, false);
INSERT INTO t_vat_revenue (vtr_id, drv_id, vat_id, vtr_amount, vtr_value) VALUES (3019, 1510, 1, 832.0, 136.34782);
INSERT INTO t_vat_revenue (vtr_id, drv_id, vat_id, vtr_amount, vtr_value) VALUES (3020, 1510, 2, 0, 0);
INSERT INTO t_day_revenue (drv_id, drv_revenue_date, drv_print_date, drv_closing_date, drv_cash, drv_ticket, drv_cheque, drv_card, drv_unpaid, drv_amount, drv_takeaway) VALUES (1511, TO_DATE('19/11/2004', 'dd/MM/yyyy'), TO_DATE('30/11/2004', 'dd/MM/yyyy'), TO_DATE('30/11/2004', 'dd/MM/yyyy'), 0.0, 0.0, 0.0, 0.0, 0.0, 0.0, true);
INSERT INTO t_vat_revenue (vtr_id, drv_id, vat_id, vtr_amount, vtr_value) VALUES (3021, 1511, 1, 0, 0);
INSERT INTO t_vat_revenue (vtr_id, drv_id, vat_id, vtr_amount, vtr_value) VALUES (3022, 1511, 2, 0.0, 0.0);
INSERT INTO t_day_revenue (drv_id, drv_revenue_date, drv_print_date, drv_closing_date, drv_cash, drv_ticket, drv_cheque, drv_card, drv_unpaid, drv_amount, drv_takeaway) VALUES (1512, TO_DATE('19/11/2004', 'dd/MM/yyyy'), TO_DATE('30/11/2004', 'dd/MM/yyyy'), TO_DATE('30/11/2004', 'dd/MM/yyyy'), 75.05, 140.62, 408.58, 1000.75, 0.0, 1625.0, false);
INSERT INTO t_vat_revenue (vtr_id, drv_id, vat_id, vtr_amount, vtr_value) VALUES (3023, 1512, 1, 1625.0, 266.30435);
INSERT INTO t_vat_revenue (vtr_id, drv_id, vat_id, vtr_amount, vtr_value) VALUES (3024, 1512, 2, 0, 0);
INSERT INTO t_day_revenue (drv_id, drv_revenue_date, drv_print_date, drv_closing_date, drv_cash, drv_ticket, drv_cheque, drv_card, drv_unpaid, drv_amount, drv_takeaway) VALUES (1513, TO_DATE('20/11/2004', 'dd/MM/yyyy'), TO_DATE('30/11/2004', 'dd/MM/yyyy'), TO_DATE('30/11/2004', 'dd/MM/yyyy'), 0.0, 0.0, 0.0, 34.5, 0.0, 34.5, true);
INSERT INTO t_vat_revenue (vtr_id, drv_id, vat_id, vtr_amount, vtr_value) VALUES (3025, 1513, 1, 0, 0);
INSERT INTO t_vat_revenue (vtr_id, drv_id, vat_id, vtr_amount, vtr_value) VALUES (3026, 1513, 2, 34.5, 1.7985781);
INSERT INTO t_day_revenue (drv_id, drv_revenue_date, drv_print_date, drv_closing_date, drv_cash, drv_ticket, drv_cheque, drv_card, drv_unpaid, drv_amount, drv_takeaway) VALUES (1514, TO_DATE('20/11/2004', 'dd/MM/yyyy'), TO_DATE('30/11/2004', 'dd/MM/yyyy'), TO_DATE('30/11/2004', 'dd/MM/yyyy'), 40.5, 160.4, 348.0, 990.6, 0.0, 1539.5, false);
INSERT INTO t_vat_revenue (vtr_id, drv_id, vat_id, vtr_amount, vtr_value) VALUES (3027, 1514, 1, 1539.5, 252.29265);
INSERT INTO t_vat_revenue (vtr_id, drv_id, vat_id, vtr_amount, vtr_value) VALUES (3028, 1514, 2, 0, 0);
INSERT INTO t_day_revenue (drv_id, drv_revenue_date, drv_print_date, drv_closing_date, drv_cash, drv_ticket, drv_cheque, drv_card, drv_unpaid, drv_amount, drv_takeaway) VALUES (1515, TO_DATE('21/11/2004', 'dd/MM/yyyy'), TO_DATE('30/11/2004', 'dd/MM/yyyy'), TO_DATE('30/11/2004', 'dd/MM/yyyy'), 0.0, 0.0, 0.0, 0.0, 0.0, 0.0, true);
INSERT INTO t_vat_revenue (vtr_id, drv_id, vat_id, vtr_amount, vtr_value) VALUES (3029, 1515, 1, 0, 0);
INSERT INTO t_vat_revenue (vtr_id, drv_id, vat_id, vtr_amount, vtr_value) VALUES (3030, 1515, 2, 0.0, 0.0);
INSERT INTO t_day_revenue (drv_id, drv_revenue_date, drv_print_date, drv_closing_date, drv_cash, drv_ticket, drv_cheque, drv_card, drv_unpaid, drv_amount, drv_takeaway) VALUES (1516, TO_DATE('21/11/2004', 'dd/MM/yyyy'), TO_DATE('30/11/2004', 'dd/MM/yyyy'), TO_DATE('30/11/2004', 'dd/MM/yyyy'), 29.0, 11.0, 140.5, 786.5, 0.0, 967.0, false);
INSERT INTO t_vat_revenue (vtr_id, drv_id, vat_id, vtr_amount, vtr_value) VALUES (3031, 1516, 1, 967.0, 158.47159);
INSERT INTO t_vat_revenue (vtr_id, drv_id, vat_id, vtr_amount, vtr_value) VALUES (3032, 1516, 2, 0, 0);
INSERT INTO t_day_revenue (drv_id, drv_revenue_date, drv_print_date, drv_closing_date, drv_cash, drv_ticket, drv_cheque, drv_card, drv_unpaid, drv_amount, drv_takeaway) VALUES (1517, TO_DATE('23/11/2004', 'dd/MM/yyyy'), TO_DATE('30/11/2004', 'dd/MM/yyyy'), TO_DATE('30/11/2004', 'dd/MM/yyyy'), 0.0, 0.0, 95.5, 16.5, 0.0, 112.0, true);
INSERT INTO t_vat_revenue (vtr_id, drv_id, vat_id, vtr_amount, vtr_value) VALUES (3033, 1517, 1, 0, 0);
INSERT INTO t_vat_revenue (vtr_id, drv_id, vat_id, vtr_amount, vtr_value) VALUES (3034, 1517, 2, 112.0, 5.8388624);
INSERT INTO t_day_revenue (drv_id, drv_revenue_date, drv_print_date, drv_closing_date, drv_cash, drv_ticket, drv_cheque, drv_card, drv_unpaid, drv_amount, drv_takeaway) VALUES (1518, TO_DATE('23/11/2004', 'dd/MM/yyyy'), TO_DATE('30/11/2004', 'dd/MM/yyyy'), TO_DATE('30/11/2004', 'dd/MM/yyyy'), 76.5, 25.5, 234.5, 502.0, 0.0, 838.5, false);
INSERT INTO t_vat_revenue (vtr_id, drv_id, vat_id, vtr_amount, vtr_value) VALUES (3035, 1518, 1, 838.5, 137.41304);
INSERT INTO t_vat_revenue (vtr_id, drv_id, vat_id, vtr_amount, vtr_value) VALUES (3036, 1518, 2, 0, 0);
INSERT INTO t_day_revenue (drv_id, drv_revenue_date, drv_print_date, drv_closing_date, drv_cash, drv_ticket, drv_cheque, drv_card, drv_unpaid, drv_amount, drv_takeaway) VALUES (1519, TO_DATE('24/11/2004', 'dd/MM/yyyy'), TO_DATE('30/11/2004', 'dd/MM/yyyy'), TO_DATE('30/11/2004', 'dd/MM/yyyy'), 0.0, 0.0, 0.0, 205.5, 0.0, 205.5, true);
INSERT INTO t_vat_revenue (vtr_id, drv_id, vat_id, vtr_amount, vtr_value) VALUES (3037, 1519, 1, 0, 0);
INSERT INTO t_vat_revenue (vtr_id, drv_id, vat_id, vtr_amount, vtr_value) VALUES (3038, 1519, 2, 205.5, 10.71327);
INSERT INTO t_day_revenue (drv_id, drv_revenue_date, drv_print_date, drv_closing_date, drv_cash, drv_ticket, drv_cheque, drv_card, drv_unpaid, drv_amount, drv_takeaway) VALUES (1520, TO_DATE('24/11/2004', 'dd/MM/yyyy'), TO_DATE('30/11/2004', 'dd/MM/yyyy'), TO_DATE('30/11/2004', 'dd/MM/yyyy'), 17.4, 96.58, 148.5, 735.02, 0.0, 997.5, false);
INSERT INTO t_vat_revenue (vtr_id, drv_id, vat_id, vtr_amount, vtr_value) VALUES (3039, 1520, 1, 997.5, 163.4699);
INSERT INTO t_vat_revenue (vtr_id, drv_id, vat_id, vtr_amount, vtr_value) VALUES (3040, 1520, 2, 0, 0);
INSERT INTO t_day_revenue (drv_id, drv_revenue_date, drv_print_date, drv_closing_date, drv_cash, drv_ticket, drv_cheque, drv_card, drv_unpaid, drv_amount, drv_takeaway) VALUES (1521, TO_DATE('25/11/2004', 'dd/MM/yyyy'), TO_DATE('30/11/2004', 'dd/MM/yyyy'), TO_DATE('30/11/2004', 'dd/MM/yyyy'), 0.0, 0.0, 0.0, 0.0, 0.0, 0.0, true);
INSERT INTO t_vat_revenue (vtr_id, drv_id, vat_id, vtr_amount, vtr_value) VALUES (3041, 1521, 1, 0, 0);
INSERT INTO t_vat_revenue (vtr_id, drv_id, vat_id, vtr_amount, vtr_value) VALUES (3042, 1521, 2, 0.0, 0.0);
INSERT INTO t_day_revenue (drv_id, drv_revenue_date, drv_print_date, drv_closing_date, drv_cash, drv_ticket, drv_cheque, drv_card, drv_unpaid, drv_amount, drv_takeaway) VALUES (1522, TO_DATE('25/11/2004', 'dd/MM/yyyy'), TO_DATE('30/11/2004', 'dd/MM/yyyy'), TO_DATE('30/11/2004', 'dd/MM/yyyy'), 30.4, 132.6, 57.0, 287.5, 0.0, 507.5, false);
INSERT INTO t_vat_revenue (vtr_id, drv_id, vat_id, vtr_amount, vtr_value) VALUES (3043, 1522, 1, 507.5, 83.1689);
INSERT INTO t_vat_revenue (vtr_id, drv_id, vat_id, vtr_amount, vtr_value) VALUES (3044, 1522, 2, 0, 0);
INSERT INTO t_day_revenue (drv_id, drv_revenue_date, drv_print_date, drv_closing_date, drv_cash, drv_ticket, drv_cheque, drv_card, drv_unpaid, drv_amount, drv_takeaway) VALUES (1523, TO_DATE('26/11/2004', 'dd/MM/yyyy'), TO_DATE('02/12/2004', 'dd/MM/yyyy'), TO_DATE('02/12/2004', 'dd/MM/yyyy'), 0.0, 0.0, 0.0, 37.5, 0.0, 37.5, true);
INSERT INTO t_vat_revenue (vtr_id, drv_id, vat_id, vtr_amount, vtr_value) VALUES (3045, 1523, 1, 0, 0);
INSERT INTO t_vat_revenue (vtr_id, drv_id, vat_id, vtr_amount, vtr_value) VALUES (3046, 1523, 2, 37.5, 1.9549763);
INSERT INTO t_day_revenue (drv_id, drv_revenue_date, drv_print_date, drv_closing_date, drv_cash, drv_ticket, drv_cheque, drv_card, drv_unpaid, drv_amount, drv_takeaway) VALUES (1524, TO_DATE('26/11/2004', 'dd/MM/yyyy'), TO_DATE('02/12/2004', 'dd/MM/yyyy'), TO_DATE('02/12/2004', 'dd/MM/yyyy'), 43.5, 191.12, 373.0, 817.38, 0.0, 1425.0, false);
INSERT INTO t_vat_revenue (vtr_id, drv_id, vat_id, vtr_amount, vtr_value) VALUES (3047, 1524, 1, 1425.0, 233.52843);
INSERT INTO t_vat_revenue (vtr_id, drv_id, vat_id, vtr_amount, vtr_value) VALUES (3048, 1524, 2, 0, 0);
INSERT INTO t_day_revenue (drv_id, drv_revenue_date, drv_print_date, drv_closing_date, drv_cash, drv_ticket, drv_cheque, drv_card, drv_unpaid, drv_amount, drv_takeaway) VALUES (1525, TO_DATE('27/11/2004', 'dd/MM/yyyy'), TO_DATE('02/12/2004', 'dd/MM/yyyy'), TO_DATE('02/12/2004', 'dd/MM/yyyy'), 0.0, 0.0, 0.0, 79.0, 0.0, 79.0, true);
INSERT INTO t_vat_revenue (vtr_id, drv_id, vat_id, vtr_amount, vtr_value) VALUES (3049, 1525, 1, 0, 0);
INSERT INTO t_vat_revenue (vtr_id, drv_id, vat_id, vtr_amount, vtr_value) VALUES (3050, 1525, 2, 79.0, 4.1184835);
INSERT INTO t_day_revenue (drv_id, drv_revenue_date, drv_print_date, drv_closing_date, drv_cash, drv_ticket, drv_cheque, drv_card, drv_unpaid, drv_amount, drv_takeaway) VALUES (1526, TO_DATE('27/11/2004', 'dd/MM/yyyy'), TO_DATE('02/12/2004', 'dd/MM/yyyy'), TO_DATE('02/12/2004', 'dd/MM/yyyy'), 18.5, 71.5, 314.75, 863.25, 0.0, 1268.0, false);
INSERT INTO t_vat_revenue (vtr_id, drv_id, vat_id, vtr_amount, vtr_value) VALUES (3051, 1526, 1, 1268.0, 207.79935);
INSERT INTO t_vat_revenue (vtr_id, drv_id, vat_id, vtr_amount, vtr_value) VALUES (3052, 1526, 2, 0, 0);
INSERT INTO t_day_revenue (drv_id, drv_revenue_date, drv_print_date, drv_closing_date, drv_cash, drv_ticket, drv_cheque, drv_card, drv_unpaid, drv_amount, drv_takeaway) VALUES (1527, TO_DATE('28/11/2004', 'dd/MM/yyyy'), TO_DATE('02/12/2004', 'dd/MM/yyyy'), TO_DATE('02/12/2004', 'dd/MM/yyyy'), 0.0, 0.0, 0.0, 132.5, 0.0, 132.5, true);
INSERT INTO t_vat_revenue (vtr_id, drv_id, vat_id, vtr_amount, vtr_value) VALUES (3053, 1527, 1, 0, 0);
INSERT INTO t_vat_revenue (vtr_id, drv_id, vat_id, vtr_amount, vtr_value) VALUES (3054, 1527, 2, 132.5, 6.9075828);
INSERT INTO t_day_revenue (drv_id, drv_revenue_date, drv_print_date, drv_closing_date, drv_cash, drv_ticket, drv_cheque, drv_card, drv_unpaid, drv_amount, drv_takeaway) VALUES (1528, TO_DATE('28/11/2004', 'dd/MM/yyyy'), TO_DATE('02/12/2004', 'dd/MM/yyyy'), TO_DATE('02/12/2004', 'dd/MM/yyyy'), 35.0, 23.5, 156.5, 841.5, 0.0, 1056.5, false);
INSERT INTO t_vat_revenue (vtr_id, drv_id, vat_id, vtr_amount, vtr_value) VALUES (3055, 1528, 1, 1056.5, 173.1388);
INSERT INTO t_vat_revenue (vtr_id, drv_id, vat_id, vtr_amount, vtr_value) VALUES (3056, 1528, 2, 0, 0);
INSERT INTO t_day_revenue (drv_id, drv_revenue_date, drv_print_date, drv_closing_date, drv_cash, drv_ticket, drv_cheque, drv_card, drv_unpaid, drv_amount, drv_takeaway) VALUES (1529, TO_DATE('30/11/2004', 'dd/MM/yyyy'), TO_DATE('02/12/2004', 'dd/MM/yyyy'), TO_DATE('02/12/2004', 'dd/MM/yyyy'), 0.0, 0.0, 0.0, 0.0, 0.0, 0.0, true);
INSERT INTO t_vat_revenue (vtr_id, drv_id, vat_id, vtr_amount, vtr_value) VALUES (3057, 1529, 1, 0, 0);
INSERT INTO t_vat_revenue (vtr_id, drv_id, vat_id, vtr_amount, vtr_value) VALUES (3058, 1529, 2, 0.0, 0.0);
INSERT INTO t_day_revenue (drv_id, drv_revenue_date, drv_print_date, drv_closing_date, drv_cash, drv_ticket, drv_cheque, drv_card, drv_unpaid, drv_amount, drv_takeaway) VALUES (1530, TO_DATE('30/11/2004', 'dd/MM/yyyy'), TO_DATE('02/12/2004', 'dd/MM/yyyy'), TO_DATE('02/12/2004', 'dd/MM/yyyy'), 25.5, 87.0, 230.0, 599.5, 0.0, 942.0, false);
INSERT INTO t_vat_revenue (vtr_id, drv_id, vat_id, vtr_amount, vtr_value) VALUES (3059, 1530, 1, 942.0, 154.37459);
INSERT INTO t_vat_revenue (vtr_id, drv_id, vat_id, vtr_amount, vtr_value) VALUES (3060, 1530, 2, 0, 0);
INSERT INTO t_day_revenue (drv_id, drv_revenue_date, drv_print_date, drv_closing_date, drv_cash, drv_ticket, drv_cheque, drv_card, drv_unpaid, drv_amount, drv_takeaway) VALUES (1531, TO_DATE('01/12/2004', 'dd/MM/yyyy'), TO_DATE('02/12/2004', 'dd/MM/yyyy'), null, 0.0, 0.0, 0.0, 0.0, 0.0, 0.0, true);
INSERT INTO t_vat_revenue (vtr_id, drv_id, vat_id, vtr_amount, vtr_value) VALUES (3061, 1531, 1, 0, 0);
INSERT INTO t_vat_revenue (vtr_id, drv_id, vat_id, vtr_amount, vtr_value) VALUES (3062, 1531, 2, 0.0, 0.0);
INSERT INTO t_day_revenue (drv_id, drv_revenue_date, drv_print_date, drv_closing_date, drv_cash, drv_ticket, drv_cheque, drv_card, drv_unpaid, drv_amount, drv_takeaway) VALUES (1532, TO_DATE('01/12/2004', 'dd/MM/yyyy'), TO_DATE('02/12/2004', 'dd/MM/yyyy'), null, 30.0, 67.15, 107.25, 529.5, 0.0, 733.9, false);
INSERT INTO t_vat_revenue (vtr_id, drv_id, vat_id, vtr_amount, vtr_value) VALUES (3063, 1532, 1, 733.9, 120.27124);
INSERT INTO t_vat_revenue (vtr_id, drv_id, vat_id, vtr_amount, vtr_value) VALUES (3064, 1532, 2, 0, 0);
